ego_id,feature_index,feature_name
0,0,birthday;anonymized feature 0
0,1,birthday;anonymized feature 1
0,2,birthday;anonymized feature 2
0,3,birthday;anonymized feature 3
0,4,birthday;anonymized feature 4
0,5,birthday;anonymized feature 5
0,6,birthday;anonymized feature 6
0,7,birthday;anonymized feature 7
0,8,education;classes;id;anonymized feature 8
0,9,education;classes;id;anonymized feature 9
0,10,education;classes;id;anonymized feature 10
0,11,education;classes;id;anonymized feature 11
0,12,education;classes;id;anonymized feature 12
0,13,education;concentration;id;anonymized feature 13
0,14,education;concentration;id;anonymized feature 14
0,15,education;concentration;id;anonymized feature 15
0,16,education;concentration;id;anonymized feature 16
0,17,education;concentration;id;anonymized feature 17
0,18,education;concentration;id;anonymized feature 18
0,19,education;concentration;id;anonymized feature 19
0,20,education;degree;id;anonymized feature 20
0,21,education;degree;id;anonymized feature 21
0,22,education;degree;id;anonymized feature 22
0,23,education;degree;id;anonymized feature 23
0,24,education;school;id;anonymized feature 24
0,25,education;school;id;anonymized feature 25
0,26,education;school;id;anonymized feature 26
0,27,education;school;id;anonymized feature 27
0,28,education;school;id;anonymized feature 28
0,29,education;school;id;anonymized feature 29
0,30,education;school;id;anonymized feature 30
0,31,education;school;id;anonymized feature 31
0,32,education;school;id;anonymized feature 32
0,33,education;school;id;anonymized feature 33
0,34,education;school;id;anonymized feature 34
0,35,education;school;id;anonymized feature 35
0,36,education;school;id;anonymized feature 36
0,37,education;school;id;anonymized feature 37
0,38,education;school;id;anonymized feature 38
0,39,education;school;id;anonymized feature 39
0,40,education;school;id;anonymized feature 40
0,41,education;school;id;anonymized feature 41
0,42,education;school;id;anonymized feature 42
0,43,education;school;id;anonymized feature 43
0,44,education;school;id;anonymized feature 44
0,45,education;school;id;anonymized feature 45
0,46,education;school;id;anonymized feature 46
0,47,education;school;id;anonymized feature 47
0,48,education;school;id;anonymized feature 48
0,49,education;school;id;anonymized feature 49
0,50,education;school;id;anonymized feature 50
0,51,education;school;id;anonymized feature 51
0,52,education;school;id;anonymized feature 52
0,53,education;type;anonymized feature 53
0,54,education;type;anonymized feature 54
0,55,education;type;anonymized feature 55
0,56,education;with;id;anonymized feature 56
0,57,education;year;id;anonymized feature 57
0,58,education;year;id;anonymized feature 58
0,59,education;year;id;anonymized feature 59
0,60,education;year;id;anonymized feature 60
0,61,education;year;id;anonymized feature 61
0,62,education;year;id;anonymized feature 62
0,63,education;year;id;anonymized feature 63
0,64,education;year;id;anonymized feature 64
0,65,education;year;id;anonymized feature 65
0,66,education;year;id;anonymized feature 66
0,67,education;year;id;anonymized feature 67
0,68,education;year;id;anonymized feature 68
0,69,education;year;id;anonymized feature 69
0,70,education;year;id;anonymized feature 70
0,71,education;year;id;anonymized feature 71
0,72,education;year;id;anonymized feature 72
0,73,first_name;anonymized feature 73
0,74,first_name;anonymized feature 74
0,75,first_name;anonymized feature 75
0,76,first_name;anonymized feature 76
0,77,gender;anonymized feature 77
0,78,gender;anonymized feature 78
0,79,hometown;id;anonymized feature 79
0,80,hometown;id;anonymized feature 80
0,81,hometown;id;anonymized feature 81
0,82,hometown;id;anonymized feature 82
0,83,hometown;id;anonymized feature 83
0,84,hometown;id;anonymized feature 84
0,85,hometown;id;anonymized feature 85
0,86,hometown;id;anonymized feature 86
0,87,hometown;id;anonymized feature 87
0,88,hometown;id;anonymized feature 88
0,89,hometown;id;anonymized feature 89
0,90,languages;id;anonymized feature 90
0,91,languages;id;anonymized feature 91
0,92,languages;id;anonymized feature 92
0,93,languages;id;anonymized feature 93
0,94,languages;id;anonymized feature 94
0,95,languages;id;anonymized feature 95
0,96,languages;id;anonymized feature 96
0,97,languages;id;anonymized feature 97
0,98,languages;id;anonymized feature 98
0,99,languages;id;anonymized feature 99
0,100,languages;id;anonymized feature 100
0,101,languages;id;anonymized feature 101
0,102,languages;id;anonymized feature 102
0,103,languages;id;anonymized feature 103
0,104,last_name;anonymized feature 104
0,105,last_name;anonymized feature 105
0,106,last_name;anonymized feature 106
0,107,last_name;anonymized feature 107
0,108,last_name;anonymized feature 108
0,109,last_name;anonymized feature 109
0,110,last_name;anonymized feature 110
0,111,last_name;anonymized feature 111
0,112,last_name;anonymized feature 112
0,113,last_name;anonymized feature 113
0,114,last_name;anonymized feature 114
0,115,last_name;anonymized feature 115
0,116,last_name;anonymized feature 116
0,117,last_name;anonymized feature 117
0,118,last_name;anonymized feature 118
0,119,last_name;anonymized feature 119
0,120,last_name;anonymized feature 120
0,121,last_name;anonymized feature 121
0,122,last_name;anonymized feature 122
0,123,last_name;anonymized feature 123
0,124,last_name;anonymized feature 124
0,125,locale;anonymized feature 125
0,126,locale;anonymized feature 126
0,127,locale;anonymized feature 127
0,128,location;id;anonymized feature 128
0,129,location;id;anonymized feature 129
0,130,location;id;anonymized feature 130
0,131,location;id;anonymized feature 131
0,132,location;id;anonymized feature 132
0,133,location;id;anonymized feature 133
0,134,location;id;anonymized feature 134
0,135,location;id;anonymized feature 135
0,136,location;id;anonymized feature 136
0,137,location;id;anonymized feature 88
0,138,location;id;anonymized feature 137
0,139,location;id;anonymized feature 138
0,140,work;employer;id;anonymized feature 139
0,141,work;employer;id;anonymized feature 140
0,142,work;employer;id;anonymized feature 141
0,143,work;employer;id;anonymized feature 142
0,144,work;employer;id;anonymized feature 143
0,145,work;employer;id;anonymized feature 144
0,146,work;employer;id;anonymized feature 145
0,147,work;employer;id;anonymized feature 146
0,148,work;employer;id;anonymized feature 147
0,149,work;employer;id;anonymized feature 50
0,150,work;employer;id;anonymized feature 148
0,151,work;employer;id;anonymized feature 149
0,152,work;employer;id;anonymized feature 150
0,153,work;employer;id;anonymized feature 151
0,154,work;employer;id;anonymized feature 152
0,155,work;employer;id;anonymized feature 153
0,156,work;employer;id;anonymized feature 52
0,157,work;employer;id;anonymized feature 154
0,158,work;employer;id;anonymized feature 155
0,159,work;employer;id;anonymized feature 156
0,160,work;end_date;anonymized feature 157
0,161,work;end_date;anonymized feature 158
0,162,work;end_date;anonymized feature 159
0,163,work;end_date;anonymized feature 160
0,164,work;end_date;anonymized feature 161
0,165,work;end_date;anonymized feature 162
0,166,work;end_date;anonymized feature 163
0,167,work;end_date;anonymized feature 164
0,168,work;end_date;anonymized feature 165
0,169,work;end_date;anonymized feature 166
0,170,work;end_date;anonymized feature 167
0,171,work;end_date;anonymized feature 168
0,172,work;end_date;anonymized feature 169
0,173,work;end_date;anonymized feature 170
0,174,work;end_date;anonymized feature 171
0,175,work;end_date;anonymized feature 172
0,176,work;location;id;anonymized feature 129
0,177,work;location;id;anonymized feature 173
0,178,work;location;id;anonymized feature 174
0,179,work;location;id;anonymized feature 132
0,180,work;location;id;anonymized feature 175
0,181,work;location;id;anonymized feature 176
0,182,work;location;id;anonymized feature 177
0,183,work;location;id;anonymized feature 178
0,184,work;location;id;anonymized feature 179
0,185,work;location;id;anonymized feature 137
0,186,work;location;id;anonymized feature 180
0,187,work;location;id;anonymized feature 138
0,188,work;position;id;anonymized feature 181
0,189,work;position;id;anonymized feature 182
0,190,work;position;id;anonymized feature 183
0,191,work;position;id;anonymized feature 184
0,192,work;position;id;anonymized feature 185
0,193,work;position;id;anonymized feature 186
0,194,work;position;id;anonymized feature 187
0,195,work;position;id;anonymized feature 188
0,196,work;position;id;anonymized feature 189
0,197,work;position;id;anonymized feature 190
0,198,work;position;id;anonymized feature 191
0,199,work;position;id;anonymized feature 192
0,200,work;position;id;anonymized feature 193
0,201,work;start_date;anonymized feature 157
0,202,work;start_date;anonymized feature 194
0,203,work;start_date;anonymized feature 195
0,204,work;start_date;anonymized feature 158
0,205,work;start_date;anonymized feature 196
0,206,work;start_date;anonymized feature 160
0,207,work;start_date;anonymized feature 197
0,208,work;start_date;anonymized feature 162
0,209,work;start_date;anonymized feature 198
0,210,work;start_date;anonymized feature 164
0,211,work;start_date;anonymized feature 199
0,212,work;start_date;anonymized feature 165
0,213,work;start_date;anonymized feature 166
0,214,work;start_date;anonymized feature 200
0,215,work;start_date;anonymized feature 201
0,216,work;start_date;anonymized feature 168
0,217,work;start_date;anonymized feature 202
0,218,work;start_date;anonymized feature 169
0,219,work;start_date;anonymized feature 170
0,220,work;start_date;anonymized feature 171
0,221,work;start_date;anonymized feature 203
0,222,work;start_date;anonymized feature 204
0,223,work;with;id;anonymized feature 205
107,0,birthday;anonymized feature 376
107,1,birthday;anonymized feature 0
107,2,birthday;anonymized feature 1
107,3,birthday;anonymized feature 209
107,4,birthday;anonymized feature 2
107,5,birthday;anonymized feature 3
107,6,birthday;anonymized feature 210
107,7,birthday;anonymized feature 4
107,8,birthday;anonymized feature 5
107,9,birthday;anonymized feature 6
107,10,birthday;anonymized feature 7
107,11,birthday;anonymized feature 377
107,12,birthday;anonymized feature 378
107,13,birthday;anonymized feature 379
107,14,birthday;anonymized feature 380
107,15,birthday;anonymized feature 381
107,16,birthday;anonymized feature 382
107,17,education;concentration;id;anonymized feature 383
107,18,education;concentration;id;anonymized feature 13
107,19,education;concentration;id;anonymized feature 384
107,20,education;concentration;id;anonymized feature 213
107,21,education;concentration;id;anonymized feature 385
107,22,education;concentration;id;anonymized feature 386
107,23,education;concentration;id;anonymized feature 14
107,24,education;concentration;id;anonymized feature 387
107,25,education;concentration;id;anonymized feature 388
107,26,education;concentration;id;anonymized feature 15
107,27,education;concentration;id;anonymized feature 389
107,28,education;concentration;id;anonymized feature 390
107,29,education;concentration;id;anonymized feature 391
107,30,education;concentration;id;anonymized feature 338
107,31,education;concentration;id;anonymized feature 392
107,32,education;concentration;id;anonymized feature 393
107,33,education;concentration;id;anonymized feature 215
107,34,education;concentration;id;anonymized feature 394
107,35,education;concentration;id;anonymized feature 395
107,36,education;concentration;id;anonymized feature 396
107,37,education;concentration;id;anonymized feature 397
107,38,education;concentration;id;anonymized feature 216
107,39,education;concentration;id;anonymized feature 398
107,40,education;concentration;id;anonymized feature 399
107,41,education;concentration;id;anonymized feature 400
107,42,education;concentration;id;anonymized feature 401
107,43,education;concentration;id;anonymized feature 217
107,44,education;concentration;id;anonymized feature 18
107,45,education;concentration;id;anonymized feature 402
107,46,education;concentration;id;anonymized feature 403
107,47,education;concentration;id;anonymized feature 404
107,48,education;concentration;id;anonymized feature 405
107,49,education;concentration;id;anonymized feature 406
107,50,education;concentration;id;anonymized feature 407
107,51,education;concentration;id;anonymized feature 408
107,52,education;concentration;id;anonymized feature 409
107,53,education;concentration;id;anonymized feature 410
107,54,education;concentration;id;anonymized feature 411
107,55,education;concentration;id;anonymized feature 412
107,56,education;concentration;id;anonymized feature 413
107,57,education;concentration;id;anonymized feature 414
107,58,education;concentration;id;anonymized feature 415
107,59,education;concentration;id;anonymized feature 416
107,60,education;concentration;id;anonymized feature 218
107,61,education;concentration;id;anonymized feature 417
107,62,education;concentration;id;anonymized feature 418
107,63,education;concentration;id;anonymized feature 419
107,64,education;concentration;id;anonymized feature 420
107,65,education;concentration;id;anonymized feature 421
107,66,education;concentration;id;anonymized feature 422
107,67,education;concentration;id;anonymized feature 423
107,68,education;concentration;id;anonymized feature 424
107,69,education;concentration;id;anonymized feature 425
107,70,education;concentration;id;anonymized feature 426
107,71,education;concentration;id;anonymized feature 427
107,72,education;concentration;id;anonymized feature 428
107,73,education;concentration;id;anonymized feature 429
107,74,education;concentration;id;anonymized feature 430
107,75,education;degree;id;anonymized feature 21
107,76,education;degree;id;anonymized feature 431
107,77,education;degree;id;anonymized feature 313
107,78,education;degree;id;anonymized feature 432
107,79,education;degree;id;anonymized feature 433
107,80,education;degree;id;anonymized feature 22
107,81,education;degree;id;anonymized feature 434
107,82,education;degree;id;anonymized feature 23
107,83,education;degree;id;anonymized feature 435
107,84,education;degree;id;anonymized feature 222
107,85,education;degree;id;anonymized feature 436
107,86,education;degree;id;anonymized feature 223
107,87,education;degree;id;anonymized feature 437
107,88,education;degree;id;anonymized feature 438
107,89,education;school;id;anonymized feature 439
107,90,education;school;id;anonymized feature 440
107,91,education;school;id;anonymized feature 225
107,92,education;school;id;anonymized feature 441
107,93,education;school;id;anonymized feature 442
107,94,education;school;id;anonymized feature 314
107,95,education;school;id;anonymized feature 443
107,96,education;school;id;anonymized feature 444
107,97,education;school;id;anonymized feature 226
107,98,education;school;id;anonymized feature 227
107,99,education;school;id;anonymized feature 445
107,100,education;school;id;anonymized feature 446
107,101,education;school;id;anonymized feature 447
107,102,education;school;id;anonymized feature 228
107,103,education;school;id;anonymized feature 448
107,104,education;school;id;anonymized feature 229
107,105,education;school;id;anonymized feature 449
107,106,education;school;id;anonymized feature 450
107,107,education;school;id;anonymized feature 451
107,108,education;school;id;anonymized feature 452
107,109,education;school;id;anonymized feature 453
107,110,education;school;id;anonymized feature 230
107,111,education;school;id;anonymized feature 315
107,112,education;school;id;anonymized feature 454
107,113,education;school;id;anonymized feature 455
107,114,education;school;id;anonymized feature 456
107,115,education;school;id;anonymized feature 457
107,116,education;school;id;anonymized feature 232
107,117,education;school;id;anonymized feature 458
107,118,education;school;id;anonymized feature 459
107,119,education;school;id;anonymized feature 460
107,120,education;school;id;anonymized feature 461
107,121,education;school;id;anonymized feature 462
107,122,education;school;id;anonymized feature 463
107,123,education;school;id;anonymized feature 464
107,124,education;school;id;anonymized feature 465
107,125,education;school;id;anonymized feature 466
107,126,education;school;id;anonymized feature 467
107,127,education;school;id;anonymized feature 468
107,128,education;school;id;anonymized feature 469
107,129,education;school;id;anonymized feature 470
107,130,education;school;id;anonymized feature 471
107,131,education;school;id;anonymized feature 472
107,132,education;school;id;anonymized feature 473
107,133,education;school;id;anonymized feature 474
107,134,education;school;id;anonymized feature 233
107,135,education;school;id;anonymized feature 475
107,136,education;school;id;anonymized feature 476
107,137,education;school;id;anonymized feature 234
107,138,education;school;id;anonymized feature 235
107,139,education;school;id;anonymized feature 477
107,140,education;school;id;anonymized feature 478
107,141,education;school;id;anonymized feature 479
107,142,education;school;id;anonymized feature 480
107,143,education;school;id;anonymized feature 481
107,144,education;school;id;anonymized feature 482
107,145,education;school;id;anonymized feature 483
107,146,education;school;id;anonymized feature 236
107,147,education;school;id;anonymized feature 484
107,148,education;school;id;anonymized feature 485
107,149,education;school;id;anonymized feature 486
107,150,education;school;id;anonymized feature 487
107,151,education;school;id;anonymized feature 488
107,152,education;school;id;anonymized feature 489
107,153,education;school;id;anonymized feature 490
107,154,education;school;id;anonymized feature 316
107,155,education;school;id;anonymized feature 237
107,156,education;school;id;anonymized feature 491
107,157,education;school;id;anonymized feature 492
107,158,education;school;id;anonymized feature 493
107,159,education;school;id;anonymized feature 494
107,160,education;school;id;anonymized feature 495
107,161,education;school;id;anonymized feature 496
107,162,education;school;id;anonymized feature 238
107,163,education;school;id;anonymized feature 44
107,164,education;school;id;anonymized feature 497
107,165,education;school;id;anonymized feature 498
107,166,education;school;id;anonymized feature 499
107,167,education;school;id;anonymized feature 500
107,168,education;school;id;anonymized feature 501
107,169,education;school;id;anonymized feature 502
107,170,education;school;id;anonymized feature 240
107,171,education;school;id;anonymized feature 503
107,172,education;school;id;anonymized feature 504
107,173,education;school;id;anonymized feature 505
107,174,education;school;id;anonymized feature 506
107,175,education;school;id;anonymized feature 507
107,176,education;school;id;anonymized feature 508
107,177,education;school;id;anonymized feature 509
107,178,education;school;id;anonymized feature 317
107,179,education;school;id;anonymized feature 510
107,180,education;school;id;anonymized feature 511
107,181,education;school;id;anonymized feature 512
107,182,education;school;id;anonymized feature 243
107,183,education;school;id;anonymized feature 513
107,184,education;school;id;anonymized feature 514
107,185,education;school;id;anonymized feature 245
107,186,education;school;id;anonymized feature 515
107,187,education;school;id;anonymized feature 516
107,188,education;school;id;anonymized feature 517
107,189,education;school;id;anonymized feature 246
107,190,education;school;id;anonymized feature 518
107,191,education;school;id;anonymized feature 247
107,192,education;school;id;anonymized feature 519
107,193,education;school;id;anonymized feature 520
107,194,education;school;id;anonymized feature 521
107,195,education;school;id;anonymized feature 248
107,196,education;school;id;anonymized feature 522
107,197,education;school;id;anonymized feature 523
107,198,education;school;id;anonymized feature 524
107,199,education;school;id;anonymized feature 318
107,200,education;school;id;anonymized feature 249
107,201,education;school;id;anonymized feature 525
107,202,education;school;id;anonymized feature 319
107,203,education;school;id;anonymized feature 526
107,204,education;school;id;anonymized feature 320
107,205,education;school;id;anonymized feature 527
107,206,education;school;id;anonymized feature 528
107,207,education;school;id;anonymized feature 529
107,208,education;school;id;anonymized feature 530
107,209,education;school;id;anonymized feature 531
107,210,education;school;id;anonymized feature 532
107,211,education;school;id;anonymized feature 250
107,212,education;school;id;anonymized feature 533
107,213,education;school;id;anonymized feature 251
107,214,education;school;id;anonymized feature 534
107,215,education;school;id;anonymized feature 535
107,216,education;school;id;anonymized feature 536
107,217,education;school;id;anonymized feature 52
107,218,education;school;id;anonymized feature 537
107,219,education;school;id;anonymized feature 538
107,220,education;type;anonymized feature 53
107,221,education;type;anonymized feature 54
107,222,education;type;anonymized feature 55
107,223,education;with;id;anonymized feature 539
107,224,education;with;id;anonymized feature 540
107,225,education;with;id;anonymized feature 541
107,226,education;year;id;anonymized feature 542
107,227,education;year;id;anonymized feature 543
107,228,education;year;id;anonymized feature 58
107,229,education;year;id;anonymized feature 59
107,230,education;year;id;anonymized feature 544
107,231,education;year;id;anonymized feature 254
107,232,education;year;id;anonymized feature 255
107,233,education;year;id;anonymized feature 60
107,234,education;year;id;anonymized feature 61
107,235,education;year;id;anonymized feature 62
107,236,education;year;id;anonymized feature 63
107,237,education;year;id;anonymized feature 64
107,238,education;year;id;anonymized feature 65
107,239,education;year;id;anonymized feature 66
107,240,education;year;id;anonymized feature 67
107,241,education;year;id;anonymized feature 68
107,242,education;year;id;anonymized feature 69
107,243,education;year;id;anonymized feature 257
107,244,education;year;id;anonymized feature 70
107,245,education;year;id;anonymized feature 71
107,246,education;year;id;anonymized feature 259
107,247,education;year;id;anonymized feature 72
107,248,first_name;anonymized feature 545
107,249,first_name;anonymized feature 546
107,250,first_name;anonymized feature 547
107,251,first_name;anonymized feature 548
107,252,first_name;anonymized feature 549
107,253,first_name;anonymized feature 550
107,254,first_name;anonymized feature 325
107,255,first_name;anonymized feature 551
107,256,first_name;anonymized feature 110
107,257,first_name;anonymized feature 357
107,258,first_name;anonymized feature 552
107,259,first_name;anonymized feature 553
107,260,first_name;anonymized feature 554
107,261,first_name;anonymized feature 555
107,262,first_name;anonymized feature 556
107,263,first_name;anonymized feature 557
107,264,gender;anonymized feature 77
107,265,gender;anonymized feature 78
107,266,hometown;id;anonymized feature 558
107,267,hometown;id;anonymized feature 559
107,268,hometown;id;anonymized feature 263
107,269,hometown;id;anonymized feature 560
107,270,hometown;id;anonymized feature 561
107,271,hometown;id;anonymized feature 562
107,272,hometown;id;anonymized feature 82
107,273,hometown;id;anonymized feature 84
107,274,hometown;id;anonymized feature 563
107,275,hometown;id;anonymized feature 564
107,276,hometown;id;anonymized feature 565
107,277,hometown;id;anonymized feature 566
107,278,hometown;id;anonymized feature 178
107,279,hometown;id;anonymized feature 567
107,280,hometown;id;anonymized feature 568
107,281,hometown;id;anonymized feature 298
107,282,hometown;id;anonymized feature 569
107,283,hometown;id;anonymized feature 264
107,284,languages;id;anonymized feature 90
107,285,languages;id;anonymized feature 570
107,286,languages;id;anonymized feature 571
107,287,languages;id;anonymized feature 91
107,288,languages;id;anonymized feature 92
107,289,languages;id;anonymized feature 93
107,290,languages;id;anonymized feature 94
107,291,languages;id;anonymized feature 572
107,292,languages;id;anonymized feature 573
107,293,languages;id;anonymized feature 97
107,294,languages;id;anonymized feature 265
107,295,languages;id;anonymized feature 100
107,296,languages;id;anonymized feature 101
107,297,languages;id;anonymized feature 574
107,298,languages;id;anonymized feature 266
107,299,last_name;anonymized feature 575
107,300,last_name;anonymized feature 576
107,301,last_name;anonymized feature 577
107,302,last_name;anonymized feature 106
107,303,last_name;anonymized feature 578
107,304,last_name;anonymized feature 579
107,305,last_name;anonymized feature 267
107,306,last_name;anonymized feature 268
107,307,last_name;anonymized feature 269
107,308,last_name;anonymized feature 580
107,309,last_name;anonymized feature 581
107,310,last_name;anonymized feature 324
107,311,last_name;anonymized feature 582
107,312,last_name;anonymized feature 583
107,313,last_name;anonymized feature 584
107,314,last_name;anonymized feature 585
107,315,last_name;anonymized feature 586
107,316,last_name;anonymized feature 587
107,317,last_name;anonymized feature 588
107,318,last_name;anonymized feature 270
107,319,last_name;anonymized feature 589
107,320,last_name;anonymized feature 590
107,321,last_name;anonymized feature 271
107,322,last_name;anonymized feature 110
107,323,last_name;anonymized feature 591
107,324,last_name;anonymized feature 272
107,325,last_name;anonymized feature 592
107,326,last_name;anonymized feature 273
107,327,last_name;anonymized feature 593
107,328,last_name;anonymized feature 594
107,329,last_name;anonymized feature 595
107,330,last_name;anonymized feature 596
107,331,last_name;anonymized feature 274
107,332,last_name;anonymized feature 597
107,333,last_name;anonymized feature 275
107,334,last_name;anonymized feature 276
107,335,last_name;anonymized feature 598
107,336,last_name;anonymized feature 599
107,337,last_name;anonymized feature 600
107,338,last_name;anonymized feature 601
107,339,last_name;anonymized feature 602
107,340,last_name;anonymized feature 327
107,341,last_name;anonymized feature 603
107,342,last_name;anonymized feature 277
107,343,last_name;anonymized feature 604
107,344,last_name;anonymized feature 605
107,345,last_name;anonymized feature 606
107,346,last_name;anonymized feature 607
107,347,locale;anonymized feature 126
107,348,locale;anonymized feature 127
107,349,locale;anonymized feature 278
107,350,location;id;anonymized feature 128
107,351,location;id;anonymized feature 129
107,352,location;id;anonymized feature 608
107,353,location;id;anonymized feature 609
107,354,location;id;anonymized feature 610
107,355,location;id;anonymized feature 611
107,356,location;id;anonymized feature 612
107,357,location;id;anonymized feature 613
107,358,location;id;anonymized feature 614
107,359,location;id;anonymized feature 281
107,360,location;id;anonymized feature 133
107,361,location;id;anonymized feature 84
107,362,location;id;anonymized feature 176
107,363,location;id;anonymized feature 134
107,364,location;id;anonymized feature 615
107,365,location;id;anonymized feature 283
107,366,location;id;anonymized feature 616
107,367,location;id;anonymized feature 617
107,368,location;id;anonymized feature 618
107,369,location;id;anonymized feature 284
107,370,location;id;anonymized feature 298
107,371,location;id;anonymized feature 619
107,372,location;id;anonymized feature 138
107,373,location;id;anonymized feature 264
107,374,location;id;anonymized feature 620
107,375,middle_name;anonymized feature 621
107,376,middle_name;anonymized feature 622
107,377,middle_name;anonymized feature 355
107,378,middle_name;anonymized feature 623
107,379,middle_name;anonymized feature 624
107,380,middle_name;anonymized feature 554
107,381,middle_name;anonymized feature 625
107,382,middle_name;anonymized feature 626
107,383,middle_name;anonymized feature 627
107,384,work;employer;id;anonymized feature 628
107,385,work;employer;id;anonymized feature 629
107,386,work;employer;id;anonymized feature 630
107,387,work;employer;id;anonymized feature 228
107,388,work;employer;id;anonymized feature 140
107,389,work;employer;id;anonymized feature 451
107,390,work;employer;id;anonymized feature 230
107,391,work;employer;id;anonymized feature 631
107,392,work;employer;id;anonymized feature 632
107,393,work;employer;id;anonymized feature 633
107,394,work;employer;id;anonymized feature 634
107,395,work;employer;id;anonymized feature 635
107,396,work;employer;id;anonymized feature 636
107,397,work;employer;id;anonymized feature 637
107,398,work;employer;id;anonymized feature 638
107,399,work;employer;id;anonymized feature 485
107,400,work;employer;id;anonymized feature 639
107,401,work;employer;id;anonymized feature 640
107,402,work;employer;id;anonymized feature 641
107,403,work;employer;id;anonymized feature 642
107,404,work;employer;id;anonymized feature 643
107,405,work;employer;id;anonymized feature 644
107,406,work;employer;id;anonymized feature 645
107,407,work;employer;id;anonymized feature 145
107,408,work;employer;id;anonymized feature 646
107,409,work;employer;id;anonymized feature 647
107,410,work;employer;id;anonymized feature 648
107,411,work;employer;id;anonymized feature 649
107,412,work;employer;id;anonymized feature 650
107,413,work;employer;id;anonymized feature 518
107,414,work;employer;id;anonymized feature 247
107,415,work;employer;id;anonymized feature 651
107,416,work;employer;id;anonymized feature 248
107,417,work;employer;id;anonymized feature 652
107,418,work;employer;id;anonymized feature 653
107,419,work;employer;id;anonymized feature 654
107,420,work;employer;id;anonymized feature 655
107,421,work;employer;id;anonymized feature 656
107,422,work;employer;id;anonymized feature 657
107,423,work;employer;id;anonymized feature 658
107,424,work;employer;id;anonymized feature 659
107,425,work;employer;id;anonymized feature 660
107,426,work;employer;id;anonymized feature 661
107,427,work;employer;id;anonymized feature 662
107,428,work;employer;id;anonymized feature 150
107,429,work;employer;id;anonymized feature 151
107,430,work;employer;id;anonymized feature 663
107,431,work;employer;id;anonymized feature 664
107,432,work;employer;id;anonymized feature 665
107,433,work;employer;id;anonymized feature 666
107,434,work;employer;id;anonymized feature 667
107,435,work;employer;id;anonymized feature 668
107,436,work;employer;id;anonymized feature 669
107,437,work;employer;id;anonymized feature 536
107,438,work;employer;id;anonymized feature 670
107,439,work;employer;id;anonymized feature 52
107,440,work;employer;id;anonymized feature 671
107,441,work;employer;id;anonymized feature 538
107,442,work;end_date;anonymized feature 157
107,443,work;end_date;anonymized feature 672
107,444,work;end_date;anonymized feature 673
107,445,work;end_date;anonymized feature 674
107,446,work;end_date;anonymized feature 675
107,447,work;end_date;anonymized feature 676
107,448,work;end_date;anonymized feature 294
107,449,work;end_date;anonymized feature 677
107,450,work;end_date;anonymized feature 678
107,451,work;end_date;anonymized feature 158
107,452,work;end_date;anonymized feature 196
107,453,work;end_date;anonymized feature 679
107,454,work;end_date;anonymized feature 160
107,455,work;end_date;anonymized feature 161
107,456,work;end_date;anonymized feature 162
107,457,work;end_date;anonymized feature 164
107,458,work;end_date;anonymized feature 199
107,459,work;end_date;anonymized feature 166
107,460,work;end_date;anonymized feature 200
107,461,work;end_date;anonymized feature 167
107,462,work;end_date;anonymized feature 201
107,463,work;end_date;anonymized feature 680
107,464,work;end_date;anonymized feature 168
107,465,work;end_date;anonymized feature 169
107,466,work;end_date;anonymized feature 170
107,467,work;end_date;anonymized feature 171
107,468,work;end_date;anonymized feature 681
107,469,work;end_date;anonymized feature 172
107,470,work;from;id;anonymized feature 682
107,471,work;from;id;anonymized feature 683
107,472,work;location;id;anonymized feature 684
107,473,work;location;id;anonymized feature 128
107,474,work;location;id;anonymized feature 129
107,475,work;location;id;anonymized feature 609
107,476,work;location;id;anonymized feature 296
107,477,work;location;id;anonymized feature 561
107,478,work;location;id;anonymized feature 281
107,479,work;location;id;anonymized feature 133
107,480,work;location;id;anonymized feature 84
107,481,work;location;id;anonymized feature 176
107,482,work;location;id;anonymized feature 134
107,483,work;location;id;anonymized feature 177
107,484,work;location;id;anonymized feature 685
107,485,work;location;id;anonymized feature 178
107,486,work;location;id;anonymized feature 179
107,487,work;location;id;anonymized feature 615
107,488,work;location;id;anonymized feature 283
107,489,work;location;id;anonymized feature 686
107,490,work;location;id;anonymized feature 617
107,491,work;location;id;anonymized feature 618
107,492,work;location;id;anonymized feature 619
107,493,work;location;id;anonymized feature 264
107,494,work;position;id;anonymized feature 687
107,495,work;position;id;anonymized feature 688
107,496,work;position;id;anonymized feature 182
107,497,work;position;id;anonymized feature 689
107,498,work;position;id;anonymized feature 183
107,499,work;position;id;anonymized feature 690
107,500,work;position;id;anonymized feature 691
107,501,work;position;id;anonymized feature 692
107,502,work;position;id;anonymized feature 184
107,503,work;position;id;anonymized feature 693
107,504,work;position;id;anonymized feature 185
107,505,work;position;id;anonymized feature 694
107,506,work;position;id;anonymized feature 189
107,507,work;position;id;anonymized feature 695
107,508,work;position;id;anonymized feature 302
107,509,work;position;id;anonymized feature 696
107,510,work;position;id;anonymized feature 697
107,511,work;position;id;anonymized feature 698
107,512,work;position;id;anonymized feature 699
107,513,work;position;id;anonymized feature 700
107,514,work;position;id;anonymized feature 192
107,515,work;position;id;anonymized feature 193
107,516,work;position;id;anonymized feature 701
107,517,work;projects;id;anonymized feature 702
107,518,work;projects;id;anonymized feature 703
107,519,work;projects;id;anonymized feature 704
107,520,work;projects;id;anonymized feature 705
107,521,work;projects;id;anonymized feature 706
107,522,work;projects;id;anonymized feature 707
107,523,work;projects;id;anonymized feature 708
107,524,work;projects;id;anonymized feature 709
107,525,work;projects;id;anonymized feature 710
107,526,work;projects;id;anonymized feature 711
107,527,work;projects;id;anonymized feature 712
107,528,work;start_date;anonymized feature 157
107,529,work;start_date;anonymized feature 713
107,530,work;start_date;anonymized feature 714
107,531,work;start_date;anonymized feature 334
107,532,work;start_date;anonymized feature 715
107,533,work;start_date;anonymized feature 672
107,534,work;start_date;anonymized feature 716
107,535,work;start_date;anonymized feature 674
107,536,work;start_date;anonymized feature 717
107,537,work;start_date;anonymized feature 194
107,538,work;start_date;anonymized feature 718
107,539,work;start_date;anonymized feature 375
107,540,work;start_date;anonymized feature 719
107,541,work;start_date;anonymized feature 675
107,542,work;start_date;anonymized feature 307
107,543,work;start_date;anonymized feature 308
107,544,work;start_date;anonymized feature 720
107,545,work;start_date;anonymized feature 678
107,546,work;start_date;anonymized feature 721
107,547,work;start_date;anonymized feature 195
107,548,work;start_date;anonymized feature 310
107,549,work;start_date;anonymized feature 722
107,550,work;start_date;anonymized feature 196
107,551,work;start_date;anonymized feature 679
107,552,work;start_date;anonymized feature 197
107,553,work;start_date;anonymized feature 161
107,554,work;start_date;anonymized feature 162
107,555,work;start_date;anonymized feature 723
107,556,work;start_date;anonymized feature 724
107,557,work;start_date;anonymized feature 164
107,558,work;start_date;anonymized feature 199
107,559,work;start_date;anonymized feature 165
107,560,work;start_date;anonymized feature 166
107,561,work;start_date;anonymized feature 200
107,562,work;start_date;anonymized feature 725
107,563,work;start_date;anonymized feature 201
107,564,work;start_date;anonymized feature 332
107,565,work;start_date;anonymized feature 726
107,566,work;start_date;anonymized feature 168
107,567,work;start_date;anonymized feature 202
107,568,work;start_date;anonymized feature 169
107,569,work;start_date;anonymized feature 170
107,570,work;start_date;anonymized feature 171
107,571,work;start_date;anonymized feature 681
107,572,work;start_date;anonymized feature 203
107,573,work;with;id;anonymized feature 727
107,574,work;with;id;anonymized feature 728
107,575,work;with;id;anonymized feature 683
1684,0,birthday;anonymized feature 1003
1684,1,birthday;anonymized feature 1004
1684,2,birthday;anonymized feature 210
1684,3,birthday;anonymized feature 4
1684,4,birthday;anonymized feature 5
1684,5,birthday;anonymized feature 6
1684,6,birthday;anonymized feature 7
1684,7,birthday;anonymized feature 377
1684,8,birthday;anonymized feature 378
1684,9,birthday;anonymized feature 1005
1684,10,birthday;anonymized feature 1006
1684,11,education;classes;id;anonymized feature 756
1684,12,education;concentration;id;anonymized feature 1007
1684,13,education;concentration;id;anonymized feature 13
1684,14,education;concentration;id;anonymized feature 385
1684,15,education;concentration;id;anonymized feature 14
1684,16,education;concentration;id;anonymized feature 762
1684,17,education;concentration;id;anonymized feature 1008
1684,18,education;concentration;id;anonymized feature 1009
1684,19,education;concentration;id;anonymized feature 388
1684,20,education;concentration;id;anonymized feature 392
1684,21,education;concentration;id;anonymized feature 215
1684,22,education;concentration;id;anonymized feature 394
1684,23,education;concentration;id;anonymized feature 395
1684,24,education;concentration;id;anonymized feature 1010
1684,25,education;concentration;id;anonymized feature 398
1684,26,education;concentration;id;anonymized feature 399
1684,27,education;concentration;id;anonymized feature 400
1684,28,education;concentration;id;anonymized feature 1011
1684,29,education;concentration;id;anonymized feature 16
1684,30,education;concentration;id;anonymized feature 217
1684,31,education;concentration;id;anonymized feature 18
1684,32,education;concentration;id;anonymized feature 402
1684,33,education;concentration;id;anonymized feature 1012
1684,34,education;concentration;id;anonymized feature 1013
1684,35,education;concentration;id;anonymized feature 412
1684,36,education;concentration;id;anonymized feature 1014
1684,37,education;concentration;id;anonymized feature 425
1684,38,education;concentration;id;anonymized feature 428
1684,39,education;concentration;id;anonymized feature 429
1684,40,education;degree;id;anonymized feature 22
1684,41,education;school;id;anonymized feature 225
1684,42,education;school;id;anonymized feature 1015
1684,43,education;school;id;anonymized feature 1016
1684,44,education;school;id;anonymized feature 1017
1684,45,education;school;id;anonymized feature 1018
1684,46,education;school;id;anonymized feature 1019
1684,47,education;school;id;anonymized feature 1020
1684,48,education;school;id;anonymized feature 447
1684,49,education;school;id;anonymized feature 1021
1684,50,education;school;id;anonymized feature 1022
1684,51,education;school;id;anonymized feature 1023
1684,52,education;school;id;anonymized feature 1024
1684,53,education;school;id;anonymized feature 1025
1684,54,education;school;id;anonymized feature 1026
1684,55,education;school;id;anonymized feature 1027
1684,56,education;school;id;anonymized feature 1028
1684,57,education;school;id;anonymized feature 1029
1684,58,education;school;id;anonymized feature 1030
1684,59,education;school;id;anonymized feature 1031
1684,60,education;school;id;anonymized feature 1032
1684,61,education;school;id;anonymized feature 1033
1684,62,education;school;id;anonymized feature 1034
1684,63,education;school;id;anonymized feature 461
1684,64,education;school;id;anonymized feature 1035
1684,65,education;school;id;anonymized feature 1036
1684,66,education;school;id;anonymized feature 1037
1684,67,education;school;id;anonymized feature 1038
1684,68,education;school;id;anonymized feature 475
1684,69,education;school;id;anonymized feature 1039
1684,70,education;school;id;anonymized feature 1040
1684,71,education;school;id;anonymized feature 1041
1684,72,education;school;id;anonymized feature 481
1684,73,education;school;id;anonymized feature 1042
1684,74,education;school;id;anonymized feature 1043
1684,75,education;school;id;anonymized feature 1044
1684,76,education;school;id;anonymized feature 236
1684,77,education;school;id;anonymized feature 1045
1684,78,education;school;id;anonymized feature 1046
1684,79,education;school;id;anonymized feature 1047
1684,80,education;school;id;anonymized feature 1048
1684,81,education;school;id;anonymized feature 1049
1684,82,education;school;id;anonymized feature 1050
1684,83,education;school;id;anonymized feature 1051
1684,84,education;school;id;anonymized feature 1052
1684,85,education;school;id;anonymized feature 1053
1684,86,education;school;id;anonymized feature 1054
1684,87,education;school;id;anonymized feature 1055
1684,88,education;school;id;anonymized feature 1056
1684,89,education;school;id;anonymized feature 504
1684,90,education;school;id;anonymized feature 1057
1684,91,education;school;id;anonymized feature 1058
1684,92,education;school;id;anonymized feature 1059
1684,93,education;school;id;anonymized feature 1060
1684,94,education;school;id;anonymized feature 1061
1684,95,education;school;id;anonymized feature 1062
1684,96,education;school;id;anonymized feature 523
1684,97,education;school;id;anonymized feature 533
1684,98,education;school;id;anonymized feature 322
1684,99,education;school;id;anonymized feature 52
1684,100,education;school;id;anonymized feature 538
1684,101,education;type;anonymized feature 53
1684,102,education;type;anonymized feature 54
1684,103,education;type;anonymized feature 55
1684,104,education;year;id;anonymized feature 543
1684,105,education;year;id;anonymized feature 58
1684,106,education;year;id;anonymized feature 59
1684,107,education;year;id;anonymized feature 544
1684,108,education;year;id;anonymized feature 60
1684,109,education;year;id;anonymized feature 61
1684,110,education;year;id;anonymized feature 62
1684,111,education;year;id;anonymized feature 63
1684,112,education;year;id;anonymized feature 64
1684,113,education;year;id;anonymized feature 65
1684,114,education;year;id;anonymized feature 66
1684,115,education;year;id;anonymized feature 68
1684,116,education;year;id;anonymized feature 69
1684,117,education;year;id;anonymized feature 70
1684,118,education;year;id;anonymized feature 72
1684,119,first_name;anonymized feature 1063
1684,120,first_name;anonymized feature 545
1684,121,first_name;anonymized feature 1064
1684,122,first_name;anonymized feature 1065
1684,123,first_name;anonymized feature 1066
1684,124,first_name;anonymized feature 621
1684,125,first_name;anonymized feature 353
1684,126,first_name;anonymized feature 1067
1684,127,first_name;anonymized feature 1068
1684,128,first_name;anonymized feature 892
1684,129,first_name;anonymized feature 1069
1684,130,first_name;anonymized feature 1070
1684,131,first_name;anonymized feature 1071
1684,132,first_name;anonymized feature 1072
1684,133,first_name;anonymized feature 1073
1684,134,first_name;anonymized feature 1074
1684,135,first_name;anonymized feature 1075
1684,136,first_name;anonymized feature 1076
1684,137,first_name;anonymized feature 1077
1684,138,first_name;anonymized feature 1078
1684,139,first_name;anonymized feature 1079
1684,140,first_name;anonymized feature 1080
1684,141,first_name;anonymized feature 1081
1684,142,first_name;anonymized feature 1082
1684,143,first_name;anonymized feature 900
1684,144,first_name;anonymized feature 1083
1684,145,first_name;anonymized feature 1084
1684,146,first_name;anonymized feature 1085
1684,147,gender;anonymized feature 77
1684,148,gender;anonymized feature 78
1684,149,hometown;id;anonymized feature 129
1684,150,hometown;id;anonymized feature 1086
1684,151,hometown;id;anonymized feature 1087
1684,152,hometown;id;anonymized feature 280
1684,153,hometown;id;anonymized feature 1088
1684,154,hometown;id;anonymized feature 935
1684,155,hometown;id;anonymized feature 1089
1684,156,hometown;id;anonymized feature 176
1684,157,hometown;id;anonymized feature 1090
1684,158,hometown;id;anonymized feature 1091
1684,159,hometown;id;anonymized feature 1092
1684,160,hometown;id;anonymized feature 1093
1684,161,hometown;id;anonymized feature 1094
1684,162,hometown;id;anonymized feature 283
1684,163,hometown;id;anonymized feature 1095
1684,164,hometown;id;anonymized feature 1096
1684,165,hometown;id;anonymized feature 1097
1684,166,hometown;id;anonymized feature 1098
1684,167,hometown;id;anonymized feature 617
1684,168,hometown;id;anonymized feature 284
1684,169,hometown;id;anonymized feature 1099
1684,170,hometown;id;anonymized feature 1100
1684,171,languages;id;anonymized feature 90
1684,172,languages;id;anonymized feature 571
1684,173,languages;id;anonymized feature 92
1684,174,languages;id;anonymized feature 1101
1684,175,languages;id;anonymized feature 913
1684,176,languages;id;anonymized feature 1102
1684,177,languages;id;anonymized feature 94
1684,178,languages;id;anonymized feature 572
1684,179,languages;id;anonymized feature 95
1684,180,languages;id;anonymized feature 97
1684,181,languages;id;anonymized feature 265
1684,182,languages;id;anonymized feature 98
1684,183,languages;id;anonymized feature 100
1684,184,languages;id;anonymized feature 101
1684,185,languages;id;anonymized feature 102
1684,186,last_name;anonymized feature 1103
1684,187,last_name;anonymized feature 1104
1684,188,last_name;anonymized feature 1105
1684,189,last_name;anonymized feature 1106
1684,190,last_name;anonymized feature 1107
1684,191,last_name;anonymized feature 268
1684,192,last_name;anonymized feature 1108
1684,193,last_name;anonymized feature 1109
1684,194,last_name;anonymized feature 1110
1684,195,last_name;anonymized feature 1111
1684,196,last_name;anonymized feature 1112
1684,197,last_name;anonymized feature 581
1684,198,last_name;anonymized feature 1113
1684,199,last_name;anonymized feature 1114
1684,200,last_name;anonymized feature 1115
1684,201,last_name;anonymized feature 1116
1684,202,last_name;anonymized feature 1117
1684,203,last_name;anonymized feature 110
1684,204,last_name;anonymized feature 1118
1684,205,last_name;anonymized feature 1119
1684,206,last_name;anonymized feature 1120
1684,207,last_name;anonymized feature 112
1684,208,last_name;anonymized feature 1121
1684,209,last_name;anonymized feature 1122
1684,210,last_name;anonymized feature 1123
1684,211,last_name;anonymized feature 1124
1684,212,last_name;anonymized feature 1125
1684,213,last_name;anonymized feature 1126
1684,214,last_name;anonymized feature 1127
1684,215,last_name;anonymized feature 1128
1684,216,last_name;anonymized feature 1129
1684,217,last_name;anonymized feature 1130
1684,218,last_name;anonymized feature 1131
1684,219,last_name;anonymized feature 1132
1684,220,last_name;anonymized feature 1133
1684,221,last_name;anonymized feature 1134
1684,222,last_name;anonymized feature 1135
1684,223,last_name;anonymized feature 1136
1684,224,last_name;anonymized feature 1137
1684,225,last_name;anonymized feature 1138
1684,226,last_name;anonymized feature 1139
1684,227,locale;anonymized feature 126
1684,228,locale;anonymized feature 127
1684,229,locale;anonymized feature 1140
1684,230,locale;anonymized feature 1141
1684,231,location;id;anonymized feature 1142
1684,232,location;id;anonymized feature 128
1684,233,location;id;anonymized feature 1143
1684,234,location;id;anonymized feature 612
1684,235,location;id;anonymized feature 1144
1684,236,location;id;anonymized feature 1145
1684,237,location;id;anonymized feature 935
1684,238,location;id;anonymized feature 1146
1684,239,location;id;anonymized feature 1147
1684,240,location;id;anonymized feature 281
1684,241,location;id;anonymized feature 176
1684,242,location;id;anonymized feature 134
1684,243,location;id;anonymized feature 1148
1684,244,location;id;anonymized feature 685
1684,245,location;id;anonymized feature 940
1684,246,location;id;anonymized feature 1149
1684,247,location;id;anonymized feature 1150
1684,248,location;id;anonymized feature 179
1684,249,location;id;anonymized feature 1151
1684,250,location;id;anonymized feature 1095
1684,251,location;id;anonymized feature 617
1684,252,location;id;anonymized feature 1152
1684,253,location;id;anonymized feature 284
1684,254,location;id;anonymized feature 1153
1684,255,location;id;anonymized feature 138
1684,256,religion;anonymized feature 1154
1684,257,work;employer;id;anonymized feature 1155
1684,258,work;employer;id;anonymized feature 140
1684,259,work;employer;id;anonymized feature 1156
1684,260,work;employer;id;anonymized feature 1157
1684,261,work;employer;id;anonymized feature 1158
1684,262,work;employer;id;anonymized feature 1159
1684,263,work;employer;id;anonymized feature 246
1684,264,work;employer;id;anonymized feature 1160
1684,265,work;employer;id;anonymized feature 1161
1684,266,work;employer;id;anonymized feature 1162
1684,267,work;employer;id;anonymized feature 1163
1684,268,work;employer;id;anonymized feature 322
1684,269,work;employer;id;anonymized feature 670
1684,270,work;employer;id;anonymized feature 1164
1684,271,work;employer;id;anonymized feature 538
1684,272,work;end_date;anonymized feature 157
1684,273,work;end_date;anonymized feature 676
1684,274,work;end_date;anonymized feature 294
1684,275,work;end_date;anonymized feature 158
1684,276,work;end_date;anonymized feature 976
1684,277,work;end_date;anonymized feature 197
1684,278,work;end_date;anonymized feature 162
1684,279,work;end_date;anonymized feature 198
1684,280,work;end_date;anonymized feature 164
1684,281,work;end_date;anonymized feature 166
1684,282,work;end_date;anonymized feature 201
1684,283,work;end_date;anonymized feature 168
1684,284,work;end_date;anonymized feature 170
1684,285,work;location;id;anonymized feature 1144
1684,286,work;location;id;anonymized feature 935
1684,287,work;location;id;anonymized feature 133
1684,288,work;location;id;anonymized feature 84
1684,289,work;location;id;anonymized feature 176
1684,290,work;location;id;anonymized feature 1165
1684,291,work;location;id;anonymized feature 617
1684,292,work;position;id;anonymized feature 185
1684,293,work;position;id;anonymized feature 1166
1684,294,work;position;id;anonymized feature 1167
1684,295,work;position;id;anonymized feature 1168
1684,296,work;position;id;anonymized feature 1169
1684,297,work;position;id;anonymized feature 193
1684,298,work;start_date;anonymized feature 157
1684,299,work;start_date;anonymized feature 718
1684,300,work;start_date;anonymized feature 1170
1684,301,work;start_date;anonymized feature 675
1684,302,work;start_date;anonymized feature 307
1684,303,work;start_date;anonymized feature 294
1684,304,work;start_date;anonymized feature 195
1684,305,work;start_date;anonymized feature 310
1684,306,work;start_date;anonymized feature 158
1684,307,work;start_date;anonymized feature 1171
1684,308,work;start_date;anonymized feature 196
1684,309,work;start_date;anonymized feature 160
1684,310,work;start_date;anonymized feature 197
1684,311,work;start_date;anonymized feature 164
1684,312,work;start_date;anonymized feature 199
1684,313,work;start_date;anonymized feature 166
1684,314,work;start_date;anonymized feature 201
1684,315,work;start_date;anonymized feature 168
1684,316,work;start_date;anonymized feature 202
1684,317,work;start_date;anonymized feature 169
1684,318,work;start_date;anonymized feature 170
1912,0,birthday;anonymized feature 729
1912,1,birthday;anonymized feature 730
1912,2,birthday;anonymized feature 731
1912,3,birthday;anonymized feature 732
1912,4,birthday;anonymized feature 1
1912,5,birthday;anonymized feature 2
1912,6,birthday;anonymized feature 210
1912,7,birthday;anonymized feature 4
1912,8,birthday;anonymized feature 5
1912,9,birthday;anonymized feature 6
1912,10,birthday;anonymized feature 7
1912,11,birthday;anonymized feature 377
1912,12,birthday;anonymized feature 378
1912,13,birthday;anonymized feature 733
1912,14,birthday;anonymized feature 734
1912,15,birthday;anonymized feature 735
1912,16,birthday;anonymized feature 736
1912,17,birthday;anonymized feature 737
1912,18,birthday;anonymized feature 738
1912,19,birthday;anonymized feature 739
1912,20,birthday;anonymized feature 740
1912,21,birthday;anonymized feature 741
1912,22,education;classes;id;anonymized feature 742
1912,23,education;classes;id;anonymized feature 743
1912,24,education;classes;id;anonymized feature 744
1912,25,education;classes;id;anonymized feature 745
1912,26,education;classes;id;anonymized feature 746
1912,27,education;classes;id;anonymized feature 747
1912,28,education;classes;id;anonymized feature 748
1912,29,education;classes;id;anonymized feature 749
1912,30,education;classes;id;anonymized feature 750
1912,31,education;classes;id;anonymized feature 751
1912,32,education;classes;id;anonymized feature 752
1912,33,education;classes;id;anonymized feature 753
1912,34,education;classes;id;anonymized feature 754
1912,35,education;classes;id;anonymized feature 755
1912,36,education;classes;id;anonymized feature 756
1912,37,education;classes;id;anonymized feature 757
1912,38,education;classes;id;anonymized feature 11
1912,39,education;classes;id;anonymized feature 758
1912,40,education;classes;id;anonymized feature 759
1912,41,education;concentration;id;anonymized feature 760
1912,42,education;concentration;id;anonymized feature 13
1912,43,education;concentration;id;anonymized feature 213
1912,44,education;concentration;id;anonymized feature 386
1912,45,education;concentration;id;anonymized feature 14
1912,46,education;concentration;id;anonymized feature 761
1912,47,education;concentration;id;anonymized feature 762
1912,48,education;concentration;id;anonymized feature 214
1912,49,education;concentration;id;anonymized feature 763
1912,50,education;concentration;id;anonymized feature 15
1912,51,education;concentration;id;anonymized feature 764
1912,52,education;concentration;id;anonymized feature 338
1912,53,education;concentration;id;anonymized feature 392
1912,54,education;concentration;id;anonymized feature 765
1912,55,education;concentration;id;anonymized feature 215
1912,56,education;concentration;id;anonymized feature 394
1912,57,education;concentration;id;anonymized feature 216
1912,58,education;concentration;id;anonymized feature 766
1912,59,education;concentration;id;anonymized feature 398
1912,60,education;concentration;id;anonymized feature 400
1912,61,education;concentration;id;anonymized feature 767
1912,62,education;concentration;id;anonymized feature 768
1912,63,education;concentration;id;anonymized feature 16
1912,64,education;concentration;id;anonymized feature 769
1912,65,education;concentration;id;anonymized feature 217
1912,66,education;concentration;id;anonymized feature 18
1912,67,education;concentration;id;anonymized feature 402
1912,68,education;concentration;id;anonymized feature 416
1912,69,education;concentration;id;anonymized feature 770
1912,70,education;concentration;id;anonymized feature 771
1912,71,education;concentration;id;anonymized feature 772
1912,72,education;concentration;id;anonymized feature 423
1912,73,education;concentration;id;anonymized feature 427
1912,74,education;concentration;id;anonymized feature 773
1912,75,education;degree;id;anonymized feature 774
1912,76,education;degree;id;anonymized feature 20
1912,77,education;degree;id;anonymized feature 21
1912,78,education;degree;id;anonymized feature 775
1912,79,education;degree;id;anonymized feature 22
1912,80,education;degree;id;anonymized feature 435
1912,81,education;degree;id;anonymized feature 776
1912,82,education;degree;id;anonymized feature 223
1912,83,education;degree;id;anonymized feature 224
1912,84,education;degree;id;anonymized feature 437
1912,85,education;school;id;anonymized feature 225
1912,86,education;school;id;anonymized feature 777
1912,87,education;school;id;anonymized feature 778
1912,88,education;school;id;anonymized feature 779
1912,89,education;school;id;anonymized feature 780
1912,90,education;school;id;anonymized feature 781
1912,91,education;school;id;anonymized feature 442
1912,92,education;school;id;anonymized feature 782
1912,93,education;school;id;anonymized feature 783
1912,94,education;school;id;anonymized feature 444
1912,95,education;school;id;anonymized feature 784
1912,96,education;school;id;anonymized feature 449
1912,97,education;school;id;anonymized feature 785
1912,98,education;school;id;anonymized feature 786
1912,99,education;school;id;anonymized feature 787
1912,100,education;school;id;anonymized feature 788
1912,101,education;school;id;anonymized feature 315
1912,102,education;school;id;anonymized feature 455
1912,103,education;school;id;anonymized feature 789
1912,104,education;school;id;anonymized feature 790
1912,105,education;school;id;anonymized feature 791
1912,106,education;school;id;anonymized feature 792
1912,107,education;school;id;anonymized feature 793
1912,108,education;school;id;anonymized feature 794
1912,109,education;school;id;anonymized feature 795
1912,110,education;school;id;anonymized feature 796
1912,111,education;school;id;anonymized feature 460
1912,112,education;school;id;anonymized feature 797
1912,113,education;school;id;anonymized feature 461
1912,114,education;school;id;anonymized feature 798
1912,115,education;school;id;anonymized feature 799
1912,116,education;school;id;anonymized feature 800
1912,117,education;school;id;anonymized feature 801
1912,118,education;school;id;anonymized feature 802
1912,119,education;school;id;anonymized feature 803
1912,120,education;school;id;anonymized feature 804
1912,121,education;school;id;anonymized feature 805
1912,122,education;school;id;anonymized feature 469
1912,123,education;school;id;anonymized feature 470
1912,124,education;school;id;anonymized feature 806
1912,125,education;school;id;anonymized feature 807
1912,126,education;school;id;anonymized feature 808
1912,127,education;school;id;anonymized feature 809
1912,128,education;school;id;anonymized feature 810
1912,129,education;school;id;anonymized feature 811
1912,130,education;school;id;anonymized feature 812
1912,131,education;school;id;anonymized feature 813
1912,132,education;school;id;anonymized feature 814
1912,133,education;school;id;anonymized feature 815
1912,134,education;school;id;anonymized feature 816
1912,135,education;school;id;anonymized feature 817
1912,136,education;school;id;anonymized feature 481
1912,137,education;school;id;anonymized feature 818
1912,138,education;school;id;anonymized feature 819
1912,139,education;school;id;anonymized feature 820
1912,140,education;school;id;anonymized feature 236
1912,141,education;school;id;anonymized feature 486
1912,142,education;school;id;anonymized feature 821
1912,143,education;school;id;anonymized feature 822
1912,144,education;school;id;anonymized feature 823
1912,145,education;school;id;anonymized feature 824
1912,146,education;school;id;anonymized feature 825
1912,147,education;school;id;anonymized feature 826
1912,148,education;school;id;anonymized feature 827
1912,149,education;school;id;anonymized feature 828
1912,150,education;school;id;anonymized feature 829
1912,151,education;school;id;anonymized feature 830
1912,152,education;school;id;anonymized feature 831
1912,153,education;school;id;anonymized feature 832
1912,154,education;school;id;anonymized feature 833
1912,155,education;school;id;anonymized feature 834
1912,156,education;school;id;anonymized feature 835
1912,157,education;school;id;anonymized feature 836
1912,158,education;school;id;anonymized feature 837
1912,159,education;school;id;anonymized feature 239
1912,160,education;school;id;anonymized feature 838
1912,161,education;school;id;anonymized feature 839
1912,162,education;school;id;anonymized feature 840
1912,163,education;school;id;anonymized feature 841
1912,164,education;school;id;anonymized feature 842
1912,165,education;school;id;anonymized feature 503
1912,166,education;school;id;anonymized feature 843
1912,167,education;school;id;anonymized feature 844
1912,168,education;school;id;anonymized feature 504
1912,169,education;school;id;anonymized feature 845
1912,170,education;school;id;anonymized feature 846
1912,171,education;school;id;anonymized feature 847
1912,172,education;school;id;anonymized feature 848
1912,173,education;school;id;anonymized feature 849
1912,174,education;school;id;anonymized feature 850
1912,175,education;school;id;anonymized feature 851
1912,176,education;school;id;anonymized feature 852
1912,177,education;school;id;anonymized feature 853
1912,178,education;school;id;anonymized feature 854
1912,179,education;school;id;anonymized feature 855
1912,180,education;school;id;anonymized feature 856
1912,181,education;school;id;anonymized feature 857
1912,182,education;school;id;anonymized feature 858
1912,183,education;school;id;anonymized feature 514
1912,184,education;school;id;anonymized feature 859
1912,185,education;school;id;anonymized feature 860
1912,186,education;school;id;anonymized feature 861
1912,187,education;school;id;anonymized feature 246
1912,188,education;school;id;anonymized feature 862
1912,189,education;school;id;anonymized feature 863
1912,190,education;school;id;anonymized feature 864
1912,191,education;school;id;anonymized feature 865
1912,192,education;school;id;anonymized feature 866
1912,193,education;school;id;anonymized feature 867
1912,194,education;school;id;anonymized feature 868
1912,195,education;school;id;anonymized feature 50
1912,196,education;school;id;anonymized feature 523
1912,197,education;school;id;anonymized feature 869
1912,198,education;school;id;anonymized feature 249
1912,199,education;school;id;anonymized feature 870
1912,200,education;school;id;anonymized feature 871
1912,201,education;school;id;anonymized feature 872
1912,202,education;school;id;anonymized feature 533
1912,203,education;school;id;anonymized feature 873
1912,204,education;school;id;anonymized feature 874
1912,205,education;school;id;anonymized feature 875
1912,206,education;school;id;anonymized feature 535
1912,207,education;school;id;anonymized feature 876
1912,208,education;school;id;anonymized feature 877
1912,209,education;school;id;anonymized feature 322
1912,210,education;school;id;anonymized feature 878
1912,211,education;school;id;anonymized feature 52
1912,212,education;school;id;anonymized feature 879
1912,213,education;school;id;anonymized feature 880
1912,214,education;school;id;anonymized feature 537
1912,215,education;school;id;anonymized feature 881
1912,216,education;school;id;anonymized feature 538
1912,217,education;school;id;anonymized feature 882
1912,218,education;type;anonymized feature 53
1912,219,education;type;anonymized feature 54
1912,220,education;type;anonymized feature 55
1912,221,education;with;id;anonymized feature 883
1912,222,education;with;id;anonymized feature 884
1912,223,education;with;id;anonymized feature 885
1912,224,education;with;id;anonymized feature 886
1912,225,education;with;id;anonymized feature 887
1912,226,education;year;id;anonymized feature 543
1912,227,education;year;id;anonymized feature 58
1912,228,education;year;id;anonymized feature 888
1912,229,education;year;id;anonymized feature 59
1912,230,education;year;id;anonymized feature 544
1912,231,education;year;id;anonymized feature 255
1912,232,education;year;id;anonymized feature 889
1912,233,education;year;id;anonymized feature 60
1912,234,education;year;id;anonymized feature 890
1912,235,education;year;id;anonymized feature 61
1912,236,education;year;id;anonymized feature 62
1912,237,education;year;id;anonymized feature 63
1912,238,education;year;id;anonymized feature 64
1912,239,education;year;id;anonymized feature 65
1912,240,education;year;id;anonymized feature 66
1912,241,education;year;id;anonymized feature 67
1912,242,education;year;id;anonymized feature 68
1912,243,education;year;id;anonymized feature 69
1912,244,education;year;id;anonymized feature 258
1912,245,education;year;id;anonymized feature 71
1912,246,education;year;id;anonymized feature 259
1912,247,education;year;id;anonymized feature 72
1912,248,first_name;anonymized feature 891
1912,249,first_name;anonymized feature 892
1912,250,first_name;anonymized feature 893
1912,251,first_name;anonymized feature 894
1912,252,first_name;anonymized feature 895
1912,253,first_name;anonymized feature 896
1912,254,first_name;anonymized feature 897
1912,255,first_name;anonymized feature 898
1912,256,first_name;anonymized feature 899
1912,257,first_name;anonymized feature 900
1912,258,first_name;anonymized feature 901
1912,259,gender;anonymized feature 77
1912,260,gender;anonymized feature 78
1912,261,hometown;id;anonymized feature 558
1912,262,hometown;id;anonymized feature 902
1912,263,hometown;id;anonymized feature 903
1912,264,hometown;id;anonymized feature 82
1912,265,hometown;id;anonymized feature 904
1912,266,hometown;id;anonymized feature 905
1912,267,hometown;id;anonymized feature 84
1912,268,hometown;id;anonymized feature 134
1912,269,hometown;id;anonymized feature 906
1912,270,hometown;id;anonymized feature 907
1912,271,hometown;id;anonymized feature 908
1912,272,hometown;id;anonymized feature 86
1912,273,hometown;id;anonymized feature 909
1912,274,hometown;id;anonymized feature 910
1912,275,hometown;id;anonymized feature 911
1912,276,hometown;id;anonymized feature 618
1912,277,languages;id;anonymized feature 90
1912,278,languages;id;anonymized feature 912
1912,279,languages;id;anonymized feature 91
1912,280,languages;id;anonymized feature 92
1912,281,languages;id;anonymized feature 93
1912,282,languages;id;anonymized feature 913
1912,283,languages;id;anonymized feature 94
1912,284,languages;id;anonymized feature 572
1912,285,languages;id;anonymized feature 265
1912,286,languages;id;anonymized feature 101
1912,287,languages;id;anonymized feature 914
1912,288,languages;id;anonymized feature 915
1912,289,last_name;anonymized feature 916
1912,290,last_name;anonymized feature 917
1912,291,last_name;anonymized feature 918
1912,292,last_name;anonymized feature 894
1912,293,last_name;anonymized feature 919
1912,294,last_name;anonymized feature 110
1912,295,last_name;anonymized feature 920
1912,296,last_name;anonymized feature 273
1912,297,last_name;anonymized feature 595
1912,298,last_name;anonymized feature 921
1912,299,last_name;anonymized feature 922
1912,300,last_name;anonymized feature 923
1912,301,last_name;anonymized feature 924
1912,302,last_name;anonymized feature 925
1912,303,last_name;anonymized feature 926
1912,304,last_name;anonymized feature 927
1912,305,last_name;anonymized feature 928
1912,306,last_name;anonymized feature 602
1912,307,last_name;anonymized feature 929
1912,308,last_name;anonymized feature 930
1912,309,last_name;anonymized feature 327
1912,310,last_name;anonymized feature 931
1912,311,last_name;anonymized feature 123
1912,312,locale;anonymized feature 126
1912,313,locale;anonymized feature 127
1912,314,locale;anonymized feature 932
1912,315,location;id;anonymized feature 558
1912,316,location;id;anonymized feature 902
1912,317,location;id;anonymized feature 128
1912,318,location;id;anonymized feature 129
1912,319,location;id;anonymized feature 280
1912,320,location;id;anonymized feature 610
1912,321,location;id;anonymized feature 611
1912,322,location;id;anonymized feature 612
1912,323,location;id;anonymized feature 933
1912,324,location;id;anonymized feature 174
1912,325,location;id;anonymized feature 934
1912,326,location;id;anonymized feature 935
1912,327,location;id;anonymized feature 132
1912,328,location;id;anonymized feature 936
1912,329,location;id;anonymized feature 281
1912,330,location;id;anonymized feature 937
1912,331,location;id;anonymized feature 176
1912,332,location;id;anonymized feature 938
1912,333,location;id;anonymized feature 134
1912,334,location;id;anonymized feature 939
1912,335,location;id;anonymized feature 282
1912,336,location;id;anonymized feature 940
1912,337,location;id;anonymized feature 907
1912,338,location;id;anonymized feature 908
1912,339,location;id;anonymized feature 283
1912,340,location;id;anonymized feature 941
1912,341,location;id;anonymized feature 942
1912,342,location;id;anonymized feature 617
1912,343,location;id;anonymized feature 284
1912,344,location;id;anonymized feature 568
1912,345,location;id;anonymized feature 619
1912,346,middle_name;anonymized feature 943
1912,347,work;employer;id;anonymized feature 944
1912,348,work;employer;id;anonymized feature 945
1912,349,work;employer;id;anonymized feature 946
1912,350,work;employer;id;anonymized feature 442
1912,351,work;employer;id;anonymized feature 140
1912,352,work;employer;id;anonymized feature 947
1912,353,work;employer;id;anonymized feature 948
1912,354,work;employer;id;anonymized feature 288
1912,355,work;employer;id;anonymized feature 949
1912,356,work;employer;id;anonymized feature 950
1912,357,work;employer;id;anonymized feature 951
1912,358,work;employer;id;anonymized feature 952
1912,359,work;employer;id;anonymized feature 953
1912,360,work;employer;id;anonymized feature 954
1912,361,work;employer;id;anonymized feature 955
1912,362,work;employer;id;anonymized feature 956
1912,363,work;employer;id;anonymized feature 957
1912,364,work;employer;id;anonymized feature 958
1912,365,work;employer;id;anonymized feature 959
1912,366,work;employer;id;anonymized feature 960
1912,367,work;employer;id;anonymized feature 961
1912,368,work;employer;id;anonymized feature 962
1912,369,work;employer;id;anonymized feature 963
1912,370,work;employer;id;anonymized feature 964
1912,371,work;employer;id;anonymized feature 852
1912,372,work;employer;id;anonymized feature 965
1912,373,work;employer;id;anonymized feature 966
1912,374,work;employer;id;anonymized feature 967
1912,375,work;employer;id;anonymized feature 968
1912,376,work;employer;id;anonymized feature 969
1912,377,work;employer;id;anonymized feature 863
1912,378,work;employer;id;anonymized feature 970
1912,379,work;employer;id;anonymized feature 971
1912,380,work;employer;id;anonymized feature 151
1912,381,work;employer;id;anonymized feature 972
1912,382,work;employer;id;anonymized feature 973
1912,383,work;employer;id;anonymized feature 663
1912,384,work;employer;id;anonymized feature 974
1912,385,work;employer;id;anonymized feature 52
1912,386,work;employer;id;anonymized feature 975
1912,387,work;end_date;anonymized feature 157
1912,388,work;end_date;anonymized feature 676
1912,389,work;end_date;anonymized feature 310
1912,390,work;end_date;anonymized feature 158
1912,391,work;end_date;anonymized feature 976
1912,392,work;end_date;anonymized feature 160
1912,393,work;end_date;anonymized feature 161
1912,394,work;end_date;anonymized feature 162
1912,395,work;end_date;anonymized feature 723
1912,396,work;end_date;anonymized feature 198
1912,397,work;end_date;anonymized feature 164
1912,398,work;end_date;anonymized feature 199
1912,399,work;end_date;anonymized feature 166
1912,400,work;end_date;anonymized feature 167
1912,401,work;end_date;anonymized feature 726
1912,402,work;end_date;anonymized feature 680
1912,403,work;end_date;anonymized feature 168
1912,404,work;end_date;anonymized feature 202
1912,405,work;end_date;anonymized feature 169
1912,406,work;end_date;anonymized feature 170
1912,407,work;end_date;anonymized feature 171
1912,408,work;location;id;anonymized feature 558
1912,409,work;location;id;anonymized feature 128
1912,410,work;location;id;anonymized feature 977
1912,411,work;location;id;anonymized feature 612
1912,412,work;location;id;anonymized feature 933
1912,413,work;location;id;anonymized feature 82
1912,414,work;location;id;anonymized feature 281
1912,415,work;location;id;anonymized feature 133
1912,416,work;location;id;anonymized feature 84
1912,417,work;location;id;anonymized feature 176
1912,418,work;location;id;anonymized feature 134
1912,419,work;location;id;anonymized feature 908
1912,420,work;location;id;anonymized feature 978
1912,421,work;location;id;anonymized feature 979
1912,422,work;location;id;anonymized feature 980
1912,423,work;location;id;anonymized feature 619
1912,424,work;position;id;anonymized feature 981
1912,425,work;position;id;anonymized feature 982
1912,426,work;position;id;anonymized feature 182
1912,427,work;position;id;anonymized feature 983
1912,428,work;position;id;anonymized feature 984
1912,429,work;position;id;anonymized feature 691
1912,430,work;position;id;anonymized feature 985
1912,431,work;position;id;anonymized feature 986
1912,432,work;position;id;anonymized feature 185
1912,433,work;position;id;anonymized feature 987
1912,434,work;position;id;anonymized feature 988
1912,435,work;position;id;anonymized feature 989
1912,436,work;position;id;anonymized feature 189
1912,437,work;position;id;anonymized feature 990
1912,438,work;position;id;anonymized feature 991
1912,439,work;position;id;anonymized feature 992
1912,440,work;position;id;anonymized feature 993
1912,441,work;position;id;anonymized feature 994
1912,442,work;position;id;anonymized feature 995
1912,443,work;position;id;anonymized feature 996
1912,444,work;position;id;anonymized feature 699
1912,445,work;position;id;anonymized feature 700
1912,446,work;position;id;anonymized feature 192
1912,447,work;position;id;anonymized feature 193
1912,448,work;position;id;anonymized feature 997
1912,449,work;position;id;anonymized feature 998
1912,450,work;projects;id;anonymized feature 999
1912,451,work;start_date;anonymized feature 157
1912,452,work;start_date;anonymized feature 310
1912,453,work;start_date;anonymized feature 976
1912,454,work;start_date;anonymized feature 196
1912,455,work;start_date;anonymized feature 1000
1912,456,work;start_date;anonymized feature 160
1912,457,work;start_date;anonymized feature 197
1912,458,work;start_date;anonymized feature 161
1912,459,work;start_date;anonymized feature 162
1912,460,work;start_date;anonymized feature 723
1912,461,work;start_date;anonymized feature 1001
1912,462,work;start_date;anonymized feature 198
1912,463,work;start_date;anonymized feature 724
1912,464,work;start_date;anonymized feature 1002
1912,465,work;start_date;anonymized feature 164
1912,466,work;start_date;anonymized feature 199
1912,467,work;start_date;anonymized feature 165
1912,468,work;start_date;anonymized feature 166
1912,469,work;start_date;anonymized feature 200
1912,470,work;start_date;anonymized feature 725
1912,471,work;start_date;anonymized feature 201
1912,472,work;start_date;anonymized feature 332
1912,473,work;start_date;anonymized feature 726
1912,474,work;start_date;anonymized feature 680
1912,475,work;start_date;anonymized feature 168
1912,476,work;start_date;anonymized feature 202
1912,477,work;start_date;anonymized feature 169
1912,478,work;start_date;anonymized feature 170
1912,479,work;start_date;anonymized feature 681
3437,0,birthday;anonymized feature 1172
3437,1,birthday;anonymized feature 208
3437,2,birthday;anonymized feature 0
3437,3,birthday;anonymized feature 1
3437,4,birthday;anonymized feature 209
3437,5,birthday;anonymized feature 2
3437,6,birthday;anonymized feature 3
3437,7,birthday;anonymized feature 6
3437,8,education;concentration;id;anonymized feature 1173
3437,9,education;concentration;id;anonymized feature 13
3437,10,education;concentration;id;anonymized feature 384
3437,11,education;concentration;id;anonymized feature 386
3437,12,education;concentration;id;anonymized feature 14
3437,13,education;concentration;id;anonymized feature 1009
3437,14,education;concentration;id;anonymized feature 388
3437,15,education;concentration;id;anonymized feature 15
3437,16,education;concentration;id;anonymized feature 389
3437,17,education;concentration;id;anonymized feature 1174
3437,18,education;concentration;id;anonymized feature 338
3437,19,education;concentration;id;anonymized feature 392
3437,20,education;concentration;id;anonymized feature 215
3437,21,education;concentration;id;anonymized feature 1175
3437,22,education;concentration;id;anonymized feature 1176
3437,23,education;concentration;id;anonymized feature 395
3437,24,education;concentration;id;anonymized feature 397
3437,25,education;concentration;id;anonymized feature 216
3437,26,education;concentration;id;anonymized feature 1177
3437,27,education;concentration;id;anonymized feature 1178
3437,28,education;concentration;id;anonymized feature 1179
3437,29,education;concentration;id;anonymized feature 18
3437,30,education;concentration;id;anonymized feature 1012
3437,31,education;concentration;id;anonymized feature 1180
3437,32,education;concentration;id;anonymized feature 1181
3437,33,education;degree;id;anonymized feature 21
3437,34,education;degree;id;anonymized feature 1182
3437,35,education;degree;id;anonymized feature 22
3437,36,education;degree;id;anonymized feature 1183
3437,37,education;degree;id;anonymized feature 23
3437,38,education;degree;id;anonymized feature 1184
3437,39,education;degree;id;anonymized feature 223
3437,40,education;degree;id;anonymized feature 224
3437,41,education;degree;id;anonymized feature 437
3437,42,education;school;id;anonymized feature 225
3437,43,education;school;id;anonymized feature 1185
3437,44,education;school;id;anonymized feature 443
3437,45,education;school;id;anonymized feature 1186
3437,46,education;school;id;anonymized feature 451
3437,47,education;school;id;anonymized feature 341
3437,48,education;school;id;anonymized feature 315
3437,49,education;school;id;anonymized feature 1187
3437,50,education;school;id;anonymized feature 1188
3437,51,education;school;id;anonymized feature 1189
3437,52,education;school;id;anonymized feature 1190
3437,53,education;school;id;anonymized feature 1191
3437,54,education;school;id;anonymized feature 1192
3437,55,education;school;id;anonymized feature 1193
3437,56,education;school;id;anonymized feature 236
3437,57,education;school;id;anonymized feature 1194
3437,58,education;school;id;anonymized feature 1195
3437,59,education;school;id;anonymized feature 1196
3437,60,education;school;id;anonymized feature 1197
3437,61,education;school;id;anonymized feature 1198
3437,62,education;school;id;anonymized feature 1199
3437,63,education;school;id;anonymized feature 44
3437,64,education;school;id;anonymized feature 1200
3437,65,education;school;id;anonymized feature 1201
3437,66,education;school;id;anonymized feature 1202
3437,67,education;school;id;anonymized feature 1203
3437,68,education;school;id;anonymized feature 1204
3437,69,education;school;id;anonymized feature 1205
3437,70,education;school;id;anonymized feature 1206
3437,71,education;school;id;anonymized feature 1207
3437,72,education;school;id;anonymized feature 1208
3437,73,education;school;id;anonymized feature 861
3437,74,education;school;id;anonymized feature 246
3437,75,education;school;id;anonymized feature 50
3437,76,education;school;id;anonymized feature 535
3437,77,education;school;id;anonymized feature 1209
3437,78,education;school;id;anonymized feature 52
3437,79,education;school;id;anonymized feature 537
3437,80,education;school;id;anonymized feature 538
3437,81,education;school;id;anonymized feature 1210
3437,82,education;type;anonymized feature 53
3437,83,education;type;anonymized feature 54
3437,84,education;type;anonymized feature 55
3437,85,education;with;id;anonymized feature 1211
3437,86,education;with;id;anonymized feature 1212
3437,87,education;year;id;anonymized feature 58
3437,88,education;year;id;anonymized feature 253
3437,89,education;year;id;anonymized feature 59
3437,90,education;year;id;anonymized feature 254
3437,91,education;year;id;anonymized feature 255
3437,92,education;year;id;anonymized feature 60
3437,93,education;year;id;anonymized feature 61
3437,94,education;year;id;anonymized feature 62
3437,95,education;year;id;anonymized feature 63
3437,96,education;year;id;anonymized feature 64
3437,97,education;year;id;anonymized feature 65
3437,98,education;year;id;anonymized feature 66
3437,99,education;year;id;anonymized feature 67
3437,100,education;year;id;anonymized feature 68
3437,101,education;year;id;anonymized feature 69
3437,102,education;year;id;anonymized feature 257
3437,103,education;year;id;anonymized feature 258
3437,104,education;year;id;anonymized feature 71
3437,105,education;year;id;anonymized feature 259
3437,106,education;year;id;anonymized feature 72
3437,107,first_name;anonymized feature 545
3437,108,first_name;anonymized feature 1065
3437,109,first_name;anonymized feature 1213
3437,110,first_name;anonymized feature 546
3437,111,first_name;anonymized feature 1214
3437,112,first_name;anonymized feature 1215
3437,113,first_name;anonymized feature 1216
3437,114,first_name;anonymized feature 1217
3437,115,first_name;anonymized feature 1218
3437,116,first_name;anonymized feature 1079
3437,117,gender;anonymized feature 77
3437,118,gender;anonymized feature 78
3437,119,hometown;id;anonymized feature 1219
3437,120,hometown;id;anonymized feature 82
3437,121,hometown;id;anonymized feature 1220
3437,122,hometown;id;anonymized feature 86
3437,123,hometown;id;anonymized feature 283
3437,124,hometown;id;anonymized feature 297
3437,125,hometown;id;anonymized feature 1221
3437,126,hometown;id;anonymized feature 618
3437,127,hometown;id;anonymized feature 1222
3437,128,hometown;id;anonymized feature 1223
3437,129,hometown;id;anonymized feature 619
3437,130,languages;id;anonymized feature 90
3437,131,languages;id;anonymized feature 91
3437,132,languages;id;anonymized feature 92
3437,133,languages;id;anonymized feature 1224
3437,134,languages;id;anonymized feature 913
3437,135,languages;id;anonymized feature 94
3437,136,languages;id;anonymized feature 572
3437,137,languages;id;anonymized feature 1225
3437,138,languages;id;anonymized feature 573
3437,139,languages;id;anonymized feature 97
3437,140,languages;id;anonymized feature 100
3437,141,languages;id;anonymized feature 103
3437,142,last_name;anonymized feature 1226
3437,143,last_name;anonymized feature 1227
3437,144,last_name;anonymized feature 1228
3437,145,last_name;anonymized feature 1229
3437,146,last_name;anonymized feature 106
3437,147,last_name;anonymized feature 578
3437,148,last_name;anonymized feature 1230
3437,149,last_name;anonymized feature 1231
3437,150,last_name;anonymized feature 1232
3437,151,last_name;anonymized feature 1233
3437,152,last_name;anonymized feature 581
3437,153,last_name;anonymized feature 1234
3437,154,last_name;anonymized feature 582
3437,155,last_name;anonymized feature 1115
3437,156,last_name;anonymized feature 1235
3437,157,last_name;anonymized feature 1236
3437,158,last_name;anonymized feature 593
3437,159,last_name;anonymized feature 1237
3437,160,last_name;anonymized feature 595
3437,161,last_name;anonymized feature 1238
3437,162,last_name;anonymized feature 1239
3437,163,last_name;anonymized feature 1240
3437,164,last_name;anonymized feature 1241
3437,165,last_name;anonymized feature 1242
3437,166,last_name;anonymized feature 1243
3437,167,last_name;anonymized feature 1244
3437,168,last_name;anonymized feature 602
3437,169,last_name;anonymized feature 1139
3437,170,last_name;anonymized feature 1245
3437,171,last_name;anonymized feature 1246
3437,172,locale;anonymized feature 126
3437,173,locale;anonymized feature 127
3437,174,locale;anonymized feature 1247
3437,175,locale;anonymized feature 1248
3437,176,locale;anonymized feature 1249
3437,177,location;id;anonymized feature 128
3437,178,location;id;anonymized feature 1250
3437,179,location;id;anonymized feature 129
3437,180,location;id;anonymized feature 296
3437,181,location;id;anonymized feature 174
3437,182,location;id;anonymized feature 1251
3437,183,location;id;anonymized feature 613
3437,184,location;id;anonymized feature 281
3437,185,location;id;anonymized feature 176
3437,186,location;id;anonymized feature 179
3437,187,location;id;anonymized feature 616
3437,188,location;id;anonymized feature 297
3437,189,location;id;anonymized feature 1252
3437,190,location;id;anonymized feature 1223
3437,191,location;id;anonymized feature 619
3437,192,location;id;anonymized feature 138
3437,193,name;anonymized feature 1253
3437,194,work;employer;id;anonymized feature 140
3437,195,work;employer;id;anonymized feature 1156
3437,196,work;employer;id;anonymized feature 1254
3437,197,work;employer;id;anonymized feature 1255
3437,198,work;employer;id;anonymized feature 1256
3437,199,work;employer;id;anonymized feature 1257
3437,200,work;employer;id;anonymized feature 1258
3437,201,work;employer;id;anonymized feature 150
3437,202,work;employer;id;anonymized feature 151
3437,203,work;employer;id;anonymized feature 1259
3437,204,work;employer;id;anonymized feature 667
3437,205,work;employer;id;anonymized feature 52
3437,206,work;employer;id;anonymized feature 154
3437,207,work;employer;id;anonymized feature 537
3437,208,work;employer;id;anonymized feature 1210
3437,209,work;end_date;anonymized feature 157
3437,210,work;end_date;anonymized feature 672
3437,211,work;end_date;anonymized feature 718
3437,212,work;end_date;anonymized feature 1260
3437,213,work;end_date;anonymized feature 676
3437,214,work;end_date;anonymized feature 720
3437,215,work;end_date;anonymized feature 722
3437,216,work;end_date;anonymized feature 976
3437,217,work;end_date;anonymized feature 723
3437,218,work;end_date;anonymized feature 198
3437,219,work;end_date;anonymized feature 199
3437,220,work;end_date;anonymized feature 165
3437,221,work;end_date;anonymized feature 166
3437,222,work;end_date;anonymized feature 200
3437,223,work;end_date;anonymized feature 201
3437,224,work;end_date;anonymized feature 169
3437,225,work;location;id;anonymized feature 128
3437,226,work;location;id;anonymized feature 129
3437,227,work;location;id;anonymized feature 296
3437,228,work;location;id;anonymized feature 174
3437,229,work;location;id;anonymized feature 133
3437,230,work;location;id;anonymized feature 176
3437,231,work;location;id;anonymized feature 177
3437,232,work;location;id;anonymized feature 1220
3437,233,work;location;id;anonymized feature 179
3437,234,work;location;id;anonymized feature 283
3437,235,work;location;id;anonymized feature 284
3437,236,work;location;id;anonymized feature 619
3437,237,work;location;id;anonymized feature 138
3437,238,work;position;id;anonymized feature 1261
3437,239,work;position;id;anonymized feature 1262
3437,240,work;position;id;anonymized feature 1263
3437,241,work;position;id;anonymized feature 183
3437,242,work;position;id;anonymized feature 691
3437,243,work;position;id;anonymized feature 1264
3437,244,work;position;id;anonymized feature 299
3437,245,work;position;id;anonymized feature 1265
3437,246,work;position;id;anonymized feature 1266
3437,247,work;start_date;anonymized feature 157
3437,248,work;start_date;anonymized feature 1267
3437,249,work;start_date;anonymized feature 713
3437,250,work;start_date;anonymized feature 1268
3437,251,work;start_date;anonymized feature 194
3437,252,work;start_date;anonymized feature 1269
3437,253,work;start_date;anonymized feature 375
3437,254,work;start_date;anonymized feature 675
3437,255,work;start_date;anonymized feature 310
3437,256,work;start_date;anonymized feature 158
3437,257,work;start_date;anonymized feature 162
3437,258,work;start_date;anonymized feature 723
3437,259,work;start_date;anonymized feature 198
3437,260,work;start_date;anonymized feature 199
3437,261,work;start_date;anonymized feature 725
348,0,birthday;anonymized feature 206
348,1,birthday;anonymized feature 207
348,2,birthday;anonymized feature 208
348,3,birthday;anonymized feature 0
348,4,birthday;anonymized feature 1
348,5,birthday;anonymized feature 209
348,6,birthday;anonymized feature 2
348,7,birthday;anonymized feature 3
348,8,birthday;anonymized feature 210
348,9,birthday;anonymized feature 5
348,10,birthday;anonymized feature 211
348,11,birthday;anonymized feature 212
348,12,education;concentration;id;anonymized feature 13
348,13,education;concentration;id;anonymized feature 213
348,14,education;concentration;id;anonymized feature 14
348,15,education;concentration;id;anonymized feature 214
348,16,education;concentration;id;anonymized feature 15
348,17,education;concentration;id;anonymized feature 215
348,18,education;concentration;id;anonymized feature 216
348,19,education;concentration;id;anonymized feature 217
348,20,education;concentration;id;anonymized feature 218
348,21,education;concentration;id;anonymized feature 219
348,22,education;degree;id;anonymized feature 20
348,23,education;degree;id;anonymized feature 21
348,24,education;degree;id;anonymized feature 220
348,25,education;degree;id;anonymized feature 22
348,26,education;degree;id;anonymized feature 221
348,27,education;degree;id;anonymized feature 222
348,28,education;degree;id;anonymized feature 223
348,29,education;degree;id;anonymized feature 224
348,30,education;school;id;anonymized feature 225
348,31,education;school;id;anonymized feature 226
348,32,education;school;id;anonymized feature 227
348,33,education;school;id;anonymized feature 228
348,34,education;school;id;anonymized feature 229
348,35,education;school;id;anonymized feature 230
348,36,education;school;id;anonymized feature 231
348,37,education;school;id;anonymized feature 232
348,38,education;school;id;anonymized feature 233
348,39,education;school;id;anonymized feature 234
348,40,education;school;id;anonymized feature 235
348,41,education;school;id;anonymized feature 236
348,42,education;school;id;anonymized feature 237
348,43,education;school;id;anonymized feature 238
348,44,education;school;id;anonymized feature 239
348,45,education;school;id;anonymized feature 240
348,46,education;school;id;anonymized feature 241
348,47,education;school;id;anonymized feature 242
348,48,education;school;id;anonymized feature 243
348,49,education;school;id;anonymized feature 244
348,50,education;school;id;anonymized feature 245
348,51,education;school;id;anonymized feature 246
348,52,education;school;id;anonymized feature 247
348,53,education;school;id;anonymized feature 248
348,54,education;school;id;anonymized feature 50
348,55,education;school;id;anonymized feature 249
348,56,education;school;id;anonymized feature 250
348,57,education;school;id;anonymized feature 251
348,58,education;school;id;anonymized feature 52
348,59,education;type;anonymized feature 53
348,60,education;type;anonymized feature 54
348,61,education;type;anonymized feature 55
348,62,education;with;id;anonymized feature 252
348,63,education;year;id;anonymized feature 58
348,64,education;year;id;anonymized feature 253
348,65,education;year;id;anonymized feature 59
348,66,education;year;id;anonymized feature 254
348,67,education;year;id;anonymized feature 255
348,68,education;year;id;anonymized feature 60
348,69,education;year;id;anonymized feature 61
348,70,education;year;id;anonymized feature 62
348,71,education;year;id;anonymized feature 63
348,72,education;year;id;anonymized feature 64
348,73,education;year;id;anonymized feature 65
348,74,education;year;id;anonymized feature 256
348,75,education;year;id;anonymized feature 66
348,76,education;year;id;anonymized feature 67
348,77,education;year;id;anonymized feature 68
348,78,education;year;id;anonymized feature 69
348,79,education;year;id;anonymized feature 257
348,80,education;year;id;anonymized feature 258
348,81,education;year;id;anonymized feature 259
348,82,education;year;id;anonymized feature 72
348,83,first_name;anonymized feature 260
348,84,first_name;anonymized feature 261
348,85,first_name;anonymized feature 262
348,86,gender;anonymized feature 77
348,87,gender;anonymized feature 78
348,88,hometown;id;anonymized feature 128
348,89,hometown;id;anonymized feature 263
348,90,hometown;id;anonymized feature 84
348,91,hometown;id;anonymized feature 264
348,92,languages;id;anonymized feature 92
348,93,languages;id;anonymized feature 94
348,94,languages;id;anonymized feature 265
348,95,languages;id;anonymized feature 266
348,96,last_name;anonymized feature 267
348,97,last_name;anonymized feature 268
348,98,last_name;anonymized feature 269
348,99,last_name;anonymized feature 270
348,100,last_name;anonymized feature 271
348,101,last_name;anonymized feature 110
348,102,last_name;anonymized feature 272
348,103,last_name;anonymized feature 273
348,104,last_name;anonymized feature 274
348,105,last_name;anonymized feature 275
348,106,last_name;anonymized feature 276
348,107,last_name;anonymized feature 277
348,108,locale;anonymized feature 127
348,109,locale;anonymized feature 278
348,110,location;id;anonymized feature 128
348,111,location;id;anonymized feature 129
348,112,location;id;anonymized feature 279
348,113,location;id;anonymized feature 280
348,114,location;id;anonymized feature 281
348,115,location;id;anonymized feature 133
348,116,location;id;anonymized feature 84
348,117,location;id;anonymized feature 176
348,118,location;id;anonymized feature 282
348,119,location;id;anonymized feature 283
348,120,location;id;anonymized feature 284
348,121,location;id;anonymized feature 138
348,122,work;employer;id;anonymized feature 225
348,123,work;employer;id;anonymized feature 285
348,124,work;employer;id;anonymized feature 286
348,125,work;employer;id;anonymized feature 287
348,126,work;employer;id;anonymized feature 288
348,127,work;employer;id;anonymized feature 289
348,128,work;employer;id;anonymized feature 290
348,129,work;employer;id;anonymized feature 291
348,130,work;employer;id;anonymized feature 292
348,131,work;employer;id;anonymized feature 293
348,132,work;employer;id;anonymized feature 52
348,133,work;end_date;anonymized feature 157
348,134,work;end_date;anonymized feature 294
348,135,work;end_date;anonymized feature 166
348,136,work;end_date;anonymized feature 170
348,137,work;end_date;anonymized feature 171
348,138,work;location;id;anonymized feature 295
348,139,work;location;id;anonymized feature 128
348,140,work;location;id;anonymized feature 296
348,141,work;location;id;anonymized feature 84
348,142,work;location;id;anonymized feature 297
348,143,work;location;id;anonymized feature 298
348,144,work;position;id;anonymized feature 183
348,145,work;position;id;anonymized feature 299
348,146,work;position;id;anonymized feature 300
348,147,work;position;id;anonymized feature 301
348,148,work;position;id;anonymized feature 302
348,149,work;position;id;anonymized feature 303
348,150,work;position;id;anonymized feature 304
348,151,work;position;id;anonymized feature 192
348,152,work;position;id;anonymized feature 193
348,153,work;start_date;anonymized feature 157
348,154,work;start_date;anonymized feature 305
348,155,work;start_date;anonymized feature 306
348,156,work;start_date;anonymized feature 307
348,157,work;start_date;anonymized feature 308
348,158,work;start_date;anonymized feature 309
348,159,work;start_date;anonymized feature 310
348,160,work;start_date;anonymized feature 202
3980,0,birthday;anonymized feature 6
3980,1,education;concentration;id;anonymized feature 14
3980,2,education;degree;id;anonymized feature 22
3980,3,education;school;id;anonymized feature 50
3980,4,education;school;id;anonymized feature 52
3980,5,education;type;anonymized feature 53
3980,6,education;type;anonymized feature 54
3980,7,education;type;anonymized feature 55
3980,8,education;year;id;anonymized feature 542
3980,9,education;year;id;anonymized feature 57
3980,10,education;year;id;anonymized feature 253
3980,11,education;year;id;anonymized feature 1270
3980,12,education;year;id;anonymized feature 1271
3980,13,education;year;id;anonymized feature 254
3980,14,education;year;id;anonymized feature 62
3980,15,education;year;id;anonymized feature 1272
3980,16,education;year;id;anonymized feature 1273
3980,17,education;year;id;anonymized feature 1274
3980,18,education;year;id;anonymized feature 257
3980,19,gender;anonymized feature 77
3980,20,gender;anonymized feature 78
3980,21,hometown;id;anonymized feature 1275
3980,22,languages;id;anonymized feature 90
3980,23,languages;id;anonymized feature 92
3980,24,last_name;anonymized feature 1276
3980,25,last_name;anonymized feature 1277
3980,26,locale;anonymized feature 125
3980,27,locale;anonymized feature 127
3980,28,location;id;anonymized feature 128
3980,29,location;id;anonymized feature 138
3980,30,political;anonymized feature 1278
3980,31,work;employer;id;anonymized feature 140
3980,32,work;employer;id;anonymized feature 1279
3980,33,work;employer;id;anonymized feature 1280
3980,34,work;employer;id;anonymized feature 52
3980,35,work;employer;id;anonymized feature 154
3980,36,work;employer;id;anonymized feature 156
3980,37,work;end_date;anonymized feature 157
3980,38,work;start_date;anonymized feature 157
3980,39,work;start_date;anonymized feature 1281
3980,40,work;start_date;anonymized feature 718
3980,41,work;start_date;anonymized feature 1282
414,0,birthday;anonymized feature 208
414,1,birthday;anonymized feature 0
414,2,birthday;anonymized feature 1
414,3,birthday;anonymized feature 209
414,4,birthday;anonymized feature 2
414,5,birthday;anonymized feature 3
414,6,birthday;anonymized feature 211
414,7,education;concentration;id;anonymized feature 14
414,8,education;concentration;id;anonymized feature 15
414,9,education;concentration;id;anonymized feature 311
414,10,education;concentration;id;anonymized feature 215
414,11,education;concentration;id;anonymized feature 216
414,12,education;concentration;id;anonymized feature 217
414,13,education;concentration;id;anonymized feature 312
414,14,education;degree;id;anonymized feature 220
414,15,education;degree;id;anonymized feature 313
414,16,education;degree;id;anonymized feature 22
414,17,education;degree;id;anonymized feature 221
414,18,education;degree;id;anonymized feature 23
414,19,education;degree;id;anonymized feature 222
414,20,education;degree;id;anonymized feature 223
414,21,education;school;id;anonymized feature 314
414,22,education;school;id;anonymized feature 226
414,23,education;school;id;anonymized feature 228
414,24,education;school;id;anonymized feature 229
414,25,education;school;id;anonymized feature 230
414,26,education;school;id;anonymized feature 315
414,27,education;school;id;anonymized feature 232
414,28,education;school;id;anonymized feature 233
414,29,education;school;id;anonymized feature 236
414,30,education;school;id;anonymized feature 316
414,31,education;school;id;anonymized feature 237
414,32,education;school;id;anonymized feature 238
414,33,education;school;id;anonymized feature 44
414,34,education;school;id;anonymized feature 317
414,35,education;school;id;anonymized feature 244
414,36,education;school;id;anonymized feature 247
414,37,education;school;id;anonymized feature 248
414,38,education;school;id;anonymized feature 318
414,39,education;school;id;anonymized feature 319
414,40,education;school;id;anonymized feature 320
414,41,education;school;id;anonymized feature 321
414,42,education;school;id;anonymized feature 322
414,43,education;school;id;anonymized feature 52
414,44,education;type;anonymized feature 53
414,45,education;type;anonymized feature 54
414,46,education;type;anonymized feature 55
414,47,education;year;id;anonymized feature 58
414,48,education;year;id;anonymized feature 59
414,49,education;year;id;anonymized feature 254
414,50,education;year;id;anonymized feature 255
414,51,education;year;id;anonymized feature 60
414,52,education;year;id;anonymized feature 61
414,53,education;year;id;anonymized feature 62
414,54,education;year;id;anonymized feature 64
414,55,education;year;id;anonymized feature 65
414,56,education;year;id;anonymized feature 66
414,57,education;year;id;anonymized feature 67
414,58,education;year;id;anonymized feature 257
414,59,education;year;id;anonymized feature 258
414,60,education;year;id;anonymized feature 71
414,61,education;year;id;anonymized feature 259
414,62,first_name;anonymized feature 323
414,63,gender;anonymized feature 77
414,64,gender;anonymized feature 78
414,65,hometown;id;anonymized feature 128
414,66,hometown;id;anonymized feature 263
414,67,hometown;id;anonymized feature 84
414,68,hometown;id;anonymized feature 298
414,69,languages;id;anonymized feature 92
414,70,languages;id;anonymized feature 94
414,71,languages;id;anonymized feature 265
414,72,languages;id;anonymized feature 101
414,73,last_name;anonymized feature 324
414,74,last_name;anonymized feature 325
414,75,last_name;anonymized feature 110
414,76,last_name;anonymized feature 326
414,77,last_name;anonymized feature 273
414,78,last_name;anonymized feature 275
414,79,last_name;anonymized feature 327
414,80,last_name;anonymized feature 328
414,81,locale;anonymized feature 126
414,82,locale;anonymized feature 127
414,83,locale;anonymized feature 278
414,84,location;id;anonymized feature 128
414,85,location;id;anonymized feature 129
414,86,location;id;anonymized feature 281
414,87,location;id;anonymized feature 84
414,88,name;anonymized feature 329
414,89,work;employer;id;anonymized feature 330
414,90,work;employer;id;anonymized feature 331
414,91,work;employer;id;anonymized feature 52
414,92,work;end_date;anonymized feature 157
414,93,work;end_date;anonymized feature 332
414,94,work;location;id;anonymized feature 296
414,95,work;location;id;anonymized feature 84
414,96,work;location;id;anonymized feature 297
414,97,work;position;id;anonymized feature 183
414,98,work;position;id;anonymized feature 301
414,99,work;position;id;anonymized feature 333
414,100,work;start_date;anonymized feature 157
414,101,work;start_date;anonymized feature 334
414,102,work;start_date;anonymized feature 310
414,103,work;start_date;anonymized feature 200
414,104,work;start_date;anonymized feature 202
686,0,birthday;anonymized feature 209
686,1,birthday;anonymized feature 2
686,2,birthday;anonymized feature 3
686,3,birthday;anonymized feature 210
686,4,education;classes;id;anonymized feature 335
686,5,education;classes;id;anonymized feature 336
686,6,education;concentration;id;anonymized feature 14
686,7,education;concentration;id;anonymized feature 337
686,8,education;concentration;id;anonymized feature 338
686,9,education;concentration;id;anonymized feature 217
686,10,education;concentration;id;anonymized feature 339
686,11,education;school;id;anonymized feature 340
686,12,education;school;id;anonymized feature 341
686,13,education;school;id;anonymized feature 342
686,14,education;school;id;anonymized feature 343
686,15,education;school;id;anonymized feature 344
686,16,education;school;id;anonymized feature 345
686,17,education;school;id;anonymized feature 346
686,18,education;school;id;anonymized feature 347
686,19,education;school;id;anonymized feature 348
686,20,education;school;id;anonymized feature 349
686,21,education;type;anonymized feature 53
686,22,education;type;anonymized feature 54
686,23,education;type;anonymized feature 55
686,24,education;with;id;anonymized feature 350
686,25,education;with;id;anonymized feature 351
686,26,education;year;id;anonymized feature 255
686,27,education;year;id;anonymized feature 61
686,28,education;year;id;anonymized feature 64
686,29,education;year;id;anonymized feature 65
686,30,education;year;id;anonymized feature 67
686,31,education;year;id;anonymized feature 71
686,32,education;year;id;anonymized feature 259
686,33,education;year;id;anonymized feature 72
686,34,first_name;anonymized feature 352
686,35,first_name;anonymized feature 353
686,36,first_name;anonymized feature 354
686,37,first_name;anonymized feature 355
686,38,first_name;anonymized feature 356
686,39,first_name;anonymized feature 357
686,40,first_name;anonymized feature 358
686,41,gender;anonymized feature 77
686,42,gender;anonymized feature 78
686,43,hometown;id;anonymized feature 359
686,44,languages;id;anonymized feature 92
686,45,languages;id;anonymized feature 97
686,46,last_name;anonymized feature 360
686,47,last_name;anonymized feature 361
686,48,last_name;anonymized feature 362
686,49,last_name;anonymized feature 363
686,50,last_name;anonymized feature 273
686,51,last_name;anonymized feature 364
686,52,last_name;anonymized feature 365
686,53,locale;anonymized feature 126
686,54,locale;anonymized feature 127
686,55,location;id;anonymized feature 359
686,56,location;id;anonymized feature 366
686,57,location;id;anonymized feature 367
686,58,work;employer;id;anonymized feature 343
686,59,work;employer;id;anonymized feature 368
686,60,work;end_date;anonymized feature 157
686,61,work;location;id;anonymized feature 359
686,62,work;start_date;anonymized feature 157
698,0,birthday;anonymized feature 2
698,1,birthday;anonymized feature 3
698,2,education;classes;id;anonymized feature 335
698,3,education;classes;id;anonymized feature 336
698,4,education;concentration;id;anonymized feature 14
698,5,education;degree;id;anonymized feature 22
698,6,education;school;id;anonymized feature 340
698,7,education;school;id;anonymized feature 341
698,8,education;school;id;anonymized feature 369
698,9,education;school;id;anonymized feature 342
698,10,education;school;id;anonymized feature 370
698,11,education;school;id;anonymized feature 348
698,12,education;type;anonymized feature 53
698,13,education;type;anonymized feature 54
698,14,education;type;anonymized feature 55
698,15,education;with;id;anonymized feature 350
698,16,education;year;id;anonymized feature 59
698,17,education;year;id;anonymized feature 255
698,18,education;year;id;anonymized feature 60
698,19,education;year;id;anonymized feature 61
698,20,education;year;id;anonymized feature 64
698,21,education;year;id;anonymized feature 71
698,22,education;year;id;anonymized feature 259
698,23,education;year;id;anonymized feature 72
698,24,first_name;anonymized feature 355
698,25,first_name;anonymized feature 356
698,26,gender;anonymized feature 77
698,27,gender;anonymized feature 78
698,28,hometown;id;anonymized feature 359
698,29,hometown;id;anonymized feature 366
698,30,languages;id;anonymized feature 92
698,31,last_name;anonymized feature 371
698,32,last_name;anonymized feature 365
698,33,locale;anonymized feature 126
698,34,locale;anonymized feature 127
698,35,location;id;anonymized feature 359
698,36,location;id;anonymized feature 366
698,37,name;anonymized feature 372
698,38,work;employer;id;anonymized feature 373
698,39,work;employer;id;anonymized feature 140
698,40,work;employer;id;anonymized feature 154
698,41,work;end_date;anonymized feature 157
698,42,work;end_date;anonymized feature 161
698,43,work;location;id;anonymized feature 374
698,44,work;location;id;anonymized feature 366
698,45,work;start_date;anonymized feature 157
698,46,work;start_date;anonymized feature 375
698,47,work;start_date;anonymized feature 196
