like_id,user_id,post_id
like_1,58,post_1
like_2,171,post_1
like_3,119,post_2
like_4,149,post_3
like_5,188,post_4
like_6,306,post_5
like_7,328,post_5
like_8,152,post_5
like_9,180,post_6
like_10,204,post_6
like_11,95,post_7
like_12,213,post_8
like_13,110,post_9
like_14,105,post_10
like_15,322,post_10
like_16,85,post_11
like_17,291,post_12
like_18,265,post_15
like_19,148,post_15
like_20,238,post_16
like_21,151,post_17
like_22,261,post_19
like_23,214,post_20
like_24,312,post_20
like_25,137,post_20
like_26,116,post_20
like_27,289,post_22
like_28,138,post_22
like_29,343,post_23
like_30,67,post_24
like_31,277,post_24
like_32,232,post_24
like_33,109,post_25
like_34,248,post_25
like_35,297,post_26
like_36,236,post_26
like_37,104,post_26
like_38,31,post_26
like_39,345,post_26
like_40,56,post_26
like_41,339,post_27
like_42,124,post_28
like_43,80,post_29
like_44,170,post_30
like_45,67,post_30
like_46,72,post_31
like_47,288,post_31
like_48,276,post_32
like_49,280,post_33
like_50,185,post_33
like_51,62,post_33
like_52,188,post_34
like_53,176,post_34
like_54,67,post_34
like_55,271,post_34
like_56,54,post_35
like_57,149,post_36
like_58,140,post_36
like_59,252,post_37
like_60,188,post_38
like_61,25,post_39
like_62,339,post_39
like_63,277,post_39
like_64,337,post_40
like_65,42,post_41
like_66,173,post_42
like_67,414,post_42
like_68,143,post_43
like_69,127,post_44
like_70,117,post_46
like_71,119,post_47
like_72,25,post_47
like_73,169,post_48
like_74,72,post_48
like_75,326,post_49
like_76,337,post_50
like_77,33,post_51
like_78,343,post_53
like_79,20,post_53
like_80,41,post_53
like_81,312,post_53
like_82,142,post_54
like_83,177,post_55
like_84,301,post_56
like_85,57,post_57
like_86,255,post_58
like_87,314,post_59
like_88,83,post_60
like_89,31,post_60
like_90,192,post_61
like_91,54,post_62
like_92,317,post_62
like_93,48,post_62
like_94,242,post_63
like_95,27,post_64
like_96,170,post_65
like_97,104,post_65
like_98,62,post_66
like_99,290,post_66
like_100,128,post_66
like_101,291,post_67
like_102,277,post_67
like_103,82,post_67
like_104,323,post_67
like_105,334,post_67
like_106,21,post_68
like_107,342,post_68
like_108,207,post_68
like_109,341,post_68
like_110,132,post_68
like_111,92,post_69
like_112,24,post_69
like_113,171,post_70
like_114,250,post_71
like_115,325,post_71
like_116,285,post_72
like_117,193,post_73
like_118,276,post_74
like_119,318,post_74
like_120,170,post_74
like_121,342,post_75
like_122,189,post_76
like_123,171,post_76
like_124,25,post_77
like_125,82,post_77
like_126,118,post_77
like_127,134,post_78
like_128,186,post_79
like_129,72,post_79
like_130,315,post_79
like_131,200,post_79
like_132,212,post_79
like_133,69,post_80
like_134,323,post_80
like_135,224,post_80
like_136,212,post_80
like_137,69,post_81
like_138,261,post_81
like_139,199,post_81
like_140,143,post_82
like_141,67,post_83
like_142,230,post_84
like_143,230,post_85
like_144,307,post_85
like_145,67,post_86
like_146,56,post_87
like_147,132,post_87
like_148,88,post_88
like_149,30,post_88
like_150,126,post_88
like_151,170,post_90
like_152,25,post_91
like_153,270,post_91
like_154,294,post_92
like_155,40,post_92
like_156,117,post_92
like_157,231,post_92
like_158,218,post_93
like_159,119,post_94
like_160,57,post_95
like_161,286,post_96
like_162,123,post_97
like_163,169,post_97
like_164,170,post_97
like_165,261,post_97
like_166,51,post_98
like_167,237,post_98
like_168,25,post_98
like_169,23,post_98
like_170,84,post_98
like_171,236,post_99
like_172,265,post_99
like_173,9,post_100
like_174,175,post_101
like_175,278,post_101
like_176,227,post_101
like_177,136,post_102
like_178,236,post_103
like_179,106,post_103
like_180,219,post_104
like_181,6,post_104
like_182,319,post_104
like_183,95,post_104
like_184,179,post_105
like_185,8,post_106
like_186,193,post_106
like_187,245,post_106
like_188,110,post_106
like_189,201,post_106
like_190,24,post_107
like_191,266,post_107
like_192,187,post_107
like_193,254,post_107
like_194,57,post_107
like_195,137,post_108
like_196,92,post_109
like_197,299,post_110
like_198,242,post_110
like_199,6,post_111
like_200,62,post_112
like_201,230,post_113
like_202,182,post_113
like_203,277,post_114
like_204,67,post_114
like_205,278,post_115
like_206,163,post_116
like_207,266,post_117
like_208,187,post_117
like_209,296,post_118
like_210,99,post_118
like_211,263,post_118
like_212,56,post_119
like_213,26,post_120
like_214,119,post_121
like_215,238,post_122
like_216,332,post_122
like_217,88,post_122
like_218,231,post_122
like_219,1726,post_123
like_220,580,post_124
like_221,601,post_124
like_222,1534,post_124
like_223,36,post_125
like_224,251,post_125
like_225,127,post_125
like_226,284,post_125
like_227,26,post_126
like_228,259,post_127
like_229,20,post_128
like_230,19,post_129
like_231,252,post_130
like_232,17,post_132
like_233,20,post_132
like_234,220,post_132
like_235,144,post_133
like_236,149,post_133
like_237,285,post_134
like_238,211,post_135
like_239,203,post_135
like_240,211,post_136
like_241,277,post_136
like_242,188,post_137
like_243,200,post_137
like_244,331,post_137
like_245,25,post_138
like_246,50,post_139
like_247,122,post_139
like_248,109,post_139
like_249,269,post_139
like_250,247,post_140
like_251,136,post_140
like_252,277,post_140
like_253,39,post_141
like_254,236,post_141
like_255,170,post_142
like_256,280,post_143
like_257,26,post_144
like_258,157,post_145
like_259,119,post_146
like_260,136,post_146
like_261,48,post_147
like_262,73,post_147
like_263,309,post_148
like_264,135,post_148
like_265,108,post_148
like_266,139,post_148
like_267,281,post_148
like_268,172,post_149
like_269,119,post_150
like_270,172,post_150
like_271,211,post_150
like_272,7,post_151
like_273,339,post_151
like_274,347,post_151
like_275,329,post_152
like_276,191,post_152
like_277,300,post_152
like_278,143,post_153
like_279,278,post_153
like_280,225,post_153
like_281,334,post_154
like_282,134,post_154
like_283,62,post_155
like_284,199,post_156
like_285,252,post_156
like_286,118,post_156
like_287,251,post_157
like_288,127,post_157
like_289,304,post_158
like_290,315,post_158
like_291,339,post_158
like_292,246,post_158
like_293,2508,post_158
like_294,2378,post_159
like_295,2032,post_159
like_296,2128,post_160
like_297,2635,post_160
like_298,2071,post_160
like_299,2224,post_161
like_300,2292,post_161
like_301,2589,post_161
like_302,17,post_162
like_303,19,post_163
like_304,251,post_164
like_305,197,post_164
like_306,116,post_165
like_307,224,post_166
like_308,67,post_166
like_309,62,post_166
like_310,323,post_167
like_311,276,post_167
like_312,224,post_167
like_313,9,post_167
like_314,56,post_168
like_315,67,post_168
like_316,10,post_168
like_317,332,post_168
like_318,131,post_169
like_319,116,post_170
like_320,179,post_171
like_321,317,post_172
like_322,89,post_173
like_323,219,post_173
like_324,6,post_173
like_325,319,post_173
like_326,25,post_174
like_327,224,post_174
like_328,162,post_175
like_329,119,post_176
like_330,41,post_177
like_331,14,post_177
like_332,312,post_177
like_333,339,post_178
like_334,181,post_178
like_335,4,post_178
like_336,280,post_179
like_337,219,post_180
like_338,157,post_181
like_339,23,post_181
like_340,258,post_182
like_341,124,post_183
like_342,113,post_184
like_343,184,post_185
like_344,260,post_186
like_345,203,post_187
like_346,252,post_187
like_347,149,post_188
like_348,20,post_188
like_349,343,post_188
like_350,312,post_188
like_351,116,post_188
like_352,100,post_189
like_353,173,post_189
like_354,285,post_190
like_355,113,post_191
like_356,334,post_191
like_357,169,post_191
like_358,198,post_192
like_359,202,post_192
like_360,137,post_193
like_361,93,post_193
like_362,337,post_193
like_363,304,post_194
like_364,248,post_195
like_365,122,post_195
like_366,104,post_195
like_367,40,post_195
like_368,315,post_195
like_369,142,post_195
like_370,67,post_195
like_371,334,post_195
like_372,315,post_196
like_373,119,post_197
like_374,189,post_197
like_375,72,post_198
like_376,342,post_198
like_377,141,post_198
like_378,414,post_199
like_379,163,post_199
like_380,427,post_199
like_381,293,post_200
like_382,19,post_200
like_383,112,post_200
like_384,227,post_201
like_385,271,post_202
like_386,86,post_203
like_387,225,post_203
like_388,227,post_203
like_389,30,post_204
like_390,90,post_205
like_391,101,post_206
like_392,306,post_207
like_393,97,post_208
like_394,253,post_208
like_395,133,post_209
like_396,346,post_210
like_397,108,post_210
like_398,315,post_211
like_399,26,post_211
like_400,45,post_212
like_401,236,post_212
like_402,322,post_212
like_403,80,post_213
like_404,280,post_214
like_405,119,post_215
like_406,23,post_216
like_407,53,post_217
like_408,115,post_218
like_409,259,post_219
like_410,266,post_220
like_411,187,post_220
like_412,4,post_221
like_413,67,post_222
like_414,139,post_223
like_415,441,post_224
like_416,203,post_225
like_417,3,post_226
like_418,323,post_227
like_419,285,post_227
like_420,259,post_228
like_421,8,post_228
like_422,173,post_229
like_423,329,post_229
like_424,313,post_230
like_425,268,post_230
like_426,238,post_231
like_427,324,post_231
like_428,161,post_231
like_429,266,post_232
like_430,330,post_233
like_431,192,post_234
like_432,121,post_235
like_433,322,post_236
like_434,119,post_237
like_435,277,post_237
like_436,285,post_237
like_437,13,post_240
like_438,223,post_240
like_439,13,post_241
like_440,199,post_242
like_441,40,post_243
like_442,87,post_244
like_443,137,post_245
like_444,41,post_245
like_445,17,post_245
like_446,140,post_245
like_447,243,post_247
like_448,64,post_248
like_449,189,post_248
like_450,324,post_248
like_451,4,post_249
like_452,89,post_250
like_453,262,post_251
like_454,115,post_251
like_455,322,post_252
like_456,45,post_252
like_457,118,post_253
like_458,239,post_254
like_459,239,post_255
like_460,141,post_256
like_461,40,post_257
like_462,175,post_258
like_463,14,post_259
like_464,175,post_260
like_465,296,post_260
like_466,68,post_260
like_467,86,post_260
like_468,283,post_261
like_469,334,post_262
like_470,109,post_262
like_471,119,post_262
like_472,71,post_263
like_473,82,post_264
like_474,40,post_265
like_475,122,post_266
like_476,256,post_267
like_477,239,post_268
like_478,122,post_269
like_479,322,post_270
like_480,88,post_270
like_481,280,post_271
like_482,51,post_272
like_483,265,post_273
like_484,13,post_273
like_485,172,post_273
like_486,344,post_274
like_487,223,post_274
like_488,59,post_274
like_489,55,post_274
like_490,59,post_275
like_491,55,post_275
like_492,295,post_275
like_493,169,post_275
like_494,23,post_276
like_495,222,post_276
like_496,49,post_277
like_497,213,post_278
like_498,322,post_278
like_499,187,post_278
like_500,41,post_279
like_501,282,post_280
like_502,259,post_281
like_503,339,post_282
like_504,315,post_282
like_505,322,post_282
like_506,120,post_283
like_507,29,post_283
like_508,169,post_284
like_509,24,post_285
like_510,57,post_285
like_511,330,post_286
like_512,59,post_287
like_513,122,post_288
like_514,320,post_288
like_515,313,post_289
like_516,118,post_289
like_517,272,post_289
like_518,324,post_290
like_519,332,post_290
like_520,118,post_290
like_521,313,post_290
like_522,325,post_290
like_523,212,post_291
like_524,182,post_292
like_525,187,post_293
like_526,101,post_293
like_527,194,post_293
like_528,49,post_294
like_529,233,post_295
like_530,295,post_296
like_531,105,post_296
like_532,9,post_297
like_533,193,post_298
like_534,264,post_298
like_535,91,post_298
like_536,170,post_299
like_537,119,post_300
like_538,118,post_300
like_539,220,post_301
like_540,102,post_302
like_541,110,post_303
like_542,8,post_303
like_543,252,post_304
like_544,187,post_305
like_545,254,post_305
like_546,330,post_305
like_547,180,post_305
like_548,196,post_305
like_549,23,post_306
like_550,59,post_307
like_551,118,post_307
like_552,119,post_308
like_553,329,post_308
like_554,81,post_308
like_555,58,post_308
like_556,203,post_309
like_557,25,post_309
like_558,172,post_310
like_559,236,post_310
like_560,314,post_310
like_561,119,post_310
like_562,56,post_310
like_563,9,post_311
like_564,185,post_311
like_565,148,post_312
like_566,72,post_313
like_567,277,post_313
like_568,203,post_313
like_569,195,post_314
like_570,328,post_314
like_571,188,post_315
like_572,328,post_316
like_573,98,post_317
like_574,9,post_318
like_575,26,post_318
like_576,31,post_318
like_577,186,post_318
like_578,308,post_319
like_579,208,post_319
like_580,186,post_319
like_581,46,post_320
like_582,111,post_321
like_583,67,post_322
like_584,277,post_322
like_585,40,post_322
like_586,257,post_323
like_587,36,post_324
like_588,127,post_324
like_589,244,post_325
like_590,228,post_326
like_591,309,post_327
like_592,142,post_328
like_593,60,post_328
like_594,109,post_328
like_595,81,post_329
like_596,315,post_331
like_597,214,post_332
like_598,277,post_333
like_599,170,post_333
like_600,7,post_334
like_601,174,post_336
like_602,77,post_337
like_603,239,post_338
like_604,227,post_339
like_605,56,post_340
like_606,232,post_341
like_607,101,post_342
like_608,249,post_342
like_609,302,post_342
like_610,130,post_343
like_611,47,post_344
like_612,324,post_344
like_613,266,post_345
like_614,56,post_346
like_615,9,post_347
like_616,246,post_348
like_617,56,post_348
like_618,312,post_349
like_619,328,post_350
like_620,4,post_350
like_621,40,post_351
like_622,230,post_351
like_623,66,post_352
like_624,135,post_353
like_625,184,post_353
like_626,111,post_354
like_627,337,post_354
like_628,41,post_354
like_629,17,post_354
like_630,265,post_355
like_631,326,post_356
like_632,140,post_356
like_633,118,post_357
like_634,96,post_358
like_635,261,post_358
like_636,236,post_358
like_637,105,post_359
like_638,133,post_360
like_639,56,post_360
like_640,136,post_361
like_641,345,post_361
like_642,303,post_361
like_643,249,post_361
like_644,5,post_362
like_645,146,post_363
like_646,104,post_364
like_647,123,post_364
like_648,261,post_364
like_649,334,post_364
like_650,89,post_365
like_651,309,post_366
like_652,251,post_366
like_653,175,post_367
like_654,246,post_368
like_655,178,post_368
like_656,60,post_369
like_657,207,post_369
like_658,341,post_370
like_659,239,post_370
like_660,285,post_371
like_661,119,post_371
like_662,170,post_372
like_663,280,post_372
like_664,258,post_372
like_665,203,post_373
like_666,199,post_374
like_667,304,post_374
like_668,109,post_375
like_669,203,post_375
like_670,261,post_376
like_671,343,post_377
like_672,89,post_378
like_673,319,post_378
like_674,95,post_378
like_675,4,post_379
like_676,280,post_380
like_677,184,post_380
like_678,27,post_380
like_679,249,post_381
like_680,332,post_382
like_681,13,post_383
like_682,285,post_383
like_683,343,post_384
like_684,214,post_384
like_685,20,post_384
like_686,2,post_384
like_687,132,post_385
like_688,229,post_385
like_689,113,post_385
like_690,229,post_386
like_691,132,post_386
like_692,123,post_386
like_693,88,post_388
like_694,25,post_388
like_695,310,post_389
like_696,167,post_389
like_697,31,post_390
like_698,136,post_391
like_699,103,post_391
like_700,246,post_391
like_701,7,post_391
like_702,313,post_391
like_703,119,post_391
like_704,339,post_392
like_705,170,post_393
like_706,56,post_394
like_707,115,post_395
like_708,239,post_396
like_709,122,post_396
like_710,303,post_397
like_711,242,post_398
like_712,249,post_398
like_713,168,post_399
like_714,566,post_400
like_715,428,post_400
like_716,34,post_400
like_717,524,post_401
like_718,434,post_402
like_719,534,post_402
like_720,478,post_402
like_721,508,post_402
like_722,531,post_403
like_723,527,post_403
like_724,564,post_404
like_725,454,post_404
like_726,198,post_404
like_727,364,post_404
like_728,462,post_405
like_729,398,post_405
like_730,493,post_406
like_731,388,post_407
like_732,503,post_407
like_733,561,post_408
like_734,409,post_409
like_735,373,post_410
like_736,417,post_410
like_737,363,post_410
like_738,560,post_410
like_739,396,post_411
like_740,547,post_411
like_741,565,post_412
like_742,519,post_412
like_743,547,post_412
like_744,463,post_412
like_745,410,post_413
like_746,528,post_413
like_747,472,post_414
like_748,411,post_414
like_749,369,post_415
like_750,475,post_417
like_751,388,post_418
like_752,558,post_418
like_753,562,post_419
like_754,547,post_419
like_755,519,post_419
like_756,481,post_419
like_757,412,post_420
like_758,558,post_420
like_759,1080,post_421
like_760,1400,post_421
like_761,526,post_422
like_762,507,post_422
like_763,566,post_422
like_764,527,post_423
like_765,514,post_423
like_766,198,post_424
like_767,520,post_425
like_768,408,post_425
like_769,513,post_425
like_770,556,post_425
like_771,360,post_425
like_772,976,post_426
like_773,517,post_427
like_774,376,post_427
like_775,542,post_427
like_776,391,post_428
like_777,526,post_429
like_778,416,post_429
like_779,500,post_430
like_780,536,post_430
like_781,395,post_430
like_782,433,post_431
like_783,518,post_431
like_784,516,post_431
like_785,563,post_432
like_786,407,post_432
like_787,419,post_432
like_788,374,post_433
like_789,565,post_433
like_790,555,post_433
like_791,483,post_433
like_792,461,post_433
like_793,542,post_433
like_794,506,post_433
like_795,388,post_433
like_796,428,post_434
like_797,471,post_434
like_798,402,post_435
like_799,451,post_435
like_800,362,post_436
like_801,460,post_437
like_802,455,post_437
like_803,429,post_437
like_804,461,post_438
like_805,366,post_438
like_806,517,post_438
like_807,471,post_438
like_808,370,post_439
like_809,390,post_439
like_810,421,post_439
like_811,432,post_440
like_812,497,post_440
like_813,570,post_440
like_814,565,post_440
like_815,523,post_440
like_816,520,post_441
like_817,439,post_441
like_818,408,post_442
like_819,366,post_443
like_820,458,post_443
like_821,563,post_444
like_822,475,post_444
like_823,359,post_444
like_824,492,post_445
like_825,515,post_445
like_826,434,post_445
like_827,428,post_445
like_828,496,post_445
like_829,500,post_445
like_830,383,post_446
like_831,488,post_447
like_832,482,post_447
like_833,561,post_447
like_834,434,post_447
like_835,431,post_448
like_836,542,post_448
like_837,514,post_448
like_838,561,post_449
like_839,471,post_449
like_840,542,post_449
like_841,532,post_450
like_842,424,post_451
like_843,516,post_451
like_844,554,post_452
like_845,531,post_453
like_846,474,post_453
like_847,377,post_454
like_848,387,post_454
like_849,552,post_455
like_850,464,post_455
like_851,350,post_455
like_852,363,post_456
like_853,401,post_457
like_854,525,post_458
like_855,461,post_458
like_856,570,post_458
like_857,450,post_459
like_858,376,post_459
like_859,444,post_459
like_860,1013,post_460
like_861,1385,post_460
like_862,1259,post_460
like_863,516,post_460
like_864,475,post_461
like_865,500,post_462
like_866,376,post_462
like_867,524,post_462
like_868,353,post_462
like_869,414,post_463
like_870,500,post_463
like_871,493,post_464
like_872,501,post_465
like_873,408,post_466
like_874,414,post_466
like_875,559,post_467
like_876,515,post_467
like_877,537,post_468
like_878,515,post_469
like_879,544,post_469
like_880,419,post_469
like_881,513,post_469
like_882,488,post_469
like_883,475,post_470
like_884,513,post_471
like_885,479,post_472
like_886,375,post_472
like_887,456,post_473
like_888,527,post_473
like_889,494,post_473
like_890,393,post_474
like_891,461,post_475
like_892,415,post_475
like_893,376,post_476
like_894,386,post_477
like_895,387,post_478
like_896,514,post_479
like_897,412,post_479
like_898,475,post_479
like_899,363,post_480
like_900,546,post_481
like_901,396,post_481
like_902,479,post_482
like_903,559,post_483
like_904,395,post_483
like_905,503,post_483
like_906,496,post_483
like_907,444,post_483
like_908,478,post_484
like_909,387,post_485
like_910,532,post_485
like_911,437,post_485
like_912,490,post_486
like_913,455,post_486
like_914,426,post_486
like_915,431,post_487
like_916,373,post_488
like_917,500,post_489
like_918,375,post_489
like_919,526,post_489
like_920,474,post_490
like_921,498,post_491
like_922,356,post_491
like_923,506,post_492
like_924,484,post_492
like_925,560,post_492
like_926,400,post_492
like_927,352,post_492
like_928,391,post_493
like_929,461,post_494
like_930,412,post_495
like_931,500,post_495
like_932,513,post_495
like_933,376,post_496
like_934,475,post_496
like_935,506,post_496
like_936,500,post_497
like_937,388,post_498
like_938,404,post_498
like_939,465,post_498
like_940,556,post_498
like_941,503,post_499
like_942,563,post_499
like_943,419,post_499
like_944,508,post_500
like_945,567,post_500
like_946,524,post_500
like_947,421,post_501
like_948,495,post_501
like_949,517,post_502
like_950,538,post_502
like_951,428,post_502
like_952,432,post_503
like_953,526,post_504
like_954,484,post_504
like_955,395,post_504
like_956,381,post_504
like_957,565,post_505
like_958,483,post_505
like_959,513,post_505
like_960,566,post_506
like_961,432,post_506
like_962,556,post_507
like_963,374,post_507
like_964,1673,post_507
like_965,563,post_508
like_966,417,post_508
like_967,412,post_509
like_968,631,post_510
like_969,644,post_510
like_970,391,post_511
like_971,431,post_511
like_972,436,post_511
like_973,444,post_512
like_974,523,post_512
like_975,370,post_513
like_976,509,post_514
like_977,380,post_514
like_978,457,post_514
like_979,373,post_515
like_980,534,post_515
like_981,520,post_515
like_982,378,post_516
like_983,414,post_517
like_984,1408,post_518
like_985,408,post_518
like_986,563,post_519
like_987,558,post_519
like_988,366,post_519
like_989,563,post_520
like_990,481,post_521
like_991,561,post_522
like_992,392,post_522
like_993,408,post_523
like_994,400,post_523
like_995,517,post_523
like_996,500,post_523
like_997,606,post_523
like_998,417,post_524
like_999,353,post_524
like_1000,416,post_525
like_1001,497,post_525
like_1002,527,post_526
like_1003,456,post_526
like_1004,455,post_527
like_1005,533,post_527
like_1006,407,post_527
like_1007,488,post_528
like_1008,378,post_528
like_1009,458,post_528
like_1010,366,post_528
like_1011,515,post_528
like_1012,456,post_529
like_1013,431,post_529
like_1014,497,post_530
like_1015,551,post_530
like_1016,389,post_530
like_1017,523,post_531
like_1018,431,post_531
like_1019,402,post_531
like_1020,412,post_532
like_1021,431,post_532
like_1022,492,post_533
like_1023,461,post_533
like_1024,376,post_533
like_1025,378,post_533
like_1026,414,post_533
like_1027,488,post_533
like_1028,542,post_533
like_1029,499,post_534
like_1030,408,post_535
like_1031,520,post_535
like_1032,388,post_535
like_1033,431,post_535
like_1034,376,post_535
like_1035,523,post_536
like_1036,388,post_537
like_1037,475,post_537
like_1038,513,post_538
like_1039,461,post_538
like_1040,419,post_539
like_1041,364,post_540
like_1042,412,post_541
like_1043,475,post_541
like_1044,439,post_541
like_1045,453,post_542
like_1046,397,post_543
like_1047,388,post_544
like_1048,487,post_545
like_1049,517,post_545
like_1050,413,post_547
like_1051,460,post_547
like_1052,444,post_548
like_1053,376,post_549
like_1054,396,post_550
like_1055,463,post_550
like_1056,563,post_551
like_1057,569,post_552
like_1058,465,post_552
like_1059,500,post_553
like_1060,437,post_554
like_1061,564,post_555
like_1062,351,post_555
like_1063,422,post_556
like_1064,350,post_556
like_1065,375,post_557
like_1066,553,post_558
like_1067,425,post_558
like_1068,408,post_559
like_1069,561,post_559
like_1070,389,post_560
like_1071,553,post_561
like_1072,475,post_561
like_1073,545,post_561
like_1074,434,post_561
like_1075,516,post_562
like_1076,389,post_562
like_1077,551,post_562
like_1078,457,post_562
like_1079,357,post_562
like_1080,402,post_563
like_1081,475,post_563
like_1082,370,post_564
like_1083,448,post_564
like_1084,558,post_564
like_1085,370,post_565
like_1086,463,post_565
like_1087,413,post_565
like_1088,463,post_566
like_1089,517,post_567
like_1090,436,post_567
like_1091,591,post_567
like_1092,437,post_568
like_1093,409,post_568
like_1094,376,post_569
like_1095,384,post_570
like_1096,484,post_571
like_1097,417,post_571
like_1098,544,post_571
like_1099,452,post_572
like_1100,525,post_572
like_1101,506,post_572
like_1102,507,post_572
like_1103,430,post_573
like_1104,451,post_573
like_1105,432,post_573
like_1106,416,post_573
like_1107,561,post_573
like_1108,452,post_573
like_1109,522,post_574
like_1110,532,post_575
like_1111,572,post_575
like_1112,453,post_576
like_1113,540,post_577
like_1114,354,post_578
like_1115,561,post_579
like_1116,533,post_580
like_1117,460,post_581
like_1118,560,post_582
like_1119,539,post_582
like_1120,547,post_583
like_1121,450,post_583
like_1122,355,post_583
like_1123,524,post_584
like_1124,500,post_584
like_1125,376,post_584
like_1126,391,post_584
like_1127,1358,post_584
like_1128,400,post_584
like_1129,391,post_585
like_1130,373,post_585
like_1131,388,post_585
like_1132,484,post_586
like_1133,514,post_586
like_1134,463,post_586
like_1135,441,post_587
like_1136,501,post_587
like_1137,357,post_588
like_1138,554,post_588
like_1139,485,post_588
like_1140,434,post_589
like_1141,395,post_590
like_1142,425,post_590
like_1143,503,post_590
like_1144,561,post_590
like_1145,483,post_590
like_1146,417,post_590
like_1147,414,post_591
like_1148,359,post_592
like_1149,474,post_592
like_1150,376,post_592
like_1151,367,post_593
like_1152,376,post_594
like_1153,520,post_595
like_1154,353,post_595
like_1155,395,post_595
like_1156,444,post_595
like_1157,561,post_595
like_1158,500,post_595
like_1159,507,post_595
like_1160,438,post_595
like_1161,1729,post_595
like_1162,422,post_595
like_1163,1661,post_595
like_1164,525,post_596
like_1165,496,post_596
like_1166,408,post_596
like_1167,492,post_596
like_1168,366,post_596
like_1169,514,post_596
like_1170,1740,post_596
like_1171,1508,post_596
like_1172,984,post_596
like_1173,637,post_597
like_1174,614,post_597
like_1175,395,post_597
like_1176,553,post_597
like_1177,601,post_597
like_1178,580,post_597
like_1179,1695,post_597
like_1180,641,post_598
like_1181,637,post_598
like_1182,107,post_598
like_1183,639,post_598
like_1184,422,post_598
like_1185,601,post_598
like_1186,896,post_598
like_1187,919,post_598
like_1188,525,post_599
like_1189,559,post_600
like_1190,493,post_601
like_1191,398,post_601
like_1192,479,post_601
like_1193,1512,post_601
like_1194,423,post_602
like_1195,506,post_602
like_1196,375,post_602
like_1197,397,post_603
like_1198,380,post_604
like_1199,419,post_604
like_1200,412,post_605
like_1201,525,post_606
like_1202,412,post_606
like_1203,497,post_607
like_1204,481,post_608
like_1205,458,post_608
like_1206,458,post_609
like_1207,475,post_610
like_1208,479,post_611
like_1209,514,post_612
like_1210,404,post_613
like_1211,408,post_613
like_1212,507,post_613
like_1213,538,post_613
like_1214,517,post_614
like_1215,409,post_614
like_1216,388,post_614
like_1217,375,post_615
like_1218,526,post_615
like_1219,561,post_616
like_1220,544,post_617
like_1221,558,post_617
like_1222,456,post_617
like_1223,460,post_618
like_1224,508,post_619
like_1225,497,post_620
like_1226,404,post_620
like_1227,520,post_621
like_1228,368,post_621
like_1229,436,post_622
like_1230,494,post_622
like_1231,483,post_622
like_1232,360,post_622
like_1233,455,post_622
like_1234,411,post_623
like_1235,373,post_623
like_1236,532,post_624
like_1237,400,post_625
like_1238,538,post_625
like_1239,391,post_626
like_1240,519,post_626
like_1241,421,post_626
like_1242,525,post_626
like_1243,542,post_627
like_1244,497,post_627
like_1245,421,post_627
like_1246,483,post_627
like_1247,560,post_627
like_1248,645,post_627
like_1249,614,post_627
like_1250,364,post_628
like_1251,475,post_629
like_1252,378,post_629
like_1253,548,post_629
like_1254,375,post_630
like_1255,493,post_630
like_1256,494,post_630
like_1257,483,post_631
like_1258,525,post_632
like_1259,494,post_632
like_1260,524,post_632
like_1261,510,post_633
like_1262,412,post_634
like_1263,469,post_635
like_1264,514,post_636
like_1265,523,post_637
like_1266,537,post_637
like_1267,444,post_637
like_1268,444,post_638
like_1269,495,post_638
like_1270,373,post_638
like_1271,431,post_639
like_1272,463,post_640
like_1273,363,post_640
like_1274,544,post_640
like_1275,542,post_641
like_1276,389,post_642
like_1277,424,post_642
like_1278,497,post_643
like_1279,455,post_643
like_1280,493,post_644
like_1281,431,post_645
like_1282,408,post_645
like_1283,428,post_645
like_1284,391,post_645
like_1285,513,post_646
like_1286,545,post_646
like_1287,561,post_646
like_1288,408,post_646
like_1289,400,post_647
like_1290,500,post_647
like_1291,408,post_647
like_1292,557,post_647
like_1293,487,post_648
like_1294,527,post_648
like_1295,388,post_648
like_1296,414,post_649
like_1297,431,post_649
like_1298,408,post_649
like_1299,506,post_649
like_1300,492,post_650
like_1301,493,post_651
like_1302,428,post_651
like_1303,408,post_651
like_1304,527,post_651
like_1305,471,post_651
like_1306,495,post_651
like_1307,414,post_651
like_1308,391,post_652
like_1309,378,post_652
like_1310,482,post_652
like_1311,559,post_652
like_1312,355,post_652
like_1313,545,post_652
like_1314,374,post_653
like_1315,525,post_653
like_1316,614,post_653
like_1317,519,post_654
like_1318,369,post_655
like_1319,457,post_655
like_1320,1692,post_656
like_1321,366,post_656
like_1322,651,post_656
like_1323,428,post_656
like_1324,500,post_656
like_1325,1025,post_656
like_1326,408,post_657
like_1327,461,post_657
like_1328,500,post_657
like_1329,366,post_657
like_1330,1374,post_657
like_1331,387,post_658
like_1332,506,post_659
like_1333,488,post_659
like_1334,475,post_659
like_1335,397,post_660
like_1336,477,post_660
like_1337,450,post_661
like_1338,547,post_661
like_1339,506,post_661
like_1340,484,post_662
like_1341,412,post_662
like_1342,553,post_662
like_1343,452,post_663
like_1344,531,post_664
like_1345,534,post_665
like_1346,553,post_665
like_1347,366,post_666
like_1348,374,post_667
like_1349,463,post_667
like_1350,370,post_667
like_1351,527,post_667
like_1352,353,post_667
like_1353,506,post_667
like_1354,400,post_668
like_1355,500,post_668
like_1356,527,post_668
like_1357,428,post_669
like_1358,473,post_669
like_1359,430,post_669
like_1360,1250,post_670
like_1361,1334,post_670
like_1362,1768,post_670
like_1363,368,post_671
like_1364,353,post_671
like_1365,409,post_671
like_1366,363,post_671
like_1367,1882,post_671
like_1368,566,post_671
like_1369,404,post_672
like_1370,538,post_672
like_1371,373,post_673
like_1372,506,post_674
like_1373,373,post_674
like_1374,391,post_674
like_1375,483,post_674
like_1376,553,post_675
like_1377,522,post_676
like_1378,359,post_677
like_1379,470,post_678
like_1380,406,post_679
like_1381,467,post_679
like_1382,437,post_679
like_1383,386,post_679
like_1384,407,post_680
like_1385,472,post_680
like_1386,523,post_681
like_1387,563,post_681
like_1388,374,post_682
like_1389,415,post_682
like_1390,479,post_683
like_1391,408,post_684
like_1392,376,post_685
like_1393,497,post_686
like_1394,560,post_686
like_1395,537,post_686
like_1396,493,post_687
like_1397,450,post_687
like_1398,370,post_688
like_1399,353,post_688
like_1400,432,post_689
like_1401,514,post_689
like_1402,513,post_690
like_1403,460,post_691
like_1404,417,post_691
like_1405,412,post_691
like_1406,373,post_691
like_1407,500,post_691
like_1408,545,post_692
like_1409,451,post_693
like_1410,492,post_693
like_1411,545,post_693
like_1412,451,post_694
like_1413,504,post_695
like_1414,523,post_696
like_1415,404,post_696
like_1416,350,post_697
like_1417,563,post_697
like_1418,497,post_698
like_1419,452,post_699
like_1420,438,post_700
like_1421,482,post_701
like_1422,173,post_702
like_1423,435,post_704
like_1424,419,post_704
like_1425,464,post_705
like_1426,350,post_705
like_1427,384,post_705
like_1428,515,post_706
like_1429,417,post_706
like_1430,496,post_706
like_1431,614,post_706
like_1432,515,post_707
like_1433,436,post_707
like_1434,513,post_707
like_1435,370,post_708
like_1436,367,post_708
like_1437,392,post_708
like_1438,397,post_709
like_1439,418,post_710
like_1440,395,post_711
like_1441,444,post_711
like_1442,348,post_711
like_1443,463,post_712
like_1444,546,post_712
like_1445,519,post_713
like_1446,388,post_713
like_1447,428,post_714
like_1448,404,post_715
like_1449,475,post_715
like_1450,494,post_715
like_1451,503,post_715
like_1452,503,post_716
like_1453,428,post_716
like_1454,430,post_716
like_1455,492,post_717
like_1456,561,post_717
like_1457,395,post_717
like_1458,503,post_718
like_1459,565,post_718
like_1460,419,post_719
like_1461,604,post_719
like_1462,567,post_720
like_1463,439,post_720
like_1464,514,post_720
like_1465,378,post_720
like_1466,350,post_720
like_1467,361,post_721
like_1468,504,post_721
like_1469,470,post_721
like_1470,1013,post_722
like_1471,1574,post_723
like_1472,348,post_723
like_1473,506,post_723
like_1474,454,post_724
like_1475,399,post_724
like_1476,482,post_725
like_1477,507,post_725
like_1478,363,post_726
like_1479,517,post_726
like_1480,420,post_726
like_1481,526,post_726
like_1482,439,post_727
like_1483,526,post_727
like_1484,438,post_727
like_1485,514,post_727
like_1486,391,post_728
like_1487,374,post_728
like_1488,524,post_728
like_1489,566,post_728
like_1490,559,post_728
like_1491,561,post_729
like_1492,392,post_729
like_1493,461,post_730
like_1494,423,post_730
like_1495,561,post_730
like_1496,361,post_731
like_1497,396,post_731
like_1498,471,post_732
like_1499,374,post_732
like_1500,537,post_732
like_1501,416,post_732
like_1502,432,post_733
like_1503,360,post_733
like_1504,402,post_733
like_1505,432,post_734
like_1506,504,post_734
like_1507,532,post_735
like_1508,625,post_736
like_1509,630,post_736
like_1510,664,post_736
like_1511,603,post_736
like_1512,678,post_737
like_1513,685,post_738
like_1514,612,post_738
like_1515,664,post_738
like_1516,573,post_738
like_1517,643,post_739
like_1518,627,post_739
like_1519,661,post_740
like_1520,665,post_741
like_1521,599,post_741
like_1522,684,post_742
like_1523,611,post_742
like_1524,434,post_743
like_1525,637,post_744
like_1526,591,post_744
like_1527,559,post_744
like_1528,1543,post_744
like_1529,376,post_745
like_1530,363,post_745
like_1531,500,post_745
like_1532,561,post_745
like_1533,391,post_745
like_1534,642,post_746
like_1535,670,post_747
like_1536,640,post_748
like_1537,678,post_749
like_1538,634,post_751
like_1539,645,post_751
like_1540,646,post_752
like_1541,376,post_752
like_1542,678,post_753
like_1543,677,post_754
like_1544,567,post_755
like_1545,395,post_756
like_1546,524,post_756
like_1547,561,post_756
like_1548,428,post_756
like_1549,363,post_756
like_1550,436,post_757
like_1551,561,post_757
like_1552,606,post_757
like_1553,677,post_758
like_1554,611,post_758
like_1555,684,post_758
like_1556,480,post_759
like_1557,566,post_759
like_1558,4031,post_760
like_1559,658,post_761
like_1560,662,post_761
like_1561,677,post_762
like_1562,655,post_762
like_1563,620,post_762
like_1564,618,post_762
like_1565,653,post_762
like_1566,653,post_763
like_1567,620,post_763
like_1568,663,post_763
like_1569,422,post_763
like_1570,579,post_764
like_1571,618,post_765
like_1572,653,post_765
like_1573,628,post_766
like_1574,670,post_767
like_1575,650,post_768
like_1576,580,post_769
like_1577,1349,post_769
like_1578,677,post_771
like_1579,611,post_771
like_1580,684,post_771
like_1581,597,post_771
like_1582,589,post_771
like_1583,428,post_772
like_1584,626,post_773
like_1585,366,post_774
like_1586,423,post_775
like_1587,376,post_775
like_1588,461,post_775
like_1589,1113,post_775
like_1590,664,post_778
like_1591,412,post_778
like_1592,376,post_779
like_1593,677,post_780
like_1594,579,post_780
like_1595,592,post_780
like_1596,684,post_780
like_1597,664,post_780
like_1598,636,post_781
like_1599,438,post_783
like_1600,483,post_783
like_1601,428,post_783
like_1602,394,post_783
like_1603,627,post_784
like_1604,577,post_784
like_1605,576,post_784
like_1606,639,post_785
like_1607,644,post_786
like_1608,633,post_787
like_1609,679,post_788
like_1610,598,post_788
like_1611,422,post_788
like_1612,611,post_788
like_1613,603,post_789
like_1614,653,post_790
like_1615,653,post_791
like_1616,622,post_792
like_1617,573,post_793
like_1618,589,post_793
like_1619,609,post_794
like_1620,622,post_796
like_1621,605,post_797
like_1622,599,post_798
like_1623,632,post_799
like_1624,107,post_800
like_1625,597,post_801
like_1626,682,post_802
like_1627,600,post_803
like_1628,635,post_803
like_1629,644,post_804
like_1630,586,post_805
like_1631,563,post_805
like_1632,670,post_806
like_1633,609,post_807
like_1634,589,post_808
like_1635,623,post_808
like_1636,620,post_808
like_1637,597,post_808
like_1638,566,post_809
like_1639,395,post_809
like_1640,1901,post_809
like_1641,584,post_810
like_1642,483,post_810
like_1643,678,post_810
like_1644,601,post_810
like_1645,639,post_810
like_1646,1318,post_810
like_1647,580,post_810
like_1648,524,post_811
like_1649,1464,post_811
like_1650,682,post_813
like_1651,576,post_814
like_1652,670,post_814
like_1653,107,post_815
like_1654,591,post_815
like_1655,483,post_816
like_1656,581,post_817
like_1657,600,post_818
like_1658,628,post_819
like_1659,578,post_819
like_1660,582,post_819
like_1661,588,post_820
like_1662,651,post_821
like_1663,586,post_822
like_1664,376,post_822
like_1665,604,post_822
like_1666,651,post_822
like_1667,637,post_822
like_1668,370,post_823
like_1669,632,post_824
like_1670,617,post_825
like_1671,107,post_826
like_1672,595,post_827
like_1673,640,post_827
like_1674,658,post_828
like_1675,1113,post_829
like_1676,1882,post_829
like_1677,1408,post_829
like_1678,513,post_829
like_1679,524,post_830
like_1680,492,post_830
like_1681,1223,post_830
like_1682,556,post_831
like_1683,376,post_831
like_1684,619,post_832
like_1685,620,post_832
like_1686,597,post_832
like_1687,579,post_832
like_1688,461,post_832
like_1689,620,post_833
like_1690,644,post_833
like_1691,620,post_834
like_1692,678,post_834
like_1693,623,post_834
like_1694,596,post_835
like_1695,580,post_836
like_1696,363,post_836
like_1697,630,post_837
like_1698,632,post_838
like_1699,576,post_838
like_1700,635,post_839
like_1701,582,post_840
like_1702,616,post_841
like_1703,584,post_841
like_1704,632,post_842
like_1705,670,post_843
like_1706,640,post_843
like_1707,578,post_843
like_1708,577,post_844
like_1709,622,post_845
like_1710,596,post_845
like_1711,626,post_846
like_1712,583,post_847
like_1713,609,post_848
like_1714,594,post_849
like_1715,461,post_851
like_1716,544,post_851
like_1717,582,post_852
like_1718,483,post_853
like_1719,604,post_853
like_1720,669,post_853
like_1721,620,post_854
like_1722,678,post_854
like_1723,654,post_854
like_1724,592,post_854
like_1725,436,post_855
like_1726,662,post_857
like_1727,438,post_858
like_1728,683,post_858
like_1729,475,post_858
like_1730,597,post_859
like_1731,679,post_860
like_1732,678,post_861
like_1733,636,post_862
like_1734,598,post_863
like_1735,618,post_863
like_1736,612,post_863
like_1737,599,post_864
like_1738,584,post_865
like_1739,657,post_865
like_1740,513,post_866
like_1741,559,post_866
like_1742,465,post_866
like_1743,645,post_866
like_1744,561,post_867
like_1745,597,post_868
like_1746,575,post_869
like_1747,573,post_869
like_1748,718,post_871
like_1749,765,post_871
like_1750,805,post_871
like_1751,759,post_871
like_1752,728,post_871
like_1753,821,post_872
like_1754,732,post_873
like_1755,784,post_874
like_1756,773,post_874
like_1757,782,post_875
like_1758,746,post_875
like_1759,823,post_877
like_1760,844,post_877
like_1761,828,post_878
like_1762,760,post_879
like_1763,695,post_879
like_1764,821,post_879
like_1765,847,post_880
like_1766,711,post_880
like_1767,828,post_880
like_1768,722,post_880
like_1769,800,post_880
like_1770,831,post_880
like_1771,844,post_881
like_1772,738,post_881
like_1773,694,post_882
like_1774,751,post_882
like_1775,853,post_882
like_1776,760,post_882
like_1777,697,post_883
like_1778,747,post_883
like_1779,853,post_883
like_1780,709,post_884
like_1781,694,post_885
like_1782,747,post_885
like_1783,745,post_885
like_1784,856,post_885
like_1785,828,post_886
like_1786,705,post_886
like_1787,753,post_886
like_1788,798,post_887
like_1789,745,post_887
like_1790,833,post_888
like_1791,815,post_889
like_1792,780,post_890
like_1793,713,post_890
like_1794,760,post_890
like_1795,822,post_891
like_1796,725,post_891
like_1797,714,post_891
like_1798,839,post_891
like_1799,789,post_891
like_1800,779,post_892
like_1801,770,post_893
like_1802,780,post_894
like_1803,728,post_894
like_1804,805,post_895
like_1805,834,post_896
like_1806,805,post_896
like_1807,712,post_897
like_1808,714,post_897
like_1809,819,post_898
like_1810,719,post_899
like_1811,755,post_899
like_1812,800,post_899
like_1813,703,post_900
like_1814,803,post_901
like_1815,847,post_902
like_1816,782,post_903
like_1817,822,post_903
like_1818,689,post_903
like_1819,736,post_903
like_1820,697,post_904
like_1821,736,post_904
like_1822,784,post_905
like_1823,724,post_905
like_1824,731,post_905
like_1825,697,post_905
like_1826,745,post_906
like_1827,840,post_906
like_1828,828,post_906
like_1829,762,post_906
like_1830,702,post_907
like_1831,745,post_908
like_1832,770,post_909
like_1833,728,post_909
like_1834,718,post_909
like_1835,797,post_909
like_1836,798,post_910
like_1837,716,post_911
like_1838,781,post_911
like_1839,770,post_912
like_1840,728,post_913
like_1841,708,post_914
like_1842,814,post_914
like_1843,793,post_915
like_1844,697,post_916
like_1845,768,post_917
like_1846,734,post_918
like_1847,823,post_919
like_1848,819,post_919
like_1849,839,post_920
like_1850,745,post_921
like_1851,694,post_922
like_1852,854,post_922
like_1853,800,post_922
like_1854,824,post_922
like_1855,809,post_923
like_1856,754,post_923
like_1857,792,post_923
like_1858,820,post_924
like_1859,779,post_924
like_1860,753,post_925
like_1861,888,post_925
like_1862,787,post_926
like_1863,827,post_927
like_1864,810,post_927
like_1865,815,post_927
like_1866,853,post_927
like_1867,828,post_927
like_1868,773,post_927
like_1869,689,post_928
like_1870,782,post_929
like_1871,829,post_929
like_1872,688,post_930
like_1873,778,post_930
like_1874,769,post_931
like_1875,746,post_932
like_1876,824,post_933
like_1877,781,post_934
like_1878,754,post_935
like_1879,747,post_935
like_1880,758,post_935
like_1881,687,post_935
like_1882,739,post_936
like_1883,841,post_936
like_1884,770,post_936
like_1885,827,post_937
like_1886,823,post_937
like_1887,746,post_938
like_1888,833,post_939
like_1889,782,post_939
like_1890,848,post_940
like_1891,697,post_941
like_1892,805,post_941
like_1893,698,post_942
like_1894,816,post_943
like_1895,728,post_944
like_1896,708,post_944
like_1897,783,post_944
like_1898,698,post_945
like_1899,809,post_945
like_1900,820,post_946
like_1901,758,post_947
like_1902,757,post_948
like_1903,770,post_949
like_1904,784,post_950
like_1905,842,post_950
like_1906,726,post_951
like_1907,747,post_951
like_1908,729,post_952
like_1909,739,post_953
like_1910,728,post_953
like_1911,726,post_954
like_1912,705,post_955
like_1913,809,post_955
like_1914,727,post_956
like_1915,749,post_957
like_1916,817,post_958
like_1917,703,post_959
like_1918,752,post_959
like_1919,800,post_960
like_1920,745,post_960
like_1921,827,post_960
like_1922,701,post_960
like_1923,827,post_961
like_1924,805,post_962
like_1925,747,post_963
like_1926,836,post_963
like_1927,838,post_964
like_1928,697,post_965
like_1929,747,post_965
like_1930,835,post_965
like_1931,792,post_965
like_1932,728,post_965
like_1933,856,post_965
like_1934,834,post_966
like_1935,780,post_967
like_1936,712,post_968
like_1937,839,post_968
like_1938,714,post_968
like_1939,786,post_969
like_1940,707,post_969
like_1941,774,post_970
like_1942,797,post_971
like_1943,763,post_971
like_1944,849,post_972
like_1945,763,post_972
like_1946,772,post_972
like_1947,806,post_973
like_1948,814,post_974
like_1949,853,post_975
like_1950,827,post_975
like_1951,747,post_976
like_1952,726,post_976
like_1953,687,post_977
like_1954,696,post_977
like_1955,757,post_978
like_1956,698,post_979
like_1957,885,post_979
like_1958,724,post_980
like_1959,713,post_981
like_1960,835,post_982
like_1961,838,post_983
like_1962,728,post_984
like_1963,824,post_984
like_1964,779,post_984
like_1965,805,post_984
like_1966,792,post_984
like_1967,783,post_985
like_1968,809,post_985
like_1969,745,post_985
like_1970,817,post_985
like_1971,853,post_985
like_1972,787,post_986
like_1973,724,post_986
like_1974,804,post_987
like_1975,820,post_988
like_1976,827,post_988
like_1977,727,post_989
like_1978,738,post_989
like_1979,854,post_989
like_1980,734,post_989
like_1981,722,post_989
like_1982,774,post_989
like_1983,719,post_989
like_1984,846,post_990
like_1985,734,post_990
like_1986,733,post_991
like_1987,782,post_991
like_1988,730,post_992
like_1989,793,post_992
like_1990,763,post_992
like_1991,755,post_993
like_1992,732,post_994
like_1993,736,post_994
like_1994,771,post_995
like_1995,720,post_996
like_1996,832,post_996
like_1997,818,post_997
like_1998,828,post_998
like_1999,787,post_999
like_2000,720,post_999
like_2001,695,post_1000
like_2002,751,post_1001
like_2003,696,post_1001
like_2004,806,post_1002
like_2005,829,post_1002
like_2006,809,post_1003
like_2007,728,post_1003
like_2008,817,post_1003
like_2009,808,post_1003
like_2010,718,post_1003
like_2011,716,post_1004
like_2012,748,post_1004
like_2013,717,post_1005
like_2014,745,post_1006
like_2015,708,post_1007
like_2016,818,post_1009
like_2017,820,post_1010
like_2018,747,post_1011
like_2019,781,post_1012
like_2020,772,post_1012
like_2021,705,post_1013
like_2022,818,post_1013
like_2023,827,post_1013
like_2024,688,post_1013
like_2025,850,post_1014
like_2026,823,post_1015
like_2027,856,post_1015
like_2028,747,post_1015
like_2029,687,post_1015
like_2030,720,post_1016
like_2031,809,post_1016
like_2032,817,post_1017
like_2033,856,post_1018
like_2034,769,post_1019
like_2035,708,post_1019
like_2036,837,post_1020
like_2037,833,post_1021
like_2038,755,post_1022
like_2039,745,post_1022
like_2040,781,post_1022
like_2041,724,post_1022
like_2042,745,post_1023
like_2043,755,post_1023
like_2044,787,post_1023
like_2045,828,post_1024
like_2046,736,post_1025
like_2047,819,post_1026
like_2048,793,post_1027
like_2049,806,post_1028
like_2050,856,post_1029
like_2051,739,post_1029
like_2052,698,post_1030
like_2053,838,post_1030
like_2054,803,post_1031
like_2055,836,post_1032
like_2056,839,post_1033
like_2057,714,post_1033
like_2058,787,post_1034
like_2059,697,post_1034
like_2060,835,post_1034
like_2061,843,post_1034
like_2062,835,post_1035
like_2063,827,post_1035
like_2064,728,post_1035
like_2065,708,post_1036
like_2066,819,post_1036
like_2067,840,post_1036
like_2068,837,post_1036
like_2069,834,post_1036
like_2070,815,post_1037
like_2071,770,post_1037
like_2072,828,post_1038
like_2073,693,post_1038
like_2074,884,post_1039
like_2075,889,post_1039
like_2076,698,post_1039
like_2077,724,post_1040
like_2078,805,post_1041
like_2079,745,post_1041
like_2080,834,post_1041
like_2081,815,post_1042
like_2082,814,post_1042
like_2083,812,post_1042
like_2084,780,post_1042
like_2085,778,post_1042
like_2086,840,post_1042
like_2087,812,post_1043
like_2088,705,post_1043
like_2089,709,post_1043
like_2090,823,post_1043
like_2091,711,post_1043
like_2092,773,post_1043
like_2093,752,post_1044
like_2094,748,post_1045
like_2095,805,post_1045
like_2096,709,post_1045
like_2097,817,post_1045
like_2098,826,post_1045
like_2099,766,post_1046
like_2100,737,post_1046
like_2101,781,post_1046
like_2102,792,post_1047
like_2103,777,post_1047
like_2104,847,post_1047
like_2105,797,post_1048
like_2106,720,post_1049
like_2107,803,post_1049
like_2108,790,post_1049
like_2109,768,post_1050
like_2110,786,post_1050
like_2111,746,post_1050
like_2112,691,post_1050
like_2113,745,post_1051
like_2114,724,post_1051
like_2115,815,post_1051
like_2116,705,post_1052
like_2117,713,post_1052
like_2118,694,post_1052
like_2119,703,post_1053
like_2120,781,post_1054
like_2121,815,post_1055
like_2122,824,post_1055
like_2123,792,post_1055
like_2124,792,post_1056
like_2125,703,post_1056
like_2126,830,post_1056
like_2127,754,post_1056
like_2128,771,post_1057
like_2129,824,post_1058
like_2130,719,post_1058
like_2131,740,post_1059
like_2132,734,post_1060
like_2133,760,post_1060
like_2134,709,post_1061
like_2135,695,post_1062
like_2136,805,post_1062
like_2137,688,post_1063
like_2138,727,post_1063
like_2139,785,post_1064
like_2140,734,post_1064
like_2141,727,post_1064
like_2142,805,post_1065
like_2143,828,post_1066
like_2144,744,post_1066
like_2145,820,post_1067
like_2146,783,post_1068
like_2147,824,post_1068
like_2148,806,post_1069
like_2149,828,post_1070
like_2150,717,post_1071
like_2151,798,post_1071
like_2152,828,post_1072
like_2153,706,post_1072
like_2154,722,post_1073
like_2155,727,post_1074
like_2156,717,post_1075
like_2157,774,post_1076
like_2158,893,post_1076
like_2159,747,post_1077
like_2160,862,post_1078
like_2161,865,post_1078
like_2162,870,post_1079
like_2163,895,post_1079
like_2164,871,post_1079
like_2165,885,post_1080
like_2166,729,post_1082
like_2167,863,post_1082
like_2168,868,post_1083
like_2169,865,post_1083
like_2170,876,post_1084
like_2171,884,post_1085
like_2172,825,post_1085
like_2173,868,post_1086
like_2174,879,post_1087
like_2175,895,post_1087
like_2176,894,post_1087
like_2177,887,post_1088
like_2178,874,post_1088
like_2179,877,post_1088
like_2180,862,post_1089
like_2181,856,post_1090
like_2182,871,post_1091
like_2183,895,post_1091
like_2184,879,post_1092
like_2185,874,post_1093
like_2186,776,post_1093
like_2187,872,post_1094
like_2188,867,post_1095
like_2189,863,post_1097
like_2190,886,post_1097
like_2191,856,post_1097
like_2192,776,post_1098
like_2193,867,post_1098
like_2194,888,post_1099
like_2195,863,post_1099
like_2196,856,post_1099
like_2197,866,post_1100
like_2198,828,post_1101
like_2199,870,post_1102
like_2200,858,post_1102
like_2201,863,post_1103
like_2202,825,post_1105
like_2203,877,post_1106
like_2204,804,post_1107
like_2205,729,post_1107
like_2206,874,post_1108
like_2207,729,post_1109
like_2208,876,post_1109
like_2209,856,post_1109
like_2210,889,post_1109
like_2211,863,post_1109
like_2212,804,post_1109
like_2213,753,post_1110
like_2214,804,post_1110
like_2215,882,post_1110
like_2216,753,post_1111
like_2217,884,post_1114
like_2218,864,post_1114
like_2219,866,post_1115
like_2220,858,post_1116
like_2221,866,post_1116
like_2222,1502,post_1117
like_2223,1850,post_1117
like_2224,1102,post_1117
like_2225,1578,post_1117
like_2226,1115,post_1117
like_2227,1680,post_1118
like_2228,1007,post_1118
like_2229,1120,post_1118
like_2230,1812,post_1119
like_2231,1018,post_1119
like_2232,1235,post_1119
like_2233,1409,post_1120
like_2234,1470,post_1120
like_2235,1173,post_1121
like_2236,1590,post_1121
like_2237,1261,post_1122
like_2238,1014,post_1122
like_2239,942,post_1122
like_2240,1442,post_1123
like_2241,1136,post_1124
like_2242,1363,post_1125
like_2243,1314,post_1126
like_2244,1636,post_1127
like_2245,1448,post_1127
like_2246,1129,post_1127
like_2247,1148,post_1128
like_2248,1232,post_1129
like_2249,1837,post_1130
like_2250,1468,post_1130
like_2251,171,post_1131
like_2252,1224,post_1131
like_2253,1217,post_1132
like_2254,517,post_1132
like_2255,1001,post_1132
like_2256,1688,post_1133
like_2257,1059,post_1133
like_2258,1609,post_1133
like_2259,526,post_1134
like_2260,1620,post_1134
like_2261,1407,post_1134
like_2262,1047,post_1135
like_2263,1685,post_1135
like_2264,948,post_1135
like_2265,1734,post_1135
like_2266,1155,post_1135
like_2267,1555,post_1136
like_2268,1111,post_1137
like_2269,1776,post_1138
like_2270,1657,post_1140
like_2271,1807,post_1141
like_2272,1882,post_1142
like_2273,915,post_1142
like_2274,1574,post_1142
like_2275,1766,post_1143
like_2276,1376,post_1144
like_2277,1026,post_1145
like_2278,983,post_1145
like_2279,1376,post_1145
like_2280,1861,post_1146
like_2281,1800,post_1146
like_2282,1312,post_1146
like_2283,1557,post_1147
like_2284,1509,post_1147
like_2285,1472,post_1148
like_2286,1785,post_1148
like_2287,1525,post_1148
like_2288,919,post_1148
like_2289,1907,post_1148
like_2290,1159,post_1149
like_2291,957,post_1149
like_2292,1709,post_1149
like_2293,1807,post_1149
like_2294,1007,post_1149
like_2295,1275,post_1150
like_2296,606,post_1150
like_2297,1824,post_1150
like_2298,942,post_1150
like_2299,1807,post_1150
like_2300,1820,post_1152
like_2301,1376,post_1153
like_2302,1026,post_1154
like_2303,1471,post_1154
like_2304,1431,post_1154
like_2305,1613,post_1154
like_2306,1431,post_1155
like_2307,1026,post_1156
like_2308,1765,post_1156
like_2309,1449,post_1157
like_2310,1467,post_1157
like_2311,1341,post_1157
like_2312,1317,post_1158
like_2313,1170,post_1159
like_2314,1308,post_1159
like_2315,1236,post_1159
like_2316,1525,post_1159
like_2317,1260,post_1159
like_2318,1735,post_1160
like_2319,1737,post_1160
like_2320,1888,post_1160
like_2321,1835,post_1160
like_2322,1004,post_1160
like_2323,1717,post_1160
like_2324,1867,post_1161
like_2325,1181,post_1161
like_2326,1886,post_1161
like_2327,927,post_1161
like_2328,1485,post_1162
like_2329,1668,post_1162
like_2330,1836,post_1162
like_2331,1735,post_1162
like_2332,1736,post_1162
like_2333,1813,post_1163
like_2334,1867,post_1163
like_2335,1126,post_1163
like_2336,1614,post_1163
like_2337,1209,post_1164
like_2338,916,post_1164
like_2339,1146,post_1164
like_2340,1614,post_1164
like_2341,1683,post_1164
like_2342,1509,post_1165
like_2343,1460,post_1166
like_2344,1124,post_1166
like_2345,1609,post_1166
like_2346,1765,post_1167
like_2347,1825,post_1168
like_2348,1317,post_1169
like_2349,1838,post_1169
like_2350,483,post_1170
like_2351,1408,post_1170
like_2352,1549,post_1170
like_2353,915,post_1171
like_2354,1616,post_1171
like_2355,353,post_1171
like_2356,1870,post_1171
like_2357,1549,post_1171
like_2358,1801,post_1171
like_2359,1446,post_1172
like_2360,1318,post_1172
like_2361,1210,post_1172
like_2362,1829,post_1173
like_2363,1483,post_1174
like_2364,1026,post_1174
like_2365,982,post_1174
like_2366,1843,post_1174
like_2367,1589,post_1174
like_2368,1741,post_1174
like_2369,1107,post_1174
like_2370,1730,post_1174
like_2371,1191,post_1175
like_2372,1273,post_1176
like_2373,1079,post_1177
like_2374,1155,post_1177
like_2375,1491,post_1178
like_2376,1391,post_1178
like_2377,1026,post_1178
like_2378,1680,post_1179
like_2379,366,post_1180
like_2380,1106,post_1181
like_2381,1264,post_1181
like_2382,1798,post_1182
like_2383,1118,post_1182
like_2384,1747,post_1182
like_2385,1747,post_1183
like_2386,1895,post_1183
like_2387,1319,post_1183
like_2388,1831,post_1184
like_2389,1472,post_1185
like_2390,954,post_1186
like_2391,1704,post_1186
like_2392,1893,post_1186
like_2393,1281,post_1186
like_2394,1820,post_1187
like_2395,1680,post_1187
like_2396,1099,post_1188
like_2397,1638,post_1188
like_2398,1502,post_1188
like_2399,1893,post_1189
like_2400,1638,post_1190
like_2401,1204,post_1190
like_2402,1018,post_1190
like_2403,1189,post_1191
like_2404,917,post_1192
like_2405,965,post_1192
like_2406,1748,post_1192
like_2407,1011,post_1192
like_2408,1472,post_1192
like_2409,1815,post_1192
like_2410,1738,post_1192
like_2411,1704,post_1193
like_2412,1242,post_1194
like_2413,1516,post_1194
like_2414,1736,post_1194
like_2415,1312,post_1194
like_2416,1026,post_1194
like_2417,1730,post_1194
like_2418,1663,post_1194
like_2419,1737,post_1195
like_2420,1398,post_1195
like_2421,1589,post_1196
like_2422,1819,post_1197
like_2423,1059,post_1197
like_2424,1272,post_1197
like_2425,1683,post_1197
like_2426,1800,post_1197
like_2427,1610,post_1198
like_2428,1352,post_1198
like_2429,1653,post_1198
like_2430,1367,post_1199
like_2431,1390,post_1199
like_2432,1683,post_1199
like_2433,1522,post_1199
like_2434,1813,post_1199
like_2435,1765,post_1199
like_2436,1823,post_1199
like_2437,1272,post_1199
like_2438,1467,post_1199
like_2439,1669,post_1200
like_2440,1243,post_1200
like_2441,1305,post_1200
like_2442,1516,post_1200
like_2443,1267,post_1200
like_2444,1833,post_1200
like_2445,1559,post_1201
like_2446,1833,post_1201
like_2447,1610,post_1201
like_2448,1184,post_1201
like_2449,1589,post_1201
like_2450,1754,post_1201
like_2451,1365,post_1201
like_2452,1446,post_1202
like_2453,1529,post_1203
like_2454,1052,post_1203
like_2455,1555,post_1204
like_2456,1687,post_1204
like_2457,1852,post_1205
like_2458,1327,post_1205
like_2459,1540,post_1205
like_2460,1757,post_1206
like_2461,1750,post_1207
like_2462,1267,post_1207
like_2463,1597,post_1207
like_2464,1376,post_1208
like_2465,1291,post_1208
like_2466,1589,post_1208
like_2467,1323,post_1209
like_2468,1620,post_1210
like_2469,1271,post_1210
like_2470,1685,post_1210
like_2471,1201,post_1210
like_2472,1124,post_1210
like_2473,1330,post_1210
like_2474,1670,post_1210
like_2475,1621,post_1210
like_2476,1471,post_1211
like_2477,1390,post_1211
like_2478,1820,post_1212
like_2479,1102,post_1212
like_2480,1781,post_1212
like_2481,1706,post_1212
like_2482,1781,post_1213
like_2483,1706,post_1214
like_2484,1368,post_1215
like_2485,1197,post_1215
like_2486,1030,post_1215
like_2487,909,post_1215
like_2488,1138,post_1216
like_2489,1403,post_1216
like_2490,1227,post_1217
like_2491,1060,post_1217
like_2492,917,post_1217
like_2493,1432,post_1217
like_2494,1423,post_1218
like_2495,1277,post_1218
like_2496,896,post_1218
like_2497,1286,post_1218
like_2498,1655,post_1218
like_2499,975,post_1219
like_2500,1787,post_1220
like_2501,1601,post_1220
like_2502,1371,post_1220
like_2503,1137,post_1220
like_2504,1468,post_1221
like_2505,1107,post_1222
like_2506,1447,post_1223
like_2507,998,post_1224
like_2508,1823,post_1225
like_2509,1668,post_1225
like_2510,1272,post_1225
like_2511,1126,post_1225
like_2512,997,post_1225
like_2513,1879,post_1226
like_2514,1603,post_1226
like_2515,1571,post_1226
like_2516,1852,post_1227
like_2517,1910,post_1228
like_2518,1733,post_1229
like_2519,1232,post_1230
like_2520,1533,post_1230
like_2521,1624,post_1231
like_2522,1667,post_1231
like_2523,1299,post_1232
like_2524,1833,post_1233
like_2525,1886,post_1233
like_2526,1721,post_1233
like_2527,1804,post_1233
like_2528,1668,post_1234
like_2529,1516,post_1234
like_2530,1804,post_1234
like_2531,1816,post_1235
like_2532,1380,post_1235
like_2533,1554,post_1236
like_2534,1520,post_1236
like_2535,1659,post_1236
like_2536,1305,post_1237
like_2537,927,post_1237
like_2538,1092,post_1237
like_2539,1272,post_1237
like_2540,1293,post_1237
like_2541,897,post_1237
like_2542,1689,post_1237
like_2543,1659,post_1238
like_2544,916,post_1238
like_2545,1730,post_1238
like_2546,1195,post_1238
like_2547,1182,post_1238
like_2548,1897,post_1239
like_2549,1062,post_1239
like_2550,566,post_1239
like_2551,917,post_1240
like_2552,954,post_1240
like_2553,942,post_1240
like_2554,1033,post_1241
like_2555,1591,post_1242
like_2556,1215,post_1243
like_2557,1502,post_1243
like_2558,1101,post_1244
like_2559,1359,post_1244
like_2560,1461,post_1245
like_2561,1236,post_1246
like_2562,1192,post_1247
like_2563,1104,post_1247
like_2564,1438,post_1248
like_2565,1574,post_1249
like_2566,1679,post_1250
like_2567,1260,post_1251
like_2568,1703,post_1251
like_2569,1831,post_1251
like_2570,1624,post_1251
like_2571,1376,post_1252
like_2572,1842,post_1252
like_2573,1662,post_1252
like_2574,1126,post_1253
like_2575,1643,post_1253
like_2576,1435,post_1253
like_2577,1547,post_1253
like_2578,1663,post_1254
like_2579,1888,post_1254
like_2580,1329,post_1254
like_2581,1124,post_1255
like_2582,1399,post_1255
like_2583,1016,post_1256
like_2584,1403,post_1256
like_2585,1177,post_1256
like_2586,1138,post_1256
like_2587,1861,post_1257
like_2588,921,post_1257
like_2589,1351,post_1258
like_2590,1047,post_1258
like_2591,1765,post_1259
like_2592,1074,post_1259
like_2593,1467,post_1260
like_2594,1622,post_1260
like_2595,1048,post_1260
like_2596,1644,post_1260
like_2597,907,post_1260
like_2598,1459,post_1261
like_2599,1231,post_1261
like_2600,1129,post_1261
like_2601,1044,post_1261
like_2602,1390,post_1262
like_2603,1101,post_1262
like_2604,966,post_1263
like_2605,966,post_1264
like_2606,1238,post_1264
like_2607,1845,post_1264
like_2608,1839,post_1264
like_2609,1793,post_1265
like_2610,1101,post_1266
like_2611,1192,post_1267
like_2612,1871,post_1267
like_2613,1786,post_1267
like_2614,1090,post_1268
like_2615,1308,post_1269
like_2616,1758,post_1270
like_2617,1515,post_1271
like_2618,1583,post_1272
like_2619,1729,post_1272
like_2620,1684,post_1273
like_2621,3245,post_1273
like_2622,1750,post_1274
like_2623,1097,post_1275
like_2624,963,post_1275
like_2625,1895,post_1276
like_2626,1378,post_1276
like_2627,1601,post_1276
like_2628,1603,post_1277
like_2629,1833,post_1277
like_2630,1243,post_1278
like_2631,1389,post_1278
like_2632,1639,post_1278
like_2633,1659,post_1279
like_2634,1287,post_1279
like_2635,1864,post_1279
like_2636,1509,post_1279
like_2637,1335,post_1279
like_2638,1598,post_1279
like_2639,1603,post_1279
like_2640,1146,post_1279
like_2641,1289,post_1279
like_2642,1195,post_1279
like_2643,1267,post_1280
like_2644,1269,post_1280
like_2645,1757,post_1280
like_2646,1009,post_1281
like_2647,1573,post_1281
like_2648,1366,post_1281
like_2649,1630,post_1281
like_2650,1584,post_1282
like_2651,1205,post_1283
like_2652,1768,post_1283
like_2653,1741,post_1284
like_2654,1388,post_1284
like_2655,1239,post_1284
like_2656,1505,post_1285
like_2657,1132,post_1286
like_2658,1551,post_1287
like_2659,1613,post_1287
like_2660,1520,post_1287
like_2661,1029,post_1288
like_2662,947,post_1289
like_2663,1810,post_1289
like_2664,1068,post_1289
like_2665,1439,post_1289
like_2666,1222,post_1289
like_2667,1431,post_1289
like_2668,1172,post_1289
like_2669,1551,post_1289
like_2670,1752,post_1290
like_2671,1840,post_1291
like_2672,1543,post_1292
like_2673,1155,post_1292
like_2674,1105,post_1293
like_2675,1208,post_1293
like_2676,1890,post_1293
like_2677,1717,post_1294
like_2678,1420,post_1294
like_2679,1112,post_1295
like_2680,1079,post_1295
like_2681,967,post_1295
like_2682,1516,post_1296
like_2683,1717,post_1296
like_2684,1683,post_1296
like_2685,1643,post_1296
like_2686,1652,post_1297
like_2687,1375,post_1297
like_2688,1662,post_1297
like_2689,1741,post_1298
like_2690,1835,post_1298
like_2691,1092,post_1298
like_2692,1287,post_1298
like_2693,952,post_1298
like_2694,1617,post_1298
like_2695,1554,post_1298
like_2696,1557,post_1298
like_2697,1213,post_1299
like_2698,1725,post_1299
like_2699,1793,post_1300
like_2700,1888,post_1301
like_2701,1367,post_1301
like_2702,916,post_1301
like_2703,1736,post_1301
like_2704,1398,post_1301
like_2705,1123,post_1302
like_2706,1017,post_1302
like_2707,1668,post_1303
like_2708,1399,post_1303
like_2709,1429,post_1304
like_2710,917,post_1304
like_2711,1073,post_1305
like_2712,1235,post_1306
like_2713,1345,post_1306
like_2714,1611,post_1306
like_2715,1635,post_1306
like_2716,1872,post_1306
like_2717,1716,post_1307
like_2718,1850,post_1307
like_2719,1227,post_1307
like_2720,1275,post_1308
like_2721,1703,post_1309
like_2722,1549,post_1309
like_2723,1469,post_1310
like_2724,1709,post_1310
like_2725,1072,post_1311
like_2726,1338,post_1311
like_2727,1703,post_1311
like_2728,1692,post_1312
like_2729,1549,post_1313
like_2730,389,post_1313
like_2731,1032,post_1314
like_2732,1381,post_1315
like_2733,1020,post_1315
like_2734,1129,post_1315
like_2735,1231,post_1316
like_2736,1899,post_1316
like_2737,1014,post_1316
like_2738,1636,post_1317
like_2739,896,post_1317
like_2740,1403,post_1318
like_2741,979,post_1318
like_2742,1138,post_1318
like_2743,1547,post_1319
like_2744,1799,post_1319
like_2745,1714,post_1319
like_2746,1391,post_1319
like_2747,1219,post_1319
like_2748,1028,post_1320
like_2749,1886,post_1320
like_2750,1331,post_1320
like_2751,1126,post_1321
like_2752,1269,post_1321
like_2753,1375,post_1321
like_2754,1902,post_1321
like_2755,1250,post_1322
like_2756,1668,post_1322
like_2757,1622,post_1322
like_2758,1491,post_1322
like_2759,1351,post_1322
like_2760,1336,post_1322
like_2761,1099,post_1323
like_2762,1231,post_1324
like_2763,1848,post_1324
like_2764,1099,post_1324
like_2765,1227,post_1325
like_2766,1192,post_1326
like_2767,1347,post_1326
like_2768,1382,post_1327
like_2769,1396,post_1328
like_2770,1751,post_1328
like_2771,1373,post_1328
like_2772,1503,post_1329
like_2773,1324,post_1329
like_2774,941,post_1329
like_2775,1245,post_1329
like_2776,1893,post_1329
like_2777,1104,post_1329
like_2778,1257,post_1330
like_2779,1578,post_1330
like_2780,1596,post_1330
like_2781,1661,post_1330
like_2782,1007,post_1331
like_2783,1423,post_1331
like_2784,1573,post_1331
like_2785,1432,post_1332
like_2786,1583,post_1332
like_2787,1303,post_1332
like_2788,1104,post_1332
like_2789,596,post_1333
like_2790,1086,post_1333
like_2791,1806,post_1334
like_2792,1615,post_1334
like_2793,997,post_1335
like_2794,1898,post_1335
like_2795,1163,post_1336
like_2796,1080,post_1337
like_2797,517,post_1337
like_2798,1332,post_1337
like_2799,1794,post_1337
like_2800,1557,post_1338
like_2801,1730,post_1338
like_2802,1637,post_1338
like_2803,1835,post_1338
like_2804,1250,post_1338
like_2805,1663,post_1339
like_2806,1627,post_1340
like_2807,1890,post_1340
like_2808,1329,post_1341
like_2809,916,post_1341
like_2810,947,post_1341
like_2811,1026,post_1342
like_2812,1149,post_1342
like_2813,1620,post_1343
like_2814,1214,post_1344
like_2815,1835,post_1344
like_2816,1768,post_1344
like_2817,955,post_1345
like_2818,1165,post_1346
like_2819,1850,post_1347
like_2820,1429,post_1347
like_2821,1081,post_1347
like_2822,1824,post_1348
like_2823,1108,post_1349
like_2824,1704,post_1349
like_2825,1099,post_1349
like_2826,1615,post_1350
like_2827,1433,post_1350
like_2828,1325,post_1350
like_2829,1283,post_1351
like_2830,1531,post_1352
like_2831,1296,post_1352
like_2832,1448,post_1353
like_2833,1859,post_1354
like_2834,1655,post_1354
like_2835,1231,post_1355
like_2836,1413,post_1355
like_2837,1158,post_1355
like_2838,1014,post_1355
like_2839,1070,post_1356
like_2840,1109,post_1356
like_2841,1259,post_1356
like_2842,1070,post_1357
like_2843,961,post_1358
like_2844,1518,post_1358
like_2845,1161,post_1358
like_2846,1391,post_1359
like_2847,1809,post_1359
like_2848,1868,post_1359
like_2849,1589,post_1360
like_2850,1902,post_1360
like_2851,1370,post_1360
like_2852,1868,post_1361
like_2853,972,post_1361
like_2854,1831,post_1362
like_2855,1770,post_1362
like_2856,1338,post_1363
like_2857,1030,post_1364
like_2858,1015,post_1365
like_2859,981,post_1365
like_2860,1235,post_1365
like_2861,1384,post_1366
like_2862,1586,post_1367
like_2863,1911,post_1368
like_2864,1867,post_1368
like_2865,1842,post_1369
like_2866,1800,post_1370
like_2867,1049,post_1370
like_2868,1528,post_1370
like_2869,1659,post_1370
like_2870,1612,post_1371
like_2871,1688,post_1371
like_2872,1509,post_1371
like_2873,1800,post_1371
like_2874,1753,post_1372
like_2875,1551,post_1372
like_2876,1124,post_1372
like_2877,1209,post_1372
like_2878,1393,post_1372
like_2879,1613,post_1373
like_2880,1816,post_1373
like_2881,1522,post_1373
like_2882,1730,post_1374
like_2883,1554,post_1375
like_2884,1059,post_1375
like_2885,1391,post_1375
like_2886,1128,post_1375
like_2887,1317,post_1375
like_2888,1621,post_1375
like_2889,1544,post_1376
like_2890,1585,post_1376
like_2891,1738,post_1377
like_2892,1042,post_1377
like_2893,1738,post_1378
like_2894,1727,post_1378
like_2895,1444,post_1378
like_2896,1504,post_1379
like_2897,1738,post_1379
like_2898,1807,post_1379
like_2899,1727,post_1379
like_2900,1070,post_1379
like_2901,1138,post_1380
like_2902,1688,post_1381
like_2903,1003,post_1381
like_2904,1613,post_1381
like_2905,526,post_1382
like_2906,1557,post_1382
like_2907,968,post_1382
like_2908,925,post_1383
like_2909,952,post_1383
like_2910,1110,post_1383
like_2911,1585,post_1384
like_2912,982,post_1385
like_2913,1048,post_1385
like_2914,1029,post_1385
like_2915,1238,post_1385
like_2916,1861,post_1386
like_2917,1191,post_1386
like_2918,1811,post_1387
like_2919,1580,post_1387
like_2920,1391,post_1387
like_2921,1664,post_1388
like_2922,1077,post_1389
like_2923,925,post_1390
like_2924,1795,post_1390
like_2925,1435,post_1390
like_2926,1523,post_1391
like_2927,1184,post_1391
like_2928,1689,post_1391
like_2929,1329,post_1391
like_2930,1765,post_1391
like_2931,1879,post_1391
like_2932,1765,post_1392
like_2933,1004,post_1392
like_2934,1149,post_1393
like_2935,1079,post_1393
like_2936,1146,post_1393
like_2937,1352,post_1393
like_2938,1227,post_1394
like_2939,1067,post_1394
like_2940,1899,post_1395
like_2941,1636,post_1395
like_2942,1859,post_1395
like_2943,896,post_1395
like_2944,1144,post_1396
like_2945,968,post_1397
like_2946,968,post_1398
like_2947,1794,post_1398
like_2948,1900,post_1399
like_2949,1212,post_1400
like_2950,1901,post_1400
like_2951,1356,post_1400
like_2952,1831,post_1400
like_2953,1202,post_1400
like_2954,1739,post_1401
like_2955,483,post_1402
like_2956,1582,post_1403
like_2957,1018,post_1403
like_2958,1192,post_1403
like_2959,1082,post_1404
like_2960,1857,post_1404
like_2961,1104,post_1404
like_2962,1298,post_1404
like_2963,1682,post_1405
like_2964,1007,post_1406
like_2965,1550,post_1406
like_2966,1032,post_1406
like_2967,1277,post_1406
like_2968,1211,post_1407
like_2969,1793,post_1407
like_2970,1086,post_1408
like_2971,1809,post_1409
like_2972,1238,post_1409
like_2973,1703,post_1410
like_2974,606,post_1411
like_2975,1041,post_1411
like_2976,1011,post_1411
like_2977,1876,post_1411
like_2978,1469,post_1411
like_2979,1496,post_1412
like_2980,1529,post_1412
like_2981,1760,post_1412
like_2982,1202,post_1413
like_2983,1847,post_1414
like_2984,1189,post_1415
like_2985,1504,post_1415
like_2986,1528,post_1416
like_2987,1861,post_1416
like_2988,1008,post_1416
like_2989,1325,post_1416
like_2990,1017,post_1417
like_2991,1662,post_1417
like_2992,1554,post_1418
like_2993,1522,post_1418
like_2994,1902,post_1418
like_2995,1054,post_1419
like_2996,1290,post_1419
like_2997,1367,post_1420
like_2998,1845,post_1420
like_2999,1054,post_1420
like_3000,1242,post_1420
like_3001,1528,post_1420
like_3002,1048,post_1420
like_3003,1076,post_1420
like_3004,1522,post_1421
like_3005,1181,post_1422
like_3006,1589,post_1422
like_3007,1132,post_1422
like_3008,1520,post_1422
like_3009,1086,post_1423
like_3010,934,post_1423
like_3011,1653,post_1423
like_3012,1530,post_1423
like_3013,1746,post_1424
like_3014,1702,post_1425
like_3015,1156,post_1426
like_3016,1361,post_1426
like_3017,966,post_1426
like_3018,1198,post_1426
like_3019,1391,post_1426
like_3020,946,post_1427
like_3021,1663,post_1427
like_3022,1380,post_1427
like_3023,1302,post_1427
like_3024,1608,post_1427
like_3025,953,post_1427
like_3026,1393,post_1427
like_3027,1272,post_1427
like_3028,982,post_1428
like_3029,1842,post_1428
like_3030,1522,post_1428
like_3031,1491,post_1428
like_3032,1823,post_1428
like_3033,1604,post_1428
like_3034,1146,post_1429
like_3035,1153,post_1429
like_3036,1339,post_1430
like_3037,1243,post_1430
like_3038,1267,post_1430
like_3039,1214,post_1431
like_3040,1431,post_1431
like_3041,1623,post_1431
like_3042,1835,post_1431
like_3043,1827,post_1431
like_3044,1752,post_1431
like_3045,1736,post_1432
like_3046,1721,post_1432
like_3047,1290,post_1432
like_3048,1616,post_1433
like_3049,366,post_1434
like_3050,1853,post_1434
like_3051,1237,post_1435
like_3052,363,post_1435
like_3053,1766,post_1435
like_3054,580,post_1435
like_3055,1786,post_1436
like_3056,1129,post_1437
like_3057,1583,post_1437
like_3058,1873,post_1437
like_3059,1192,post_1437
like_3060,1231,post_1438
like_3061,1336,post_1439
like_3062,1663,post_1439
like_3063,1238,post_1439
like_3064,1488,post_1439
like_3065,1851,post_1439
like_3066,966,post_1439
like_3067,1163,post_1440
like_3068,1741,post_1440
like_3069,1800,post_1440
like_3070,1800,post_1441
like_3071,1757,post_1441
like_3072,1024,post_1441
like_3073,1470,post_1442
like_3074,1559,post_1442
like_3075,1074,post_1443
like_3076,1620,post_1443
like_3077,1537,post_1444
like_3078,1588,post_1444
like_3079,3721,post_1445
like_3080,3962,post_1445
like_3081,3456,post_1445
like_3082,1172,post_1446
like_3083,1643,post_1446
like_3084,1128,post_1446
like_3085,1714,post_1446
like_3086,1547,post_1447
like_3087,1431,post_1447
like_3088,952,post_1447
like_3089,1375,post_1447
like_3090,1663,post_1447
like_3091,1006,post_1447
like_3092,1861,post_1447
like_3093,1832,post_1447
like_3094,1351,post_1447
like_3095,1827,post_1448
like_3096,1522,post_1448
like_3097,1617,post_1448
like_3098,1079,post_1448
like_3099,1565,post_1448
like_3100,1800,post_1448
like_3101,1717,post_1449
like_3102,1617,post_1449
like_3103,1101,post_1449
like_3104,1659,post_1449
like_3105,1721,post_1449
like_3106,1509,post_1449
like_3107,1375,post_1449
like_3108,1675,post_1449
like_3109,1132,post_1450
like_3110,1146,post_1450
like_3111,946,post_1450
like_3112,1192,post_1450
like_3113,1505,post_1451
like_3114,1317,post_1451
like_3115,1165,post_1452
like_3116,1168,post_1453
like_3117,1415,post_1453
like_3118,1725,post_1454
like_3119,1839,post_1455
like_3120,1617,post_1456
like_3121,1390,post_1456
like_3122,1714,post_1456
like_3123,1367,post_1456
like_3124,1667,post_1457
like_3125,913,post_1457
like_3126,1366,post_1457
like_3127,1646,post_1457
like_3128,1154,post_1458
like_3129,1356,post_1458
like_3130,905,post_1459
like_3131,1118,post_1461
like_3132,1802,post_1461
like_3133,1787,post_1462
like_3134,1085,post_1463
like_3135,1088,post_1463
like_3136,1593,post_1463
like_3137,1515,post_1464
like_3138,1018,post_1465
like_3139,1828,post_1466
like_3140,981,post_1467
like_3141,1227,post_1468
like_3142,1257,post_1468
like_3143,1862,post_1468
like_3144,1551,post_1469
like_3145,1842,post_1469
like_3146,1069,post_1469
like_3147,1288,post_1470
like_3148,1813,post_1470
like_3149,1584,post_1471
like_3150,1799,post_1471
like_3151,1833,post_1471
like_3152,1245,post_1472
like_3153,1303,post_1473
like_3154,1459,post_1473
like_3155,984,post_1474
like_3156,1725,post_1475
like_3157,933,post_1475
like_3158,1215,post_1475
like_3159,1575,post_1476
like_3160,1436,post_1477
like_3161,1475,post_1477
like_3162,1277,post_1478
like_3163,1824,post_1478
like_3164,981,post_1478
like_3165,1903,post_1478
like_3166,1381,post_1478
like_3167,1859,post_1479
like_3168,1587,post_1479
like_3169,1208,post_1480
like_3170,1002,post_1480
like_3171,949,post_1481
like_3172,1147,post_1481
like_3173,1789,post_1482
like_3174,1643,post_1482
like_3175,1101,post_1483
like_3176,1736,post_1483
like_3177,1589,post_1483
like_3178,1823,post_1483
like_3179,1584,post_1483
like_3180,1361,post_1484
like_3181,1495,post_1485
like_3182,1848,post_1485
like_3183,1812,post_1485
like_3184,1515,post_1485
like_3185,1496,post_1486
like_3186,1523,post_1487
like_3187,1054,post_1487
like_3188,1522,post_1488
like_3189,1688,post_1488
like_3190,1339,post_1488
like_3191,1663,post_1488
like_3192,1045,post_1489
like_3193,1735,post_1490
like_3194,1644,post_1490
like_3195,1752,post_1490
like_3196,1827,post_1491
like_3197,1242,post_1491
like_3198,1888,post_1491
like_3199,1367,post_1491
like_3200,1572,post_1491
like_3201,1804,post_1491
like_3202,1332,post_1492
like_3203,1767,post_1493
like_3204,1248,post_1493
like_3205,1872,post_1494
like_3206,1298,post_1494
like_3207,1048,post_1495
like_3208,980,post_1495
like_3209,1746,post_1496
like_3210,1255,post_1496
like_3211,1211,post_1496
like_3212,1717,post_1496
like_3213,1126,post_1496
like_3214,1201,post_1497
like_3215,1717,post_1497
like_3216,1833,post_1497
like_3217,1330,post_1497
like_3218,1554,post_1498
like_3219,1388,post_1498
like_3220,1707,post_1498
like_3221,1186,post_1499
like_3222,1880,post_1499
like_3223,1899,post_1501
like_3224,1379,post_1502
like_3225,1899,post_1502
like_3226,1830,post_1502
like_3227,1348,post_1503
like_3228,1541,post_1503
like_3229,1052,post_1503
like_3230,917,post_1503
like_3231,363,post_1504
like_3232,1480,post_1505
like_3233,1707,post_1505
like_3234,922,post_1506
like_3235,1185,post_1506
like_3236,1056,post_1507
like_3237,1201,post_1507
like_3238,999,post_1507
like_3239,1639,post_1508
like_3240,1736,post_1508
like_3241,1551,post_1508
like_3242,1184,post_1508
like_3243,1622,post_1509
like_3244,1774,post_1509
like_3245,1361,post_1509
like_3246,1902,post_1509
like_3247,1542,post_1509
like_3248,1800,post_1510
like_3249,1214,post_1510
like_3250,1437,post_1511
like_3251,1839,post_1511
like_3252,1663,post_1511
like_3253,1662,post_1511
like_3254,1330,post_1511
like_3255,1827,post_1511
like_3256,1449,post_1511
like_3257,1184,post_1512
like_3258,1842,post_1512
like_3259,1809,post_1513
like_3260,1365,post_1513
like_3261,1431,post_1513
like_3262,1619,post_1513
like_3263,1902,post_1514
like_3264,1554,post_1515
like_3265,1367,post_1515
like_3266,1888,post_1515
like_3267,1522,post_1516
like_3268,1563,post_1516
like_3269,1267,post_1517
like_3270,1184,post_1517
like_3271,1603,post_1517
like_3272,1718,post_1517
like_3273,1211,post_1518
like_3274,1278,post_1518
like_3275,1079,post_1518
like_3276,1470,post_1518
like_3277,1547,post_1518
like_3278,1608,post_1518
like_3279,1793,post_1518
like_3280,1471,post_1518
like_3281,1714,post_1518
like_3282,1366,post_1519
like_3283,1086,post_1520
like_3284,526,post_1520
like_3285,1727,post_1520
like_3286,1339,post_1521
like_3287,1211,post_1521
like_3288,1269,post_1521
like_3289,1479,post_1522
like_3290,1104,post_1522
like_3291,1550,post_1522
like_3292,1277,post_1523
like_3293,1462,post_1523
like_3294,1862,post_1523
like_3295,1305,post_1524
like_3296,1584,post_1524
like_3297,1689,post_1524
like_3298,1598,post_1524
like_3299,1086,post_1524
like_3300,1863,post_1524
like_3301,1668,post_1525
like_3302,1547,post_1525
like_3303,1188,post_1526
like_3304,1260,post_1527
like_3305,1348,post_1527
like_3306,1750,post_1528
like_3307,1267,post_1528
like_3308,1351,post_1528
like_3309,1361,post_1528
like_3310,1621,post_1529
like_3311,1551,post_1529
like_3312,1271,post_1529
like_3313,1522,post_1529
like_3314,1789,post_1529
like_3315,1336,post_1529
like_3316,1810,post_1529
like_3317,1721,post_1530
like_3318,1367,post_1530
like_3319,1789,post_1530
like_3320,1076,post_1531
like_3321,1256,post_1531
like_3322,899,post_1532
like_3323,1442,post_1532
like_3324,1471,post_1532
like_3325,1000,post_1533
like_3326,1640,post_1533
like_3327,1703,post_1533
like_3328,1470,post_1534
like_3329,1612,post_1534
like_3330,1522,post_1534
like_3331,1584,post_1534
like_3332,1688,post_1535
like_3333,1761,post_1535
like_3334,1376,post_1536
like_3335,1269,post_1536
like_3336,1086,post_1536
like_3337,1615,post_1537
like_3338,1061,post_1537
like_3339,1687,post_1537
like_3340,1360,post_1537
like_3341,563,post_1538
like_3342,950,post_1538
like_3343,1494,post_1538
like_3344,1232,post_1539
like_3345,1568,post_1539
like_3346,1452,post_1539
like_3347,1118,post_1540
like_3348,1568,post_1540
like_3349,1177,post_1541
like_3350,1053,post_1541
like_3351,956,post_1541
like_3352,940,post_1542
like_3353,1666,post_1543
like_3354,1450,post_1543
like_3355,1310,post_1544
like_3356,1703,post_1544
like_3357,1881,post_1545
like_3358,1574,post_1545
like_3359,1766,post_1545
like_3360,1332,post_1545
like_3361,915,post_1546
like_3362,1766,post_1546
like_3363,366,post_1546
like_3364,930,post_1546
like_3365,1231,post_1547
like_3366,1676,post_1548
like_3367,1410,post_1548
like_3368,1420,post_1550
like_3369,1675,post_1550
like_3370,1520,post_1550
like_3371,1723,post_1550
like_3372,1344,post_1550
like_3373,1761,post_1550
like_3374,1746,post_1551
like_3375,1390,post_1551
like_3376,1734,post_1551
like_3377,1603,post_1552
like_3378,921,post_1552
like_3379,1614,post_1552
like_3380,1075,post_1552
like_3381,1126,post_1552
like_3382,1613,post_1553
like_3383,1547,post_1553
like_3384,1420,post_1553
like_3385,1734,post_1553
like_3386,1435,post_1554
like_3387,1332,post_1554
like_3388,1462,post_1555
like_3389,637,post_1555
like_3390,1235,post_1555
like_3391,1691,post_1556
like_3392,1404,post_1556
like_3393,1576,post_1556
like_3394,1352,post_1557
like_3395,1467,post_1557
like_3396,1835,post_1557
like_3397,952,post_1557
like_3398,1769,post_1558
like_3399,1643,post_1558
like_3400,1267,post_1558
like_3401,1327,post_1558
like_3402,1791,post_1558
like_3403,1107,post_1559
like_3404,1476,post_1560
like_3405,1540,post_1561
like_3406,1807,post_1562
like_3407,1473,post_1562
like_3408,1070,post_1562
like_3409,1547,post_1563
like_3410,1789,post_1564
like_3411,1380,post_1564
like_3412,1730,post_1564
like_3413,1717,post_1564
like_3414,1205,post_1565
like_3415,1605,post_1565
like_3416,1185,post_1565
like_3417,1402,post_1565
like_3418,966,post_1566
like_3419,1816,post_1566
like_3420,1531,post_1567
like_3421,1080,post_1568
like_3422,1804,post_1569
like_3423,1288,post_1569
like_3424,1557,post_1569
like_3425,1399,post_1570
like_3426,1517,post_1570
like_3427,1271,post_1570
like_3428,1488,post_1570
like_3429,1501,post_1571
like_3430,1909,post_1571
like_3431,1594,post_1571
like_3432,971,post_1572
like_3433,1036,post_1572
like_3434,1215,post_1572
like_3435,1636,post_1572
like_3436,1899,post_1572
like_3437,1649,post_1572
like_3438,1413,post_1573
like_3439,1729,post_1573
like_3440,1221,post_1574
like_3441,1225,post_1574
like_3442,1070,post_1575
like_3443,1504,post_1575
like_3444,1412,post_1576
like_3445,1391,post_1577
like_3446,1800,post_1578
like_3447,1377,post_1578
like_3448,1283,post_1579
like_3449,1761,post_1580
like_3450,1731,post_1580
like_3451,1831,post_1580
like_3452,1271,post_1581
like_3453,1184,post_1581
like_3454,1172,post_1582
like_3455,1305,post_1582
like_3456,1570,post_1583
like_3457,1369,post_1584
like_3458,1595,post_1585
like_3459,1504,post_1586
like_3460,1159,post_1587
like_3461,1504,post_1587
like_3462,1355,post_1587
like_3463,1089,post_1588
like_3464,944,post_1589
like_3465,1306,post_1589
like_3466,1035,post_1590
like_3467,1786,post_1590
like_3468,1684,post_1591
like_3469,1053,post_1591
like_3470,107,post_1591
like_3471,1642,post_1591
like_3472,1173,post_1591
like_3473,1465,post_1591
like_3474,1486,post_1592
like_3475,1809,post_1593
like_3476,1431,post_1593
like_3477,1554,post_1593
like_3478,1668,post_1594
like_3479,925,post_1594
like_3480,1849,post_1594
like_3481,1201,post_1595
like_3482,925,post_1595
like_3483,1610,post_1595
like_3484,1736,post_1595
like_3485,1205,post_1595
like_3486,1391,post_1596
like_3487,1377,post_1596
like_3488,897,post_1597
like_3489,1487,post_1597
like_3490,1609,post_1597
like_3491,913,post_1597
like_3492,1078,post_1598
like_3493,1580,post_1598
like_3494,1590,post_1598
like_3495,1421,post_1599
like_3496,1879,post_1600
like_3497,1614,post_1600
like_3498,1902,post_1600
like_3499,1528,post_1600
like_3500,1156,post_1600
like_3501,1891,post_1601
like_3502,1380,post_1601
like_3503,1076,post_1601
like_3504,1180,post_1601
like_3505,1846,post_1601
like_3506,1663,post_1601
like_3507,1668,post_1602
like_3508,1662,post_1602
like_3509,1191,post_1602
like_3510,1590,post_1602
like_3511,1591,post_1603
like_3512,979,post_1604
like_3513,1369,post_1605
like_3514,363,post_1606
like_3515,1205,post_1607
like_3516,1388,post_1607
like_3517,925,post_1607
like_3518,1623,post_1608
like_3519,1643,post_1608
like_3520,1198,post_1608
like_3521,1547,post_1608
like_3522,1746,post_1609
like_3523,1554,post_1609
like_3524,1608,post_1610
like_3525,1613,post_1611
like_3526,1663,post_1611
like_3527,1807,post_1612
like_3528,1529,post_1612
like_3529,1128,post_1613
like_3530,1688,post_1613
like_3531,1816,post_1614
like_3532,1888,post_1614
like_3533,1746,post_1615
like_3534,1211,post_1615
like_3535,1736,post_1615
like_3536,1600,post_1615
like_3537,1819,post_1616
like_3538,1539,post_1616
like_3539,1643,post_1616
like_3540,1509,post_1616
like_3541,1795,post_1616
like_3542,1737,post_1616
like_3543,1003,post_1616
like_3544,925,post_1617
like_3545,946,post_1617
like_3546,1112,post_1617
like_3547,1059,post_1617
like_3548,1665,post_1617
like_3549,1643,post_1618
like_3550,1078,post_1618
like_3551,1291,post_1618
like_3552,1059,post_1618
like_3553,1570,post_1618
like_3554,1509,post_1619
like_3555,1530,post_1619
like_3556,1761,post_1619
like_3557,1272,post_1619
like_3558,1610,post_1619
like_3559,1076,post_1620
like_3560,1619,post_1620
like_3561,1334,post_1620
like_3562,1662,post_1620
like_3563,1653,post_1620
like_3564,1752,post_1620
like_3565,1522,post_1620
like_3566,993,post_1620
like_3567,978,post_1621
like_3568,1662,post_1621
like_3569,1879,post_1621
like_3570,999,post_1621
like_3571,1809,post_1621
like_3572,1059,post_1621
like_3573,1612,post_1621
like_3574,1761,post_1621
like_3575,1782,post_1621
like_3576,1302,post_1621
like_3577,1819,post_1622
like_3578,1083,post_1622
like_3579,1339,post_1622
like_3580,966,post_1622
like_3581,1590,post_1622
like_3582,1243,post_1622
like_3583,958,post_1623
like_3584,1798,post_1623
like_3585,1806,post_1624
like_3586,1500,post_1625
like_3587,1469,post_1626
like_3588,1226,post_1626
like_3589,1011,post_1626
like_3590,1366,post_1626
like_3591,1011,post_1627
like_3592,1072,post_1627
like_3593,1541,post_1627
like_3594,1192,post_1628
like_3595,1148,post_1629
like_3596,1516,post_1630
like_3597,1571,post_1630
like_3598,1470,post_1631
like_3599,1243,post_1631
like_3600,1377,post_1631
like_3601,1290,post_1631
like_3602,1669,post_1631
like_3603,1516,post_1632
like_3604,1833,post_1632
like_3605,1107,post_1632
like_3606,978,post_1632
like_3607,1329,post_1632
like_3608,953,post_1632
like_3609,1462,post_1633
like_3610,1862,post_1633
like_3611,1862,post_1634
like_3612,1638,post_1634
like_3613,1448,post_1634
like_3614,637,post_1634
like_3615,1515,post_1634
like_3616,1838,post_1635
like_3617,1586,post_1636
like_3618,1046,post_1636
like_3619,1563,post_1637
like_3620,1800,post_1638
like_3621,1509,post_1638
like_3622,1126,post_1638
like_3623,1563,post_1639
like_3624,955,post_1640
like_3625,1431,post_1641
like_3626,1126,post_1641
like_3627,1888,post_1641
like_3628,1799,post_1641
like_3629,1211,post_1641
like_3630,1827,post_1641
like_3631,1584,post_1641
like_3632,1689,post_1642
like_3633,1181,post_1643
like_3634,1334,post_1644
like_3635,997,post_1644
like_3636,1376,post_1644
like_3637,1659,post_1644
like_3638,1539,post_1644
like_3639,1132,post_1644
like_3640,906,post_1644
like_3641,1702,post_1644
like_3642,1163,post_1644
like_3643,980,post_1645
like_3644,1076,post_1645
like_3645,1714,post_1645
like_3646,1712,post_1645
like_3647,1305,post_1645
like_3648,1331,post_1645
like_3649,1721,post_1645
like_3650,959,post_1646
like_3651,1538,post_1646
like_3652,1608,post_1646
like_3653,1416,post_1646
like_3654,1211,post_1647
like_3655,1730,post_1647
like_3656,1761,post_1647
like_3657,1447,post_1647
like_3658,1336,post_1647
like_3659,1879,post_1647
like_3660,1554,post_1647
like_3661,1017,post_1647
like_3662,1202,post_1648
like_3663,1574,post_1648
like_3664,1842,post_1649
like_3665,1126,post_1649
like_3666,953,post_1649
like_3667,1535,post_1650
like_3668,1238,post_1650
like_3669,1222,post_1650
like_3670,1535,post_1651
like_3671,1470,post_1651
like_3672,1389,post_1651
like_3673,1858,post_1652
like_3674,1240,post_1653
like_3675,1120,post_1654
like_3676,1841,post_1654
like_3677,1636,post_1655
like_3678,1426,post_1655
like_3679,1315,post_1655
like_3680,1875,post_1656
like_3681,1231,post_1656
like_3682,1835,post_1657
like_3683,1535,post_1657
like_3684,1796,post_1658
like_3685,1509,post_1659
like_3686,1571,post_1659
like_3687,1849,post_1659
like_3688,960,post_1661
like_3689,1091,post_1661
like_3690,1652,post_1661
like_3691,1153,post_1662
like_3692,1712,post_1663
like_3693,1002,post_1664
like_3694,1105,post_1664
like_3695,1554,post_1665
like_3696,1827,post_1665
like_3697,1730,post_1665
like_3698,1800,post_1665
like_3699,1620,post_1666
like_3700,1110,post_1666
like_3701,483,post_1667
like_3702,1565,post_1667
like_3703,1767,post_1667
like_3704,1268,post_1667
like_3705,1606,post_1668
like_3706,930,post_1668
like_3707,1268,post_1668
like_3708,1597,post_1669
like_3709,980,post_1670
like_3710,1449,post_1670
like_3711,1431,post_1670
like_3712,1683,post_1670
like_3713,1757,post_1670
like_3714,1570,post_1670
like_3715,1653,post_1671
like_3716,1736,post_1671
like_3717,1076,post_1671
like_3718,1793,post_1671
like_3719,983,post_1671
like_3720,1191,post_1671
like_3721,1305,post_1671
like_3722,1243,post_1672
like_3723,1746,post_1672
like_3724,931,post_1673
like_3725,1478,post_1673
like_3726,1064,post_1673
like_3727,1443,post_1673
like_3728,1694,post_1674
like_3729,1453,post_1674
like_3730,1415,post_1675
like_3731,1668,post_1676
like_3732,1078,post_1676
like_3733,1902,post_1677
like_3734,1289,post_1677
like_3735,1039,post_1678
like_3736,1471,post_1678
like_3737,1006,post_1678
like_3738,1101,post_1678
like_3739,1158,post_1679
like_3740,1828,post_1680
like_3741,1591,post_1680
like_3742,1907,post_1680
like_3743,1232,post_1681
like_3744,1747,post_1681
like_3745,938,post_1681
like_3746,1568,post_1681
like_3747,1319,post_1682
like_3748,1468,post_1682
like_3749,903,post_1682
like_3750,1137,post_1682
like_3751,958,post_1682
like_3752,1371,post_1682
like_3753,1366,post_1683
like_3754,1807,post_1683
like_3755,1536,post_1683
like_3756,1453,post_1683
like_3757,1889,post_1684
like_3758,1177,post_1684
like_3759,1376,post_1685
like_3760,1736,post_1685
like_3761,1551,post_1686
like_3762,1827,post_1686
like_3763,1107,post_1686
like_3764,1547,post_1686
like_3765,1124,post_1686
like_3766,1662,post_1686
like_3767,1483,post_1687
like_3768,940,post_1688
like_3769,1350,post_1688
like_3770,1578,post_1689
like_3771,1322,post_1689
like_3772,1472,post_1689
like_3773,1768,post_1690
like_3774,999,post_1690
like_3775,1811,post_1691
like_3776,1377,post_1691
like_3777,1117,post_1691
like_3778,1255,post_1692
like_3779,1662,post_1692
like_3780,1179,post_1693
like_3781,1692,post_1694
like_3782,538,post_1694
like_3783,904,post_1695
like_3784,1748,post_1696
like_3785,977,post_1697
like_3786,1355,post_1697
like_3787,1681,post_1698
like_3788,1062,post_1698
like_3789,1472,post_1698
like_3790,1210,post_1699
like_3791,1072,post_1699
like_3792,538,post_1699
like_3793,949,post_1699
like_3794,428,post_1699
like_3795,1158,post_1700
like_3796,1591,post_1700
like_3797,1636,post_1700
like_3798,1019,post_1700
like_3799,1875,post_1701
like_3800,1475,post_1701
like_3801,1355,post_1702
like_3802,1159,post_1702
like_3803,1691,post_1703
like_3804,1413,post_1703
like_3805,1611,post_1704
like_3806,1491,post_1705
like_3807,1868,post_1705
like_3808,1048,post_1705
like_3809,1597,post_1705
like_3810,1219,post_1705
like_3811,1048,post_1706
like_3812,1589,post_1707
like_3813,1750,post_1707
like_3814,1222,post_1707
like_3815,1448,post_1708
like_3816,1261,post_1709
like_3817,1257,post_1709
like_3818,1143,post_1709
like_3819,1764,post_1709
like_3820,1629,post_1710
like_3821,958,post_1710
like_3822,1333,post_1710
like_3823,1468,post_1710
like_3824,596,post_1711
like_3825,1212,post_1712
like_3826,988,post_1713
like_3827,1438,post_1714
like_3828,1015,post_1715
like_3829,1373,post_1715
like_3830,1587,post_1715
like_3831,1633,post_1716
like_3832,366,post_1717
like_3833,1692,post_1718
like_3834,517,post_1718
like_3835,1113,post_1718
like_3836,1673,post_1718
like_3837,1113,post_1719
like_3838,1332,post_1719
like_3839,366,post_1719
like_3840,1473,post_1719
like_3841,1688,post_1720
like_3842,1172,post_1720
like_3843,1107,post_1720
like_3844,1520,post_1720
like_3845,1250,post_1720
like_3846,1330,post_1720
like_3847,1816,post_1721
like_3848,1135,post_1721
like_3849,1271,post_1721
like_3850,1250,post_1721
like_3851,913,post_1721
like_3852,1902,post_1722
like_3853,1559,post_1722
like_3854,1068,post_1723
like_3855,1380,post_1723
like_3856,1610,post_1723
like_3857,1833,post_1723
like_3858,1900,post_1724
like_3859,1376,post_1724
like_3860,1637,post_1724
like_3861,1723,post_1724
like_3862,1833,post_1724
like_3863,1117,post_1724
like_3864,995,post_1725
like_3865,980,post_1725
like_3866,1693,post_1726
like_3867,1167,post_1727
like_3868,971,post_1727
like_3869,925,post_1728
like_3870,1075,post_1728
like_3871,1724,post_1728
like_3872,1416,post_1728
like_3873,1839,post_1728
like_3874,1816,post_1729
like_3875,1480,post_1729
like_3876,1291,post_1729
like_3877,1688,post_1730
like_3878,1516,post_1730
like_3879,1689,post_1730
like_3880,1431,post_1730
like_3881,1622,post_1730
like_3882,1861,post_1731
like_3883,1799,post_1731
like_3884,1589,post_1731
like_3885,1753,post_1731
like_3886,1126,post_1731
like_3887,1522,post_1731
like_3888,934,post_1732
like_3889,1833,post_1732
like_3890,921,post_1732
like_3891,1497,post_1732
like_3892,1753,post_1733
like_3893,906,post_1733
like_3894,1688,post_1733
like_3895,1639,post_1733
like_3896,1399,post_1733
like_3897,1079,post_1734
like_3898,1451,post_1734
like_3899,1591,post_1735
like_3900,1428,post_1735
like_3901,1820,post_1736
like_3902,1661,post_1736
like_3903,1406,post_1736
like_3904,1646,post_1737
like_3905,1226,post_1737
like_3906,1807,post_1737
like_3907,1127,post_1737
like_3908,914,post_1738
like_3909,1575,post_1739
like_3910,1749,post_1740
like_3911,1703,post_1741
like_3912,1428,post_1741
like_3913,1756,post_1741
like_3914,1390,post_1742
like_3915,1524,post_1742
like_3916,1339,post_1742
like_3917,947,post_1742
like_3918,1340,post_1742
like_3919,1800,post_1742
like_3920,1278,post_1743
like_3921,1079,post_1743
like_3922,1075,post_1744
like_3923,1622,post_1744
like_3924,1524,post_1744
like_3925,1146,post_1744
like_3926,1144,post_1745
like_3927,1254,post_1746
like_3928,1030,post_1746
like_3929,1202,post_1747
like_3930,1071,post_1747
like_3931,1368,post_1748
like_3932,1030,post_1748
like_3933,955,post_1748
like_3934,1302,post_1749
like_3935,1750,post_1749
like_3936,1626,post_1750
like_3937,1117,post_1750
like_3938,1359,post_1750
like_3939,967,post_1751
like_3940,1683,post_1751
like_3941,1160,post_1751
like_3942,1833,post_1752
like_3943,1447,post_1752
like_3944,1864,post_1753
like_3945,1619,post_1753
like_3946,1542,post_1753
like_3947,1516,post_1754
like_3948,1399,post_1754
like_3949,1130,post_1755
like_3950,1826,post_1755
like_3951,1086,post_1755
like_3952,1370,post_1755
like_3953,1115,post_1756
like_3954,1413,post_1756
like_3955,1635,post_1756
like_3956,1014,post_1756
like_3957,1115,post_1757
like_3958,1790,post_1757
like_3959,1473,post_1758
like_3960,1818,post_1758
like_3961,944,post_1758
like_3962,1536,post_1758
like_3963,1709,post_1758
like_3964,1226,post_1759
like_3965,1783,post_1760
like_3966,1366,post_1761
like_3967,1515,post_1762
like_3968,1099,post_1762
like_3969,1872,post_1762
like_3970,1382,post_1762
like_3971,1872,post_1763
like_3972,1018,post_1763
like_3973,1231,post_1763
like_3974,1848,post_1763
like_3975,1835,post_1764
like_3976,1114,post_1765
like_3977,1783,post_1765
like_3978,1725,post_1766
like_3979,1520,post_1767
like_3980,1608,post_1767
like_3981,967,post_1767
like_3982,1146,post_1767
like_3983,1484,post_1768
like_3984,1050,post_1769
like_3985,1730,post_1770
like_3986,997,post_1770
like_3987,1017,post_1771
like_3988,1622,post_1771
like_3989,1613,post_1771
like_3990,1557,post_1772
like_3991,1603,post_1772
like_3992,1516,post_1772
like_3993,1559,post_1772
like_3994,1622,post_1772
like_3995,1391,post_1772
like_3996,1365,post_1773
like_3997,1522,post_1773
like_3998,1823,post_1773
like_3999,1613,post_1773
like_4000,1200,post_1774
like_4001,1202,post_1774
like_4002,1460,post_1775
like_4003,1800,post_1775
like_4004,1480,post_1775
like_4005,1823,post_1776
like_4006,1491,post_1776
like_4007,921,post_1776
like_4008,1522,post_1776
like_4009,1291,post_1777
like_4010,927,post_1778
like_4011,1637,post_1778
like_4012,1823,post_1778
like_4013,1800,post_1778
like_4014,1711,post_1779
like_4015,1391,post_1780
like_4016,1816,post_1781
like_4017,1420,post_1782
like_4018,1376,post_1782
like_4019,1799,post_1782
like_4020,1685,post_1782
like_4021,947,post_1783
like_4022,1551,post_1783
like_4023,978,post_1783
like_4024,1215,post_1784
like_4025,1382,post_1784
like_4026,1373,post_1784
like_4027,1820,post_1785
like_4028,1241,post_1785
like_4029,1085,post_1786
like_4030,1825,post_1786
like_4031,1588,post_1786
like_4032,1866,post_1786
like_4033,1615,post_1786
like_4034,1338,post_1787
like_4035,389,post_1787
like_4036,1366,post_1787
like_4037,1225,post_1788
like_4038,1259,post_1788
like_4039,1338,post_1788
like_4040,1167,post_1788
like_4041,1236,post_1789
like_4042,1225,post_1789
like_4043,1770,post_1789
like_4044,1418,post_1789
like_4045,1791,post_1790
like_4046,902,post_1791
like_4047,1841,post_1791
like_4048,1479,post_1791
like_4049,1426,post_1791
like_4050,1432,post_1792
like_4051,1691,post_1792
like_4052,1292,post_1792
like_4053,1322,post_1792
like_4054,1583,post_1792
like_4055,1322,post_1793
like_4056,483,post_1793
like_4057,1875,post_1793
like_4058,1049,post_1794
like_4059,1462,post_1795
like_4060,1611,post_1795
like_4061,1786,post_1795
like_4062,1148,post_1795
like_4063,1148,post_1796
like_4064,1039,post_1797
like_4065,1902,post_1797
like_4066,1791,post_1797
like_4067,1722,post_1797
like_4068,1160,post_1798
like_4069,1598,post_1798
like_4070,1388,post_1798
like_4071,1282,post_1799
like_4072,1014,post_1800
like_4073,1649,post_1800
like_4074,1661,post_1800
like_4075,1014,post_1801
like_4076,1751,post_1801
like_4077,1893,post_1801
like_4078,1827,post_1802
like_4079,1520,post_1803
like_4080,1301,post_1803
like_4081,1067,post_1804
like_4082,1691,post_1805
like_4083,1793,post_1806
like_4084,1125,post_1806
like_4085,1238,post_1807
like_4086,957,post_1808
like_4087,1273,post_1808
like_4088,1591,post_1809
like_4089,1804,post_1810
like_4090,1006,post_1811
like_4091,1712,post_1811
like_4092,1547,post_1811
like_4093,1735,post_1811
like_4094,1028,post_1811
like_4095,1238,post_1812
like_4096,1900,post_1813
like_4097,1619,post_1813
like_4098,1622,post_1813
like_4099,1888,post_1813
like_4100,1086,post_1814
like_4101,1714,post_1815
like_4102,1181,post_1815
like_4103,1617,post_1815
like_4104,983,post_1815
like_4105,1530,post_1815
like_4106,993,post_1815
like_4107,1209,post_1816
like_4108,526,post_1816
like_4109,1597,post_1816
like_4110,1004,post_1816
like_4111,1110,post_1817
like_4112,1619,post_1818
like_4113,1420,post_1818
like_4114,1791,post_1818
like_4115,1146,post_1819
like_4116,1750,post_1819
like_4117,966,post_1819
like_4118,1730,post_1820
like_4119,1431,post_1820
like_4120,1663,post_1820
like_4121,982,post_1820
like_4122,952,post_1821
like_4123,1530,post_1821
like_4124,1550,post_1822
like_4125,1082,post_1822
like_4126,1404,post_1822
like_4127,1573,post_1822
like_4128,1628,post_1823
like_4129,1277,post_1823
like_4130,1573,post_1823
like_4131,1522,post_1824
like_4132,1608,post_1824
like_4133,1367,post_1825
like_4134,1730,post_1825
like_4135,1017,post_1825
like_4136,580,post_1826
like_4137,916,post_1826
like_4138,1785,post_1827
like_4139,1154,post_1827
like_4140,939,post_1827
like_4141,1264,post_1827
like_4142,1770,post_1828
like_4143,1549,post_1829
like_4144,1315,post_1830
like_4145,1292,post_1831
like_4146,1583,post_1831
like_4147,1727,post_1832
like_4148,1349,post_1833
like_4149,1369,post_1834
like_4150,1712,post_1835
like_4151,1804,post_1835
like_4152,960,post_1835
like_4153,966,post_1835
like_4154,1835,post_1836
like_4155,1663,post_1836
like_4156,1757,post_1836
like_4157,934,post_1836
like_4158,946,post_1836
like_4159,1761,post_1837
like_4160,1804,post_1837
like_4161,1669,post_1837
like_4162,1107,post_1837
like_4163,1833,post_1837
like_4164,1271,post_1837
like_4165,896,post_1838
like_4166,941,post_1838
like_4167,1099,post_1838
like_4168,1595,post_1838
like_4169,1106,post_1839
like_4170,1260,post_1840
like_4171,1815,post_1840
like_4172,924,post_1840
like_4173,1010,post_1840
like_4174,1836,post_1841
like_4175,1390,post_1841
like_4176,1516,post_1841
like_4177,1269,post_1841
like_4178,1761,post_1841
like_4179,1269,post_1842
like_4180,1617,post_1842
like_4181,1185,post_1842
like_4182,980,post_1843
like_4183,1877,post_1843
like_4184,1420,post_1843
like_4185,1516,post_1843
like_4186,1507,post_1844
like_4187,1360,post_1845
like_4188,1687,post_1845
like_4189,1785,post_1846
like_4190,1583,post_1847
like_4191,1894,post_1847
like_4192,1099,post_1847
like_4193,1633,post_1848
like_4194,1783,post_1849
like_4195,420,post_1849
like_4196,1482,post_1850
like_4197,1544,post_1851
like_4198,1603,post_1851
like_4199,1431,post_1851
like_4200,1617,post_1851
like_4201,967,post_1851
like_4202,1110,post_1851
like_4203,946,post_1852
like_4204,1883,post_1852
like_4205,1717,post_1852
like_4206,1358,post_1853
like_4207,1216,post_1854
like_4208,917,post_1854
like_4209,1798,post_1855
like_4210,1284,post_1856
like_4211,1647,post_1856
like_4212,1292,post_1856
like_4213,1032,post_1857
like_4214,1661,post_1857
like_4215,1108,post_1858
like_4216,929,post_1859
like_4217,1012,post_1860
like_4218,1378,post_1861
like_4219,1548,post_1861
like_4220,1137,post_1861
like_4221,1568,post_1861
like_4222,651,post_1862
like_4223,363,post_1862
like_4224,1425,post_1862
like_4225,1237,post_1863
like_4226,1327,post_1864
like_4227,1561,post_1865
like_4228,1626,post_1865
like_4229,1337,post_1865
like_4230,1204,post_1866
like_4231,1231,post_1866
like_4232,1379,post_1866
like_4233,1009,post_1866
like_4234,1587,post_1866
like_4235,988,post_1866
like_4236,1884,post_1867
like_4237,953,post_1868
like_4238,1243,post_1869
like_4239,1222,post_1869
like_4240,1205,post_1870
like_4241,1570,post_1870
like_4242,1554,post_1870
like_4243,1099,post_1871
like_4244,1018,post_1871
like_4245,1628,post_1871
like_4246,1875,post_1871
like_4247,1729,post_1871
like_4248,1729,post_1872
like_4249,1708,post_1873
like_4250,1202,post_1874
like_4251,908,post_1875
like_4252,1098,post_1876
like_4253,1050,post_1876
like_4254,1376,post_1877
like_4255,1753,post_1877
like_4256,1613,post_1877
like_4257,993,post_1877
like_4258,1074,post_1878
like_4259,1600,post_1878
like_4260,1833,post_1878
like_4261,897,post_1878
like_4262,1116,post_1879
like_4263,1376,post_1879
like_4264,1391,post_1879
like_4265,1074,post_1879
like_4266,921,post_1879
like_4267,1460,post_1880
like_4268,1146,post_1880
like_4269,1074,post_1880
like_4270,1554,post_1880
like_4271,1563,post_1880
like_4272,1600,post_1880
like_4273,1757,post_1880
like_4274,916,post_1881
like_4275,1554,post_1881
like_4276,978,post_1881
like_4277,1608,post_1881
like_4278,1029,post_1882
like_4279,1056,post_1882
like_4280,1352,post_1882
like_4281,1243,post_1882
like_4282,1609,post_1882
like_4283,1811,post_1883
like_4284,998,post_1883
like_4285,1367,post_1884
like_4286,1539,post_1884
like_4287,978,post_1884
like_4288,1471,post_1884
like_4289,946,post_1885
like_4290,1399,post_1885
like_4291,1376,post_1885
like_4292,1605,post_1885
like_4293,1003,post_1885
like_4294,1721,post_1886
like_4295,1539,post_1886
like_4296,1868,post_1886
like_4297,1142,post_1887
like_4298,1881,post_1888
like_4299,1695,post_1888
like_4300,1232,post_1889
like_4301,1097,post_1889
like_4302,1533,post_1889
like_4303,1468,post_1890
like_4304,1837,post_1890
like_4305,1377,post_1891
like_4306,1135,post_1891
like_4307,1793,post_1891
like_4308,1551,post_1892
like_4309,1352,post_1892
like_4310,934,post_1892
like_4311,1078,post_1893
like_4312,1707,post_1893
like_4313,1793,post_1893
like_4314,1431,post_1894
like_4315,1004,post_1894
like_4316,1184,post_1894
like_4317,1589,post_1894
like_4318,1399,post_1895
like_4319,1230,post_1895
like_4320,1367,post_1895
like_4321,1369,post_1896
like_4322,1665,post_1896
like_4323,1823,post_1896
like_4324,1839,post_1897
like_4325,1199,post_1897
like_4326,1622,post_1897
like_4327,1668,post_1898
like_4328,1222,post_1898
like_4329,1125,post_1898
like_4330,1839,post_1898
like_4331,1618,post_1899
like_4332,1865,post_1899
like_4333,1306,post_1900
like_4334,1366,post_1900
like_4335,1139,post_1900
like_4336,917,post_1900
like_4337,1258,post_1900
like_4338,1357,post_1900
like_4339,1258,post_1901
like_4340,1652,post_1902
like_4341,1612,post_1902
like_4342,1572,post_1903
like_4343,1819,post_1904
like_4344,1539,post_1905
like_4345,1886,post_1906
like_4346,1827,post_1906
like_4347,1132,post_1906
like_4348,1256,post_1906
like_4349,1730,post_1907
like_4350,1584,post_1907
like_4351,1399,post_1907
like_4352,1810,post_1908
like_4353,1334,post_1908
like_4354,1185,post_1908
like_4355,1267,post_1908
like_4356,1212,post_1909
like_4357,1881,post_1910
like_4358,1807,post_1910
like_4359,1054,post_1911
like_4360,1717,post_1911
like_4361,1075,post_1912
like_4362,1724,post_1912
like_4363,1059,post_1912
like_4364,1757,post_1912
like_4365,1612,post_1912
like_4366,1653,post_1912
like_4367,1367,post_1913
like_4368,1800,post_1913
like_4369,1524,post_1913
like_4370,1381,post_1914
like_4371,1120,post_1915
like_4372,1019,post_1915
like_4373,896,post_1915
like_4374,1680,post_1916
like_4375,1592,post_1916
like_4376,1537,post_1917
like_4377,1192,post_1918
like_4378,1129,post_1918
like_4379,1413,post_1918
like_4380,1636,post_1919
like_4381,1292,post_1919
like_4382,1596,post_1919
like_4383,1828,post_1919
like_4384,1541,post_1920
like_4385,1709,post_1920
like_4386,1681,post_1921
like_4387,1358,post_1922
like_4388,1427,post_1922
like_4389,1019,post_1923
like_4390,1575,post_1923
like_4391,1550,post_1923
like_4392,1021,post_1923
like_4393,1298,post_1923
like_4394,1621,post_1924
like_4395,1516,post_1924
like_4396,1341,post_1924
like_4397,1547,post_1925
like_4398,1702,post_1925
like_4399,978,post_1925
like_4400,1078,post_1925
like_4401,1305,post_1926
like_4402,1250,post_1926
like_4403,1107,post_1926
like_4404,1471,post_1926
like_4405,1811,post_1926
like_4406,1609,post_1926
like_4407,1761,post_1927
like_4408,1172,post_1927
like_4409,1563,post_1927
like_4410,1485,post_1927
like_4411,1110,post_1927
like_4412,1267,post_1928
like_4413,1075,post_1928
like_4414,1107,post_1928
like_4415,1683,post_1928
like_4416,1621,post_1929
like_4417,1827,post_1929
like_4418,1132,post_1929
like_4419,1290,post_1929
like_4420,1447,post_1929
like_4421,1620,post_1929
like_4422,1761,post_1929
like_4423,1240,post_1930
like_4424,1672,post_1931
like_4425,1469,post_1931
like_4426,1051,post_1932
like_4427,1094,post_1933
like_4428,1897,post_1934
like_4429,912,post_1934
like_4430,1536,post_1934
like_4431,1397,post_1935
like_4432,1095,post_1935
like_4433,651,post_1935
like_4434,641,post_1936
like_4435,1446,post_1936
like_4436,1425,post_1937
like_4437,1790,post_1937
like_4438,1473,post_1937
like_4439,1631,post_1937
like_4440,1766,post_1937
like_4441,1619,post_1938
like_4442,1191,post_1938
like_4443,1117,post_1938
like_4444,1517,post_1938
like_4445,1214,post_1939
like_4446,1902,post_1940
like_4447,1098,post_1941
like_4448,1726,post_1941
like_4449,1553,post_1941
like_4450,1307,post_1941
like_4451,908,post_1942
like_4452,1431,post_1943
like_4453,1126,post_1943
like_4454,997,post_1943
like_4455,1447,post_1944
like_4456,1092,post_1945
like_4457,946,post_1945
like_4458,1723,post_1945
like_4459,1238,post_1945
like_4460,897,post_1945
like_4461,1540,post_1946
like_4462,1390,post_1946
like_4463,1172,post_1946
like_4464,1722,post_1946
like_4465,1259,post_1947
like_4466,1469,post_1947
like_4467,1371,post_1948
like_4468,1787,post_1948
like_4469,963,post_1948
like_4470,1747,post_1949
like_4471,1181,post_1950
like_4472,1714,post_1951
like_4473,1146,post_1951
like_4474,1188,post_1952
like_4475,1308,post_1952
like_4476,1569,post_1953
like_4477,1010,post_1953
like_4478,1783,post_1954
like_4479,1444,post_1954
like_4480,1311,post_1954
like_4481,1572,post_1955
like_4482,1075,post_1956
like_4483,1867,post_1956
like_4484,1791,post_1956
like_4485,1685,post_1956
like_4486,1449,post_1957
like_4487,1752,post_1957
like_4488,1782,post_1957
like_4489,966,post_1958
like_4490,1572,post_1958
like_4491,1107,post_1958
like_4492,1076,post_1958
like_4493,1045,post_1959
like_4494,1197,post_1959
like_4495,1563,post_1960
like_4496,1026,post_1961
like_4497,1617,post_1961
like_4498,1757,post_1961
like_4499,920,post_1961
like_4500,1301,post_1961
like_4501,1663,post_1962
like_4502,1449,post_1962
like_4503,1800,post_1962
like_4504,1868,post_1963
like_4505,1341,post_1963
like_4506,1211,post_1963
like_4507,1285,post_1963
like_4508,1125,post_1964
like_4509,946,post_1964
like_4510,1399,post_1964
like_4511,1211,post_1964
like_4512,1662,post_1965
like_4513,960,post_1965
like_4514,1548,post_1966
like_4515,958,post_1966
like_4516,1601,post_1966
like_4517,1548,post_1967
like_4518,1601,post_1967
like_4519,1212,post_1968
like_4520,1356,post_1968
like_4521,942,post_1969
like_4522,1366,post_1970
like_4523,428,post_1971
like_4524,1300,post_1971
like_4525,484,post_1971
like_4526,1142,post_1971
like_4527,1767,post_1971
like_4528,1800,post_1972
like_4529,1888,post_1973
like_4530,1059,post_1973
like_4531,1589,post_1973
like_4532,1644,post_1973
like_4533,1833,post_1973
like_4534,1620,post_1973
like_4535,1827,post_1974
like_4536,1128,post_1974
like_4537,916,post_1974
like_4538,1184,post_1974
like_4539,1305,post_1974
like_4540,1724,post_1974
like_4541,1675,post_1974
like_4542,1800,post_1975
like_4543,1126,post_1975
like_4544,1048,post_1975
like_4545,1075,post_1976
like_4546,1757,post_1976
like_4547,1128,post_1976
like_4548,1621,post_1976
like_4549,1842,post_1976
like_4550,1839,post_1976
like_4551,1367,post_1977
like_4552,1669,post_1977
like_4553,1293,post_1977
like_4554,1211,post_1977
like_4555,1737,post_1977
like_4556,1447,post_1977
like_4557,1643,post_1978
like_4558,1146,post_1978
like_4559,1721,post_1978
like_4560,1079,post_1978
like_4561,906,post_1979
like_4562,1513,post_1979
like_4563,1201,post_1979
like_4564,978,post_1979
like_4565,1835,post_1979
like_4566,1182,post_1979
like_4567,1029,post_1980
like_4568,925,post_1980
like_4569,1219,post_1980
like_4570,1816,post_1980
like_4571,934,post_1980
like_4572,1714,post_1980
like_4573,1420,post_1980
like_4574,1622,post_1980
like_4575,1391,post_1980
like_4576,1539,post_1981
like_4577,1420,post_1981
like_4578,1048,post_1981
like_4579,1049,post_1981
like_4580,1842,post_1981
like_4581,1352,post_1981
like_4582,1557,post_1982
like_4583,921,post_1982
like_4584,1376,post_1982
like_4585,1842,post_1982
like_4586,1137,post_1983
like_4587,1118,post_1983
like_4588,1648,post_1983
like_4589,1548,post_1984
like_4590,1733,post_1984
like_4591,1120,post_1985
like_4592,1448,post_1985
like_4593,1682,post_1985
like_4594,1872,post_1985
like_4595,1423,post_1986
like_4596,1872,post_1986
like_4597,1448,post_1986
like_4598,1438,post_1986
like_4599,1227,post_1987
like_4600,1238,post_1988
like_4601,1211,post_1988
like_4602,1006,post_1988
like_4603,1605,post_1988
like_4604,1554,post_1989
like_4605,1391,post_1989
like_4606,1250,post_1989
like_4607,1623,post_1990
like_4608,1636,post_1991
like_4609,1227,post_1991
like_4610,1628,post_1991
like_4611,1636,post_1992
like_4612,1786,post_1993
like_4613,898,post_1994
like_4614,1909,post_1995
like_4615,1157,post_1995
like_4616,1594,post_1995
like_4617,1045,post_1996
like_4618,389,post_1997
like_4619,1531,post_1997
like_4620,1549,post_1999
like_4621,1520,post_2000
like_4622,1370,post_2001
like_4623,1522,post_2001
like_4624,1039,post_2001
like_4625,1612,post_2001
like_4626,1329,post_2001
like_4627,1269,post_2001
like_4628,1399,post_2001
like_4629,1804,post_2002
like_4630,1329,post_2003
like_4631,1222,post_2003
like_4632,1267,post_2004
like_4633,1524,post_2004
like_4634,1714,post_2004
like_4635,1092,post_2004
like_4636,934,post_2004
like_4637,1819,post_2005
like_4638,1589,post_2005
like_4639,1509,post_2005
like_4640,1480,post_2005
like_4641,1842,post_2006
like_4642,1076,post_2006
like_4643,1620,post_2006
like_4644,1361,post_2006
like_4645,1255,post_2006
like_4646,946,post_2007
like_4647,1580,post_2007
like_4648,1842,post_2007
like_4649,1149,post_2007
like_4650,1467,post_2007
like_4651,1376,post_2007
like_4652,1886,post_2008
like_4653,1557,post_2008
like_4654,1816,post_2008
like_4655,921,post_2008
like_4656,1668,post_2008
like_4657,1079,post_2009
like_4658,1683,post_2009
like_4659,1622,post_2009
like_4660,1809,post_2009
like_4661,1612,post_2009
like_4662,1522,post_2009
like_4663,1789,post_2010
like_4664,1380,post_2010
like_4665,1402,post_2010
like_4666,946,post_2010
like_4667,1509,post_2011
like_4668,1367,post_2011
like_4669,1668,post_2011
like_4670,1462,post_2012
like_4671,1475,post_2012
like_4672,1842,post_2013
like_4673,1535,post_2013
like_4674,1864,post_2013
like_4675,1376,post_2013
like_4676,1211,post_2014
like_4677,1535,post_2014
like_4678,1290,post_2015
like_4679,526,post_2015
like_4680,1240,post_2016
like_4681,1909,post_2017
like_4682,969,post_2018
like_4683,1871,post_2018
like_4684,1742,post_2018
like_4685,1108,post_2019
like_4686,1237,post_2020
like_4687,1305,post_2021
like_4688,1867,post_2022
like_4689,1402,post_2022
like_4690,1017,post_2022
like_4691,1752,post_2022
like_4692,1341,post_2022
like_4693,1488,post_2023
like_4694,1804,post_2023
like_4695,1522,post_2023
like_4696,1083,post_2023
like_4697,1683,post_2023
like_4698,1351,post_2023
like_4699,1610,post_2023
like_4700,1604,post_2024
like_4701,1816,post_2024
like_4702,1669,post_2025
like_4703,1239,post_2025
like_4704,1603,post_2025
like_4705,1619,post_2025
like_4706,1153,post_2025
like_4707,1358,post_2026
like_4708,1248,post_2027
like_4709,1603,post_2027
like_4710,1839,post_2027
like_4711,1017,post_2027
like_4712,1516,post_2027
like_4713,1823,post_2027
like_4714,1380,post_2028
like_4715,1153,post_2028
like_4716,1086,post_2029
like_4717,1177,post_2030
like_4718,1499,post_2030
like_4719,1104,post_2031
like_4720,1312,post_2032
like_4721,1622,post_2032
like_4722,967,post_2032
like_4723,3019,post_2033
like_4724,2892,post_2033
like_4725,1272,post_2033
like_4726,1637,post_2034
like_4727,1544,post_2034
like_4728,1851,post_2034
like_4729,1824,post_2035
like_4730,1032,post_2036
like_4731,1282,post_2036
like_4732,1199,post_2037
like_4733,1882,post_2038
like_4734,897,post_2039
like_4735,1211,post_2039
like_4736,1256,post_2039
like_4737,1361,post_2039
like_4738,1214,post_2039
like_4739,1420,post_2040
like_4740,897,post_2040
like_4741,995,post_2040
like_4742,1722,post_2041
like_4743,1835,post_2041
like_4744,1370,post_2041
like_4745,1431,post_2041
like_4746,1447,post_2041
like_4747,950,post_2042
like_4748,1589,post_2043
like_4749,1633,post_2044
like_4750,1859,post_2045
like_4751,1859,post_2046
like_4752,1691,post_2046
like_4753,1423,post_2046
like_4754,1636,post_2046
like_4755,1277,post_2046
like_4756,1783,post_2046
like_4757,1691,post_2047
like_4758,1862,post_2048
like_4759,1348,post_2049
like_4760,1725,post_2049
like_4761,1469,post_2049
like_4762,1054,post_2050
like_4763,1612,post_2050
like_4764,1736,post_2050
like_4765,1184,post_2050
like_4766,1290,post_2051
like_4767,1620,post_2051
like_4768,1367,post_2051
like_4769,1101,post_2052
like_4770,1886,post_2052
like_4771,1181,post_2052
like_4772,1623,post_2053
like_4773,1622,post_2053
like_4774,1532,post_2053
like_4775,1899,post_2054
like_4776,896,post_2054
like_4777,1727,post_2055
like_4778,2971,post_2056
like_4779,2971,post_2057
like_4780,3410,post_2057
like_4781,1329,post_2058
like_4782,1612,post_2058
like_4783,1902,post_2058
like_4784,1669,post_2059
like_4785,1331,post_2059
like_4786,1112,post_2060
like_4787,1126,post_2060
like_4788,1833,post_2060
like_4789,1391,post_2060
like_4790,1557,post_2060
like_4791,1888,post_2060
like_4792,1813,post_2060
like_4793,1839,post_2060
like_4794,1555,post_2061
like_4795,1705,post_2061
like_4796,1719,post_2062
like_4797,980,post_2063
like_4798,1691,post_2064
like_4799,1875,post_2064
like_4800,1583,post_2064
like_4801,1413,post_2065
like_4802,1158,post_2065
like_4803,1720,post_2065
like_4804,1097,post_2066
like_4805,1601,post_2066
like_4806,483,post_2067
like_4807,1478,post_2067
like_4808,1831,post_2068
like_4809,641,post_2068
like_4810,1790,post_2069
like_4811,1379,post_2070
like_4812,1859,post_2070
like_4813,1790,post_2070
like_4814,1347,post_2070
like_4815,475,post_2071
like_4816,1237,post_2072
like_4817,1469,post_2073
like_4818,1086,post_2074
like_4819,1661,post_2074
like_4820,1828,post_2075
like_4821,1661,post_2075
like_4822,1660,post_2076
like_4823,1813,post_2077
like_4824,1613,post_2077
like_4825,916,post_2077
like_4826,1564,post_2077
like_4827,1126,post_2077
like_4828,1509,post_2077
like_4829,1600,post_2077
like_4830,1721,post_2077
like_4831,1557,post_2078
like_4832,1351,post_2078
like_4833,1721,post_2078
like_4834,1900,post_2078
like_4835,1312,post_2078
like_4836,1079,post_2078
like_4837,1734,post_2078
like_4838,1584,post_2079
like_4839,1182,post_2079
like_4840,1471,post_2079
like_4841,1721,post_2079
like_4842,1250,post_2079
like_4843,1184,post_2079
like_4844,1544,post_2079
like_4845,1589,post_2079
like_4846,1480,post_2080
like_4847,1900,post_2080
like_4848,1603,post_2080
like_4849,1826,post_2080
like_4850,1857,post_2081
like_4851,1192,post_2082
like_4852,1479,post_2082
like_4853,1698,post_2083
like_4854,1511,post_2083
like_4855,1615,post_2083
like_4856,1441,post_2084
like_4857,1590,post_2084
like_4858,1584,post_2085
like_4859,1717,post_2086
like_4860,1819,post_2086
like_4861,1727,post_2087
like_4862,1849,post_2088
like_4863,1594,post_2088
like_4864,1793,post_2088
like_4865,1078,post_2089
like_4866,1721,post_2089
like_4867,1721,post_2090
like_4868,1335,post_2090
like_4869,1858,post_2090
like_4870,1432,post_2091
like_4871,1211,post_2092
like_4872,1523,post_2093
like_4873,1863,post_2093
like_4874,1431,post_2094
like_4875,1050,post_2094
like_4876,1434,post_2094
like_4877,899,post_2095
like_4878,1471,post_2095
like_4879,1531,post_2096
like_4880,1910,post_2096
like_4881,1183,post_2097
like_4882,526,post_2097
like_4883,1505,post_2098
like_4884,950,post_2098
like_4885,951,post_2098
like_4886,1687,post_2098
like_4887,366,post_2099
like_4888,1142,post_2099
like_4889,1744,post_2099
like_4890,1589,post_2100
like_4891,1336,post_2100
like_4892,1086,post_2101
like_4893,1029,post_2101
like_4894,1370,post_2101
like_4895,1721,post_2102
like_4896,1835,post_2102
like_4897,1126,post_2102
like_4898,1431,post_2102
like_4899,1470,post_2103
like_4900,1107,post_2103
like_4901,1669,post_2103
like_4902,1181,post_2103
like_4903,1231,post_2104
like_4904,1070,post_2104
like_4905,1379,post_2105
like_4906,1231,post_2105
like_4907,1158,post_2106
like_4908,1462,post_2106
like_4909,1485,post_2107
like_4910,1367,post_2107
like_4911,1736,post_2107
like_4912,1823,post_2108
like_4913,1863,post_2108
like_4914,1352,post_2108
like_4915,1678,post_2109
like_4916,1666,post_2110
like_4917,1014,post_2111
like_4918,1794,post_2112
like_4919,1568,post_2113
like_4920,1333,post_2113
like_4921,1468,post_2113
like_4922,1629,post_2113
like_4923,1784,post_2114
like_4924,1356,post_2115
like_4925,1330,post_2116
like_4926,913,post_2116
like_4927,1356,post_2116
like_4928,1743,post_2116
like_4929,931,post_2116
like_4930,1102,post_2117
like_4931,1820,post_2117
like_4932,1751,post_2118
like_4933,483,post_2119
like_4934,1559,post_2120
like_4935,1117,post_2120
like_4936,1280,post_2120
like_4937,997,post_2121
like_4938,1603,post_2121
like_4939,1868,post_2121
like_4940,1488,post_2121
like_4941,934,post_2121
like_4942,1772,post_2121
like_4943,1480,post_2121
like_4944,1117,post_2121
like_4945,1879,post_2122
like_4946,1040,post_2122
like_4947,1772,post_2122
like_4948,1668,post_2122
like_4949,1612,post_2123
like_4950,1288,post_2123
like_4951,1175,post_2123
like_4952,1712,post_2124
like_4953,1598,post_2125
like_4954,1449,post_2126
like_4955,1863,post_2126
like_4956,1817,post_2126
like_4957,1817,post_2127
like_4958,1845,post_2127
like_4959,1783,post_2128
like_4960,1292,post_2128
like_4961,1448,post_2129
like_4962,1257,post_2129
like_4963,1066,post_2129
like_4964,1720,post_2130
like_4965,1373,post_2130
like_4966,1448,post_2130
like_4967,1587,post_2130
like_4968,1873,post_2130
like_4969,1148,post_2130
like_4970,1019,post_2130
like_4971,1123,post_2131
like_4972,1835,post_2131
like_4973,1758,post_2132
like_4974,1505,post_2132
like_4975,1369,post_2132
like_4976,1655,post_2133
like_4977,1448,post_2133
like_4978,1279,post_2133
like_4979,1790,post_2133
like_4980,1257,post_2134
like_4981,1227,post_2134
like_4982,1315,post_2134
like_4983,1100,post_2134
like_4984,1086,post_2135
like_4985,1113,post_2136
like_4986,2266,post_2137
like_4987,2134,post_2137
like_4988,2111,post_2137
like_4989,2125,post_2137
like_4990,2332,post_2138
like_4991,2149,post_2139
like_4992,1577,post_2139
like_4993,2547,post_2139
like_4994,1851,post_2141
like_4995,1305,post_2141
like_4996,1769,post_2141
like_4997,1123,post_2141
like_4998,1598,post_2141
like_4999,1135,post_2142
like_5000,1623,post_2142
like_5001,1352,post_2142
like_5002,1643,post_2142
like_5003,1128,post_2143
like_5004,1391,post_2143
like_5005,922,post_2143
like_5006,1377,post_2143
like_5007,1232,post_2144
like_5008,1504,post_2145
like_5009,964,post_2145
like_5010,1739,post_2145
like_5011,1504,post_2146
like_5012,1813,post_2147
like_5013,1431,post_2147
like_5014,1153,post_2147
like_5015,1377,post_2148
like_5016,1084,post_2148
like_5017,1460,post_2148
like_5018,1359,post_2148
like_5019,1610,post_2149
like_5020,1006,post_2149
like_5021,1269,post_2149
like_5022,1339,post_2149
like_5023,1399,post_2149
like_5024,947,post_2150
like_5025,1717,post_2150
like_5026,1619,post_2150
like_5027,1242,post_2150
like_5028,1554,post_2151
like_5029,1447,post_2151
like_5030,1614,post_2151
like_5031,1637,post_2152
like_5032,1613,post_2152
like_5033,1529,post_2153
like_5034,1127,post_2154
like_5035,1529,post_2154
like_5036,1686,post_2154
like_5037,1225,post_2154
like_5038,1121,post_2154
like_5039,1435,post_2155
like_5040,1807,post_2156
like_5041,1000,post_2157
like_5042,1840,post_2157
like_5043,1134,post_2157
like_5044,1148,post_2158
like_5045,1282,post_2159
like_5046,1261,post_2159
like_5047,1527,post_2160
like_5048,1792,post_2161
like_5049,1666,post_2161
like_5050,1064,post_2162
like_5051,1578,post_2163
like_5052,1426,post_2164
like_5053,988,post_2164
like_5054,1587,post_2164
like_5055,1271,post_2165
like_5056,1619,post_2165
like_5057,1017,post_2165
like_5058,1666,post_2165
like_5059,1086,post_2165
like_5060,1610,post_2165
like_5061,1201,post_2166
like_5062,1390,post_2166
like_5063,1556,post_2166
like_5064,1449,post_2167
like_5065,1591,post_2168
like_5066,1051,post_2168
like_5067,1169,post_2169
like_5068,1634,post_2170
like_5069,1189,post_2170
like_5070,1121,post_2170
like_5071,1153,post_2171
like_5072,1663,post_2171
like_5073,1465,post_2171
like_5074,1746,post_2171
like_5075,1570,post_2171
like_5076,1598,post_2171
like_5077,1621,post_2172
like_5078,1714,post_2172
like_5079,1388,post_2173
like_5080,1746,post_2173
like_5081,1238,post_2173
like_5082,1048,post_2174
like_5083,1769,post_2175
like_5084,1774,post_2175
like_5085,1387,post_2176
like_5086,1171,post_2176
like_5087,1297,post_2176
like_5088,1155,post_2177
like_5089,1237,post_2177
like_5090,353,post_2177
like_5091,1025,post_2178
like_5092,1080,post_2178
like_5093,1422,post_2178
like_5094,1114,post_2179
like_5095,1207,post_2180
like_5096,1293,post_2180
like_5097,1198,post_2180
like_5098,1539,post_2181
like_5099,1124,post_2181
like_5100,1230,post_2181
like_5101,1003,post_2181
like_5102,960,post_2181
like_5103,1352,post_2181
like_5104,1717,post_2182
like_5105,1447,post_2182
like_5106,1126,post_2182
like_5107,1714,post_2182
like_5108,1336,post_2183
like_5109,1495,post_2184
like_5110,606,post_2185
like_5111,1663,post_2186
like_5112,1795,post_2186
like_5113,1669,post_2187
like_5114,1230,post_2187
like_5115,1608,post_2188
like_5116,1735,post_2188
like_5117,1612,post_2188
like_5118,1291,post_2188
like_5119,1344,post_2188
like_5120,1613,post_2188
like_5121,1795,post_2188
like_5122,1194,post_2189
like_5123,1648,post_2190
like_5124,1333,post_2190
like_5125,1593,post_2191
like_5126,1144,post_2191
like_5127,1158,post_2192
like_5128,1812,post_2192
like_5129,1871,post_2192
like_5130,1020,post_2193
like_5131,1820,post_2193
like_5132,1373,post_2193
like_5133,1347,post_2193
like_5134,1482,post_2194
like_5135,1507,post_2195
like_5136,1070,post_2195
like_5137,1010,post_2195
like_5138,1135,post_2196
like_5139,1222,post_2197
like_5140,1831,post_2197
like_5141,1487,post_2197
like_5142,1604,post_2197
like_5143,1220,post_2198
like_5144,1016,post_2199
like_5145,1299,post_2200
like_5146,1159,post_2200
like_5147,1525,post_2200
like_5148,965,post_2200
like_5149,1504,post_2200
like_5150,1188,post_2200
like_5151,1157,post_2201
like_5152,1281,post_2202
like_5153,1907,post_2203
like_5154,1828,post_2204
like_5155,981,post_2204
like_5156,1729,post_2205
like_5157,971,post_2206
like_5158,1247,post_2206
like_5159,1032,post_2206
like_5160,1166,post_2206
like_5161,1052,post_2207
like_5162,1699,post_2207
like_5163,1469,post_2207
like_5164,1005,post_2207
like_5165,1469,post_2208
like_5166,1052,post_2208
like_5167,1904,post_2208
like_5168,1052,post_2209
like_5169,1418,post_2209
like_5170,1193,post_2210
like_5171,2734,post_2211
like_5172,1450,post_2211
like_5173,484,post_2212
like_5174,1876,post_2213
like_5175,1066,post_2214
like_5176,1871,post_2214
like_5177,1799,post_2215
like_5178,967,post_2216
like_5179,1842,post_2217
like_5180,1184,post_2217
like_5181,1517,post_2217
like_5182,1471,post_2217
like_5183,1391,post_2217
like_5184,1823,post_2217
like_5185,1650,post_2218
like_5186,1770,post_2218
like_5187,1494,post_2219
like_5188,1136,post_2219
like_5189,1866,post_2219
like_5190,1767,post_2220
like_5191,1506,post_2220
like_5192,1660,post_2220
like_5193,1405,post_2221
like_5194,1377,post_2222
like_5195,1003,post_2222
like_5196,993,post_2222
like_5197,1851,post_2223
like_5198,927,post_2223
like_5199,1893,post_2224
like_5200,930,post_2224
like_5201,1446,post_2224
like_5202,1358,post_2224
like_5203,1645,post_2225
like_5204,1227,post_2226
like_5205,1591,post_2226
like_5206,1190,post_2226
like_5207,1423,post_2227
like_5208,1828,post_2227
like_5209,1261,post_2227
like_5210,1427,post_2227
like_5211,1793,post_2228
like_5212,1380,post_2228
like_5213,1551,post_2228
like_5214,1617,post_2228
like_5215,1827,post_2228
like_5216,1287,post_2228
like_5217,1613,post_2229
like_5218,1675,post_2229
like_5219,1352,post_2229
like_5220,1597,post_2229
like_5221,1604,post_2229
like_5222,947,post_2229
like_5223,952,post_2230
like_5224,1793,post_2230
like_5225,966,post_2230
like_5226,1376,post_2230
like_5227,1621,post_2231
like_5228,1669,post_2231
like_5229,1377,post_2231
like_5230,916,post_2231
like_5231,1509,post_2232
like_5232,1620,post_2233
like_5233,1774,post_2233
like_5234,1567,post_2233
like_5235,1084,post_2234
like_5236,1361,post_2235
like_5237,1540,post_2235
like_5238,1554,post_2235
like_5239,1813,post_2235
like_5240,1600,post_2235
like_5241,1222,post_2235
like_5242,1819,post_2236
like_5243,1750,post_2236
like_5244,1791,post_2236
like_5245,1816,post_2236
like_5246,1768,post_2236
like_5247,1554,post_2237
like_5248,1126,post_2237
like_5249,1367,post_2237
like_5250,1467,post_2237
like_5251,1523,post_2237
like_5252,925,post_2237
like_5253,1730,post_2238
like_5254,1523,post_2238
like_5255,1626,post_2239
like_5256,1608,post_2240
like_5257,1250,post_2240
like_5258,1735,post_2240
like_5259,1079,post_2240
like_5260,1255,post_2240
like_5261,1380,post_2241
like_5262,1184,post_2241
like_5263,1250,post_2241
like_5264,1101,post_2241
like_5265,1816,post_2242
like_5266,1369,post_2242
like_5267,1250,post_2242
like_5268,1877,post_2242
like_5269,982,post_2242
like_5270,1488,post_2242
like_5271,1823,post_2243
like_5272,1243,post_2243
like_5273,1293,post_2243
like_5274,1513,post_2243
like_5275,1125,post_2243
like_5276,1431,post_2243
like_5277,1411,post_2244
like_5278,1076,post_2245
like_5279,1435,post_2245
like_5280,1532,post_2245
like_5281,1367,post_2246
like_5282,1613,post_2246
like_5283,1730,post_2246
like_5284,1608,post_2246
like_5285,1416,post_2246
like_5286,1536,post_2247
like_5287,1745,post_2247
like_5288,1541,post_2248
like_5289,1807,post_2248
like_5290,1783,post_2248
like_5291,1699,post_2249
like_5292,1569,post_2249
like_5293,1549,post_2249
like_5294,1258,post_2249
like_5295,1766,post_2250
like_5296,1025,post_2251
like_5297,1852,post_2252
like_5298,1642,post_2252
like_5299,1075,post_2253
like_5300,1048,post_2253
like_5301,1845,post_2254
like_5302,1329,post_2255
like_5303,1221,post_2256
like_5304,1236,post_2256
like_5305,1746,post_2257
like_5306,1076,post_2257
like_5307,897,post_2258
like_5308,1185,post_2258
like_5309,1184,post_2258
like_5310,1390,post_2259
like_5311,1730,post_2259
like_5312,1868,post_2259
like_5313,1035,post_2260
like_5314,1035,post_2261
like_5315,1523,post_2262
like_5316,1604,post_2262
like_5317,1548,post_2263
like_5318,1837,post_2263
like_5319,1452,post_2263
like_5320,901,post_2264
like_5321,990,post_2265
like_5322,1470,post_2266
like_5323,1409,post_2266
like_5324,1126,post_2267
like_5325,1101,post_2267
like_5326,1397,post_2268
like_5327,1496,post_2268
like_5328,1469,post_2268
like_5329,1906,post_2269
like_5330,1241,post_2269
like_5331,1042,post_2269
like_5332,1444,post_2269
like_5333,1029,post_2270
like_5334,978,post_2270
like_5335,1365,post_2271
like_5336,1750,post_2272
like_5337,1816,post_2273
like_5338,1612,post_2273
like_5339,1467,post_2273
like_5340,1107,post_2273
like_5341,1669,post_2274
like_5342,1791,post_2274
like_5343,1491,post_2275
like_5344,1361,post_2276
like_5345,1864,post_2276
like_5346,1813,post_2277
like_5347,1390,post_2277
like_5348,1584,post_2277
like_5349,1618,post_2277
like_5350,1088,post_2278
like_5351,1072,post_2279
like_5352,1525,post_2279
like_5353,1619,post_2280
like_5354,1006,post_2280
like_5355,1156,post_2280
like_5356,1662,post_2280
like_5357,1352,post_2281
like_5358,1816,post_2281
like_5359,1870,post_2282
like_5360,1358,post_2282
like_5361,1679,post_2282
like_5362,1197,post_2283
like_5363,1564,post_2283
like_5364,1478,post_2284
like_5365,1574,post_2284
like_5366,1526,post_2284
like_5367,1425,post_2284
like_5368,1889,post_2285
like_5369,1499,post_2285
like_5370,1757,post_2286
like_5371,1600,post_2286
like_5372,1006,post_2286
like_5373,1491,post_2286
like_5374,1800,post_2286
like_5375,1888,post_2287
like_5376,1721,post_2287
like_5377,1816,post_2287
like_5378,1457,post_2287
like_5379,1603,post_2288
like_5380,1747,post_2289
like_5381,1733,post_2289
like_5382,1013,post_2290
like_5383,1229,post_2291
like_5384,1129,post_2292
like_5385,957,post_2292
like_5386,1067,post_2292
like_5387,1736,post_2293
like_5388,1730,post_2293
like_5389,1132,post_2293
like_5390,1509,post_2293
like_5391,1809,post_2294
like_5392,1867,post_2294
like_5393,1888,post_2295
like_5394,1431,post_2295
like_5395,1617,post_2296
like_5396,1017,post_2296
like_5397,1554,post_2296
like_5398,1499,post_2297
like_5399,1674,post_2297
like_5400,1579,post_2298
like_5401,1813,post_2299
like_5402,1272,post_2299
like_5403,1622,post_2299
like_5404,1351,post_2299
like_5405,1377,post_2299
like_5406,1222,post_2299
like_5407,1334,post_2300
like_5408,1800,post_2300
like_5409,925,post_2300
like_5410,1329,post_2300
like_5411,1351,post_2300
like_5412,1811,post_2301
like_5413,1380,post_2301
like_5414,1845,post_2301
like_5415,1048,post_2301
like_5416,925,post_2301
like_5417,1107,post_2302
like_5418,1717,post_2302
like_5419,1367,post_2302
like_5420,1676,post_2303
like_5421,1325,post_2303
like_5422,1163,post_2304
like_5423,1399,post_2305
like_5424,1367,post_2306
like_5425,1250,post_2306
like_5426,1003,post_2307
like_5427,1877,post_2307
like_5428,1735,post_2308
like_5429,1791,post_2308
like_5430,1519,post_2309
like_5431,1491,post_2309
like_5432,1017,post_2309
like_5433,1048,post_2309
like_5434,1185,post_2309
like_5435,1352,post_2309
like_5436,1860,post_2310
like_5437,934,post_2311
like_5438,1149,post_2311
like_5439,1827,post_2311
like_5440,1608,post_2311
like_5441,1643,post_2311
like_5442,1520,post_2311
like_5443,946,post_2311
like_5444,1126,post_2312
like_5445,1214,post_2312
like_5446,1076,post_2312
like_5447,1092,post_2312
like_5448,1101,post_2312
like_5449,1557,post_2312
like_5450,1714,post_2312
like_5451,916,post_2313
like_5452,934,post_2313
like_5453,1669,post_2313
like_5454,1839,post_2313
like_5455,1757,post_2314
like_5456,1793,post_2314
like_5457,1823,post_2314
like_5458,1360,post_2316
like_5459,1505,post_2316
like_5460,1889,post_2317
like_5461,1683,post_2318
like_5462,1146,post_2318
like_5463,1735,post_2318
like_5464,1621,post_2318
like_5465,1048,post_2319
like_5466,1730,post_2319
like_5467,1736,post_2319
like_5468,1891,post_2319
like_5469,927,post_2320
like_5470,1663,post_2320
like_5471,1361,post_2320
like_5472,1441,post_2321
like_5473,1881,post_2322
like_5474,1671,post_2322
like_5475,651,post_2323
like_5476,1679,post_2323
like_5477,1731,post_2324
like_5478,1337,post_2325
like_5479,1421,post_2325
like_5480,1360,post_2325
like_5481,1601,post_2326
like_5482,1378,post_2326
like_5483,903,post_2326
like_5484,1097,post_2326
like_5485,1658,post_2327
like_5486,1435,post_2328
like_5487,1334,post_2328
like_5488,1051,post_2328
like_5489,1804,post_2329
like_5490,1376,post_2329
like_5491,1768,post_2330
like_5492,1516,post_2330
like_5493,1598,post_2330
like_5494,1265,post_2330
like_5495,1842,post_2330
like_5496,921,post_2331
like_5497,1811,post_2331
like_5498,1522,post_2331
like_5499,1902,post_2332
like_5500,1600,post_2333
like_5501,1580,post_2333
like_5502,1086,post_2333
like_5503,1402,post_2333
like_5504,1160,post_2334
like_5505,1707,post_2334
like_5506,1789,post_2335
like_5507,1100,post_2336
like_5508,1292,post_2336
like_5509,1303,post_2336
like_5510,969,post_2337
like_5511,1871,post_2337
like_5512,1715,post_2337
like_5513,1893,post_2337
like_5514,1682,post_2337
like_5515,1120,post_2338
like_5516,1596,post_2338
like_5517,1148,post_2338
like_5518,1682,post_2338
like_5519,1179,post_2339
like_5520,1616,post_2339
like_5521,566,post_2339
like_5522,1882,post_2339
like_5523,1155,post_2339
like_5524,976,post_2340
like_5525,1237,post_2340
like_5526,428,post_2340
like_5527,1374,post_2340
like_5528,913,post_2341
like_5529,1100,post_2342
like_5530,1379,post_2342
like_5531,1015,post_2343
like_5532,2149,post_2344
like_5533,2128,post_2344
like_5534,2598,post_2344
like_5535,1465,post_2344
like_5536,2491,post_2344
like_5537,2336,post_2344
like_5538,2283,post_2344
like_5539,2054,post_2345
like_5540,1932,post_2345
like_5541,2398,post_2345
like_5542,2068,post_2345
like_5543,2597,post_2345
like_5544,2149,post_2346
like_5545,2128,post_2346
like_5546,1994,post_2346
like_5547,1718,post_2347
like_5548,2183,post_2347
like_5549,2436,post_2347
like_5550,2328,post_2347
like_5551,1691,post_2348
like_5552,1021,post_2348
like_5553,957,post_2348
like_5554,1635,post_2349
like_5555,1871,post_2349
like_5556,896,post_2349
like_5557,1555,post_2350
like_5558,1201,post_2351
like_5559,1768,post_2351
like_5560,1589,post_2352
like_5561,1172,post_2352
like_5562,1772,post_2352
like_5563,941,post_2354
like_5564,1638,post_2355
like_5565,1322,post_2355
like_5566,1436,post_2355
like_5567,1235,post_2355
like_5568,1459,post_2355
like_5569,1812,post_2356
like_5570,1576,post_2356
like_5571,1728,post_2356
like_5572,1608,post_2357
like_5573,966,post_2357
like_5574,946,post_2357
like_5575,1902,post_2357
like_5576,1833,post_2357
like_5577,1416,post_2357
like_5578,1597,post_2357
like_5579,1126,post_2357
like_5580,1456,post_2357
like_5581,1765,post_2358
like_5582,1509,post_2358
like_5583,1056,post_2358
like_5584,1845,post_2359
like_5585,1391,post_2359
like_5586,1312,post_2359
like_5587,1291,post_2359
like_5588,1554,post_2360
like_5589,1059,post_2360
like_5590,1191,post_2360
like_5591,921,post_2360
like_5592,1520,post_2360
like_5593,1779,post_2361
like_5594,1194,post_2362
like_5595,896,post_2363
like_5596,1857,post_2363
like_5597,1322,post_2363
like_5598,1636,post_2363
like_5599,1720,post_2363
like_5600,1082,post_2363
like_5601,981,post_2364
like_5602,1298,post_2365
like_5603,1438,post_2365
like_5604,1576,post_2365
like_5605,1459,post_2365
like_5606,1360,post_2366
like_5607,1676,post_2366
like_5608,1274,post_2366
like_5609,1369,post_2367
like_5610,1290,post_2367
like_5611,1416,post_2367
like_5612,934,post_2367
like_5613,1128,post_2367
like_5614,1753,post_2367
like_5615,1637,post_2367
like_5616,952,post_2367
like_5617,1293,post_2368
like_5618,1765,post_2368
like_5619,1191,post_2368
like_5620,1612,post_2368
like_5621,1793,post_2368
like_5622,1842,post_2369
like_5623,1689,post_2369
like_5624,1352,post_2369
like_5625,1845,post_2369
like_5626,1879,post_2369
like_5627,1214,post_2370
like_5628,1557,post_2370
like_5629,1528,post_2370
like_5630,1730,post_2370
like_5631,1101,post_2370
like_5632,1431,post_2370
like_5633,1146,post_2370
like_5634,1184,post_2370
like_5635,1663,post_2371
like_5636,1589,post_2371
like_5637,1851,post_2371
like_5638,967,post_2371
like_5639,1879,post_2372
like_5640,1467,post_2373
like_5641,1765,post_2373
like_5642,1133,post_2373
like_5643,1617,post_2373
like_5644,1828,post_2374
like_5645,1148,post_2374
like_5646,1448,post_2375
like_5647,1628,post_2375
like_5648,1413,post_2376
like_5649,1014,post_2376
like_5650,1872,post_2376
like_5651,1085,post_2377
like_5652,1851,post_2378
like_5653,1437,post_2378
like_5654,1261,post_2379
like_5655,1691,post_2380
like_5656,1841,post_2380
like_5657,1583,post_2380
like_5658,941,post_2380
like_5659,1591,post_2381
like_5660,1714,post_2382
like_5661,1344,post_2382
like_5662,1250,post_2382
like_5663,1610,post_2382
like_5664,1291,post_2383
like_5665,1652,post_2383
like_5666,1879,post_2383
like_5667,1653,post_2384
like_5668,1714,post_2384
like_5669,1532,post_2384
like_5670,1420,post_2384
like_5671,1712,post_2385
like_5672,1391,post_2385
like_5673,1198,post_2385
like_5674,1388,post_2385
like_5675,1153,post_2386
like_5676,1570,post_2386
like_5677,1291,post_2387
like_5678,1795,post_2387
like_5679,1256,post_2387
like_5680,1456,post_2387
like_5681,1789,post_2387
like_5682,1867,post_2387
like_5683,946,post_2388
like_5684,1610,post_2388
like_5685,1542,post_2388
like_5686,959,post_2388
like_5687,1659,post_2388
like_5688,1901,post_2389
like_5689,1003,post_2390
like_5690,1752,post_2390
like_5691,1480,post_2390
like_5692,1623,post_2390
like_5693,1520,post_2391
like_5694,1750,post_2392
like_5695,1006,post_2392
like_5696,1269,post_2392
like_5697,1377,post_2392
like_5698,1652,post_2392
like_5699,903,post_2393
like_5700,1318,post_2394
like_5701,1565,post_2394
like_5702,1559,post_2395
like_5703,1589,post_2395
like_5704,1717,post_2396
like_5705,1135,post_2396
like_5706,1793,post_2396
like_5707,1730,post_2396
like_5708,1570,post_2396
like_5709,1026,post_2397
like_5710,1149,post_2397
like_5711,1491,post_2397
like_5712,1863,post_2398
like_5713,1800,post_2399
like_5714,1361,post_2399
like_5715,1336,post_2399
like_5716,1637,post_2400
like_5717,1522,post_2400
like_5718,1068,post_2400
like_5719,1437,post_2401
like_5720,1160,post_2402
like_5721,1320,post_2403
like_5722,1695,post_2404
like_5723,1870,post_2404
like_5724,1358,post_2404
like_5725,1896,post_2405
like_5726,1334,post_2406
like_5727,1613,post_2406
like_5728,1079,post_2406
like_5729,1238,post_2406
like_5730,1431,post_2406
like_5731,1823,post_2406
like_5732,1835,post_2407
like_5733,1621,post_2408
like_5734,1201,post_2408
like_5735,1079,post_2408
like_5736,1238,post_2409
like_5737,1559,post_2409
like_5738,1613,post_2409
like_5739,1369,post_2409
like_5740,1535,post_2409
like_5741,1516,post_2409
like_5742,1199,post_2410
like_5743,1255,post_2411
like_5744,1290,post_2411
like_5745,1201,post_2411
like_5746,1182,post_2411
like_5747,1344,post_2412
like_5748,982,post_2413
like_5749,1449,post_2413
like_5750,1146,post_2413
like_5751,1800,post_2413
like_5752,1752,post_2413
like_5753,1832,post_2413
like_5754,1621,post_2414
like_5755,1752,post_2414
like_5756,925,post_2415
like_5757,1903,post_2416
like_5758,1322,post_2416
like_5759,1379,post_2416
like_5760,1550,post_2417
like_5761,1841,post_2417
like_5762,1652,post_2418
like_5763,1589,post_2418
like_5764,1730,post_2418
like_5765,1683,post_2418
like_5766,1563,post_2418
like_5767,921,post_2419
like_5768,1753,post_2419
like_5769,1149,post_2419
like_5770,1006,post_2419
like_5771,1431,post_2420
like_5772,1888,post_2420
like_5773,1112,post_2420
like_5774,946,post_2420
like_5775,1054,post_2420
like_5776,1391,post_2421
like_5777,1827,post_2421
like_5778,1017,post_2421
like_5779,1334,post_2421
like_5780,1420,post_2422
like_5781,946,post_2422
like_5782,1623,post_2422
like_5783,1135,post_2422
like_5784,1637,post_2422
like_5785,1823,post_2422
like_5786,1608,post_2422
like_5787,1675,post_2422
like_5788,1765,post_2423
like_5789,1683,post_2423
like_5790,1644,post_2423
like_5791,1003,post_2424
like_5792,1757,post_2424
like_5793,1714,post_2424
like_5794,1026,post_2424
like_5795,1520,post_2424
like_5796,1416,post_2424
like_5797,1146,post_2424
like_5798,1375,post_2425
like_5799,1603,post_2426
like_5800,1746,post_2426
like_5801,1849,post_2426
like_5802,1886,post_2427
like_5803,1675,post_2427
like_5804,1867,post_2427
like_5805,1669,post_2428
like_5806,1449,post_2429
like_5807,1886,post_2429
like_5808,1420,post_2429
like_5809,1075,post_2429
like_5810,1752,post_2429
like_5811,1494,post_2430
like_5812,1421,post_2430
like_5813,1567,post_2430
like_5814,1574,post_2431
like_5815,1557,post_2432
like_5816,1086,post_2432
like_5817,1877,post_2432
like_5818,1516,post_2432
like_5819,1369,post_2433
like_5820,1877,post_2433
like_5821,1017,post_2433
like_5822,1163,post_2433
like_5823,1509,post_2434
like_5824,1028,post_2434
like_5825,1793,post_2434
like_5826,1584,post_2434
like_5827,1365,post_2434
like_5828,1337,post_2435
like_5829,1337,post_2436
like_5830,1003,post_2436
like_5831,1819,post_2436
like_5832,1827,post_2436
like_5833,966,post_2437
like_5834,1068,post_2437
like_5835,1447,post_2438
like_5836,1352,post_2438
like_5837,1184,post_2438
like_5838,1722,post_2439
like_5839,1447,post_2440
like_5840,1584,post_2440
like_5841,1402,post_2440
like_5842,1086,post_2440
like_5843,1330,post_2440
like_5844,1351,post_2440
like_5845,1290,post_2441
like_5846,1075,post_2441
like_5847,1823,post_2441
like_5848,1689,post_2441
like_5849,1621,post_2441
like_5850,1683,post_2442
like_5851,1823,post_2442
like_5852,1571,post_2442
like_5853,1547,post_2443
like_5854,1146,post_2443
like_5855,1112,post_2443
like_5856,1813,post_2443
like_5857,1823,post_2443
like_5858,1153,post_2443
like_5859,1864,post_2443
like_5860,1135,post_2444
like_5861,1107,post_2444
like_5862,1730,post_2444
like_5863,1491,post_2445
like_5864,916,post_2445
like_5865,1291,post_2445
like_5866,1623,post_2445
like_5867,1765,post_2445
like_5868,1610,post_2446
like_5869,1339,post_2446
like_5870,1520,post_2446
like_5871,1181,post_2446
like_5872,1335,post_2446
like_5873,1312,post_2446
like_5874,1367,post_2447
like_5875,966,post_2447
like_5876,1757,post_2447
like_5877,1902,post_2447
like_5878,1608,post_2447
like_5879,1339,post_2447
like_5880,1457,post_2447
like_5881,1652,post_2447
like_5882,925,post_2448
like_5883,921,post_2448
like_5884,1107,post_2448
like_5885,1584,post_2448
like_5886,1339,post_2448
like_5887,1491,post_2448
like_5888,1184,post_2448
like_5889,1516,post_2448
like_5890,1669,post_2449
like_5891,1522,post_2449
like_5892,1612,post_2449
like_5893,1813,post_2449
like_5894,1861,post_2449
like_5895,925,post_2450
like_5896,1610,post_2450
like_5897,1003,post_2450
like_5898,1752,post_2450
like_5899,1663,post_2451
like_5900,1644,post_2451
like_5901,1819,post_2451
like_5902,1272,post_2451
like_5903,1391,post_2451
like_5904,921,post_2452
like_5905,1746,post_2452
like_5906,1491,post_2453
like_5907,1049,post_2453
like_5908,1471,post_2454
like_5909,1079,post_2454
like_5910,1049,post_2454
like_5911,1344,post_2454
like_5912,1041,post_2455
like_5913,1783,post_2456
like_5914,1259,post_2456
like_5915,1770,post_2456
like_5916,1294,post_2457
like_5917,967,post_2458
like_5918,1027,post_2459
like_5919,1857,post_2460
like_5920,1221,post_2460
like_5921,975,post_2460
like_5922,1082,post_2461
like_5923,1426,post_2461
like_5924,1573,post_2461
like_5925,1104,post_2461
like_5926,1404,post_2461
like_5927,1216,post_2462
like_5928,1444,post_2463
like_5929,1496,post_2464
like_5930,483,post_2465
like_5931,1179,post_2465
like_5932,366,post_2465
like_5933,1673,post_2465
like_5934,1796,post_2466
like_5935,1523,post_2466
like_5936,1877,post_2466
like_5937,1867,post_2466
like_5938,1730,post_2466
like_5939,1289,post_2466
like_5940,1683,post_2466
like_5941,1700,post_2467
like_5942,1683,post_2467
like_5943,1167,post_2468
like_5944,1260,post_2468
like_5945,1469,post_2468
like_5946,1304,post_2469
like_5947,986,post_2469
like_5948,1381,post_2470
like_5949,1691,post_2470
like_5950,1257,post_2470
like_5951,1345,post_2470
like_5952,1691,post_2471
like_5953,1899,post_2471
like_5954,1578,post_2471
like_5955,1899,post_2472
like_5956,1635,post_2472
like_5957,1381,post_2473
like_5958,1899,post_2473
like_5959,1857,post_2473
like_5960,1842,post_2474
like_5961,967,post_2474
like_5962,1861,post_2475
like_5963,1791,post_2475
like_5964,1590,post_2475
like_5965,1192,post_2476
like_5966,896,post_2476
like_5967,942,post_2476
like_5968,1824,post_2476
like_5969,1513,post_2477
like_5970,1551,post_2478
like_5971,921,post_2478
like_5972,1182,post_2478
like_5973,1010,post_2479
like_5974,1703,post_2479
like_5975,1477,post_2480
like_5976,1519,post_2481
like_5977,107,post_2481
like_5978,1620,post_2482
like_5979,1522,post_2482
like_5980,1653,post_2482
like_5981,1796,post_2483
like_5982,1509,post_2483
like_5983,1888,post_2483
like_5984,1621,post_2483
like_5985,526,post_2484
like_5986,1572,post_2484
like_5987,1390,post_2484
like_5988,1049,post_2485
like_5989,1390,post_2485
like_5990,1743,post_2486
like_5991,517,post_2487
like_5992,1300,post_2487
like_5993,1035,post_2488
like_5994,1867,post_2488
like_5995,1781,post_2488
like_5996,1257,post_2489
like_5997,1728,post_2489
like_5998,1232,post_2490
like_5999,1783,post_2491
like_6000,1794,post_2492
like_6001,1770,post_2493
like_6002,995,post_2494
like_6003,1622,post_2495
like_6004,1653,post_2495
like_6005,1132,post_2496
like_6006,1800,post_2496
like_6007,1795,post_2496
like_6008,1800,post_2497
like_6009,1584,post_2497
like_6010,1539,post_2497
like_6011,1293,post_2498
like_6012,1242,post_2498
like_6013,1767,post_2499
like_6014,1277,post_2500
like_6015,1479,post_2501
like_6016,1257,post_2502
like_6017,1231,post_2502
like_6018,1872,post_2502
like_6019,990,post_2503
like_6020,912,post_2504
like_6021,968,post_2505
like_6022,967,post_2506
like_6023,1339,post_2506
like_6024,967,post_2507
like_6025,1509,post_2507
like_6026,1724,post_2507
like_6027,1076,post_2507
like_6028,1487,post_2508
like_6029,1573,post_2509
like_6030,896,post_2509
like_6031,1515,post_2510
like_6032,1316,post_2510
like_6033,984,post_2510
like_6034,1099,post_2510
like_6035,1746,post_2511
like_6036,1361,post_2511
like_6037,1437,post_2511
like_6038,1619,post_2511
like_6039,952,post_2511
like_6040,1293,post_2512
like_6041,1388,post_2512
like_6042,1377,post_2512
like_6043,1554,post_2512
like_6044,1132,post_2512
like_6045,1250,post_2513
like_6046,1683,post_2513
like_6047,1902,post_2514
like_6048,1291,post_2514
like_6049,1877,post_2514
like_6050,1721,post_2514
like_6051,921,post_2514
like_6052,1714,post_2514
like_6053,1849,post_2514
like_6054,1390,post_2514
like_6055,1209,post_2514
like_6056,1522,post_2515
like_6057,1888,post_2515
like_6058,1124,post_2515
like_6059,1250,post_2515
like_6060,1835,post_2515
like_6061,1255,post_2515
like_6062,980,post_2515
like_6063,1816,post_2516
like_6064,1902,post_2516
like_6065,1149,post_2516
like_6066,1868,post_2516
like_6067,1191,post_2517
like_6068,1243,post_2517
like_6069,1610,post_2517
like_6070,1402,post_2517
like_6071,1612,post_2517
like_6072,1632,post_2517
like_6073,1057,post_2518
like_6074,1607,post_2518
like_6075,1469,post_2518
like_6076,1772,post_2519
like_6077,1078,post_2519
like_6078,1902,post_2520
like_6079,1730,post_2520
like_6080,995,post_2520
like_6081,1271,post_2520
like_6082,1668,post_2520
like_6083,1125,post_2520
like_6084,1620,post_2520
like_6085,1289,post_2521
like_6086,1563,post_2521
like_6087,1542,post_2521
like_6088,1180,post_2521
like_6089,1457,post_2522
like_6090,1652,post_2522
like_6091,1180,post_2522
like_6092,1845,post_2522
like_6093,1610,post_2522
like_6094,1441,post_2523
like_6095,1505,post_2523
like_6096,1534,post_2523
like_6097,1672,post_2524
like_6098,1613,post_2525
like_6099,1717,post_2525
like_6100,1390,post_2526
like_6101,1123,post_2526
like_6102,1335,post_2526
like_6103,1752,post_2527
like_6104,1600,post_2528
like_6105,1361,post_2528
like_6106,1637,post_2528
like_6107,1835,post_2528
like_6108,1663,post_2528
like_6109,1845,post_2528
like_6110,1861,post_2528
like_6111,1535,post_2529
like_6112,1554,post_2529
like_6113,1761,post_2529
like_6114,1610,post_2530
like_6115,1470,post_2530
like_6116,1842,post_2530
like_6117,1888,post_2530
like_6118,1613,post_2530
like_6119,1570,post_2530
like_6120,1290,post_2531
like_6121,1813,post_2531
like_6122,1528,post_2531
like_6123,1589,post_2531
like_6124,1076,post_2531
like_6125,1902,post_2531
like_6126,1614,post_2531
like_6127,1563,post_2531
like_6128,1527,post_2532
like_6129,1425,post_2533
like_6130,1565,post_2533
like_6131,1743,post_2533
like_6132,1763,post_2533
like_6133,1566,post_2534
like_6134,1910,post_2534
like_6135,1831,post_2534
like_6136,1070,post_2535
like_6137,1275,post_2535
like_6138,1740,post_2536
like_6139,1534,post_2537
like_6140,1861,post_2538
like_6141,932,post_2538
like_6142,1420,post_2539
like_6143,1391,post_2539
like_6144,1086,post_2539
like_6145,1609,post_2539
like_6146,1291,post_2540
like_6147,1761,post_2540
like_6148,1487,post_2540
like_6149,1555,post_2541
like_6150,936,post_2542
like_6151,1080,post_2542
like_6152,1763,post_2542
like_6153,990,post_2543
like_6154,1882,post_2544
like_6155,637,post_2544
like_6156,1155,post_2545
like_6157,651,post_2545
like_6158,1882,post_2545
like_6159,1459,post_2546
like_6160,1067,post_2546
like_6161,1857,post_2546
like_6162,1277,post_2547
like_6163,1037,post_2548
like_6164,1699,post_2548
like_6165,949,post_2548
like_6166,1507,post_2548
like_6167,1727,post_2548
like_6168,1120,post_2549
like_6169,1227,post_2549
like_6170,1899,post_2549
like_6171,1015,post_2549
like_6172,1379,post_2549
like_6173,1653,post_2550
like_6174,1107,post_2550
like_6175,1774,post_2551
like_6176,1250,post_2551
like_6177,1522,post_2551
like_6178,1250,post_2552
like_6179,1283,post_2552
like_6180,1497,post_2552
like_6181,1171,post_2553
like_6182,1520,post_2554
like_6183,1800,post_2554
like_6184,1048,post_2554
like_6185,1331,post_2554
like_6186,1622,post_2555
like_6187,1551,post_2555
like_6188,1525,post_2556
like_6189,1167,post_2557
like_6190,908,post_2558
like_6191,1328,post_2558
like_6192,1278,post_2559
like_6193,1269,post_2559
like_6194,1659,post_2560
like_6195,1867,post_2560
like_6196,1056,post_2560
like_6197,1278,post_2560
like_6198,1048,post_2561
like_6199,1116,post_2561
like_6200,1885,post_2561
like_6201,1563,post_2562
like_6202,1365,post_2562
like_6203,1431,post_2562
like_6204,921,post_2562
like_6205,1376,post_2563
like_6206,1809,post_2563
like_6207,1181,post_2563
like_6208,1736,post_2563
like_6209,1750,post_2564
like_6210,1391,post_2564
like_6211,906,post_2564
like_6212,1290,post_2564
like_6213,1536,post_2565
like_6214,1899,post_2566
like_6215,1591,post_2566
like_6216,1257,post_2566
like_6217,1413,post_2566
like_6218,1148,post_2566
like_6219,1448,post_2567
like_6220,1279,post_2567
like_6221,1635,post_2568
like_6222,366,post_2569
like_6223,1760,post_2570
like_6224,484,post_2571
like_6225,1645,post_2571
like_6226,1881,post_2572
like_6227,1446,post_2572
like_6228,1660,post_2572
like_6229,1814,post_2573
like_6230,1526,post_2573
like_6231,1663,post_2574
like_6232,1337,post_2574
like_6233,1553,post_2575
like_6234,1504,post_2576
like_6235,1217,post_2576
like_6236,913,post_2577
like_6237,1703,post_2577
like_6238,1827,post_2578
like_6239,1184,post_2578
like_6240,946,post_2578
like_6241,1317,post_2579
like_6242,951,post_2580
like_6243,1006,post_2581
like_6244,1561,post_2581
like_6245,1141,post_2582
like_6246,1090,post_2583
like_6247,1070,post_2583
like_6248,1169,post_2583
like_6249,1871,post_2584
like_6250,1489,post_2584
like_6251,945,post_2584
like_6252,1593,post_2585
like_6253,928,post_2585
like_6254,1136,post_2585
like_6255,1360,post_2586
like_6256,1174,post_2586
like_6257,1410,post_2586
like_6258,1794,post_2587
like_6259,1893,post_2587
like_6260,1409,post_2588
like_6261,1184,post_2588
like_6262,1685,post_2588
like_6263,1722,post_2588
like_6264,1800,post_2588
like_6265,1339,post_2589
like_6266,1608,post_2589
like_6267,1068,post_2589
like_6268,1250,post_2589
like_6269,1184,post_2589
like_6270,1457,post_2589
like_6271,1339,post_2590
like_6272,1750,post_2590
like_6273,1101,post_2590
like_6274,1059,post_2590
like_6275,960,post_2590
like_6276,1809,post_2590
like_6277,1721,post_2590
like_6278,1902,post_2590
like_6279,1538,post_2590
like_6280,1302,post_2591
like_6281,1741,post_2591
like_6282,1172,post_2591
like_6283,1393,post_2592
like_6284,1388,post_2592
like_6285,1530,post_2592
like_6286,1457,post_2592
like_6287,1593,post_2593
like_6288,1008,post_2593
like_6289,944,post_2594
like_6290,1703,post_2594
like_6291,1189,post_2594
like_6292,1749,post_2594
like_6293,1258,post_2594
like_6294,1260,post_2594
like_6295,1504,post_2594
like_6296,1109,post_2595
like_6297,1756,post_2595
like_6298,1827,post_2596
like_6299,1270,post_2597
like_6300,1336,post_2598
like_6301,1488,post_2598
like_6302,1707,post_2598
like_6303,1603,post_2599
like_6304,1757,post_2599
like_6305,1336,post_2599
like_6306,1879,post_2599
like_6307,1652,post_2600
like_6308,1003,post_2600
like_6309,1271,post_2600
like_6310,1302,post_2600
like_6311,1598,post_2600
like_6312,1622,post_2600
like_6313,1471,post_2601
like_6314,1800,post_2601
like_6315,1287,post_2601
like_6316,1589,post_2601
like_6317,1083,post_2601
like_6318,1676,post_2602
like_6319,1444,post_2602
like_6320,1653,post_2603
like_6321,1491,post_2603
like_6322,1737,post_2603
like_6323,1449,post_2603
like_6324,1598,post_2603
like_6325,1793,post_2603
like_6326,1902,post_2604
like_6327,1888,post_2604
like_6328,1271,post_2604
like_6329,1522,post_2604
like_6330,947,post_2604
like_6331,1302,post_2604
like_6332,934,post_2605
like_6333,1006,post_2605
like_6334,1288,post_2605
like_6335,1689,post_2606
like_6336,1663,post_2606
like_6337,1135,post_2606
like_6338,1516,post_2606
like_6339,1329,post_2606
like_6340,1653,post_2607
like_6341,1637,post_2607
like_6342,1737,post_2607
like_6343,947,post_2607
like_6344,1335,post_2607
like_6345,1570,post_2607
like_6346,1576,post_2608
like_6347,1104,post_2609
like_6348,1691,post_2609
like_6349,988,post_2609
like_6350,1277,post_2610
like_6351,1691,post_2610
like_6352,1104,post_2610
like_6353,1859,post_2610
like_6354,1158,post_2611
like_6355,1475,post_2612
like_6356,1277,post_2612
like_6357,1682,post_2612
like_6358,1736,post_2613
like_6359,1181,post_2613
like_6360,1352,post_2613
like_6361,1689,post_2614
like_6362,1683,post_2614
like_6363,1800,post_2614
like_6364,1048,post_2614
like_6365,1520,post_2615
like_6366,1612,post_2615
like_6367,1639,post_2615
like_6368,2010,post_2616
like_6369,1920,post_2616
like_6370,2589,post_2617
like_6371,2246,post_2617
like_6372,2223,post_2617
like_6373,1697,post_2617
like_6374,2148,post_2618
like_6375,1947,post_2618
like_6376,2052,post_2618
like_6377,2117,post_2618
like_6378,2543,post_2618
like_6379,2282,post_2619
like_6380,2598,post_2619
like_6381,2072,post_2619
like_6382,1926,post_2619
like_6383,1555,post_2620
like_6384,1764,post_2621
like_6385,1715,post_2621
like_6386,1764,post_2622
like_6387,1611,post_2622
like_6388,1211,post_2623
like_6389,1750,post_2624
like_6390,1816,post_2624
like_6391,999,post_2624
like_6392,1431,post_2625
like_6393,1056,post_2626
like_6394,1238,post_2626
like_6395,1528,post_2626
like_6396,1361,post_2626
like_6397,1909,post_2626
like_6398,1361,post_2627
like_6399,1402,post_2627
like_6400,1086,post_2627
like_6401,1056,post_2628
like_6402,1084,post_2628
like_6403,1160,post_2628
like_6404,1639,post_2629
like_6405,1721,post_2630
like_6406,1054,post_2630
like_6407,1339,post_2630
like_6408,1075,post_2630
like_6409,1110,post_2631
like_6410,1416,post_2631
like_6411,1250,post_2631
like_6412,1861,post_2631
like_6413,1523,post_2631
like_6414,1692,post_2631
like_6415,1134,post_2632
like_6416,1672,post_2632
like_6417,1052,post_2633
like_6418,1010,post_2633
like_6419,1794,post_2633
like_6420,1146,post_2634
like_6421,3385,post_2635
like_6422,1738,post_2636
like_6423,1106,post_2636
like_6424,1550,post_2637
like_6425,1231,post_2637
like_6426,1227,post_2637
like_6427,1413,post_2638
like_6428,1751,post_2639
like_6429,1502,post_2639
like_6430,1515,post_2639
like_6431,1099,post_2639
like_6432,1508,post_2640
like_6433,1495,post_2640
like_6434,1675,post_2641
like_6435,946,post_2641
like_6436,1902,post_2642
like_6437,921,post_2642
like_6438,1547,post_2642
like_6439,1620,post_2642
like_6440,1388,post_2642
like_6441,1833,post_2642
like_6442,1663,post_2643
like_6443,1547,post_2643
like_6444,1689,post_2643
like_6445,1689,post_2644
like_6446,1723,post_2644
like_6447,1513,post_2644
like_6448,1886,post_2644
like_6449,1600,post_2644
like_6450,995,post_2644
like_6451,1835,post_2644
like_6452,1497,post_2645
like_6453,1081,post_2646
like_6454,1347,post_2647
like_6455,1261,post_2647
like_6456,1282,post_2647
like_6457,1787,post_2648
like_6458,1798,post_2648
like_6459,1747,post_2648
like_6460,1341,post_2649
like_6461,1653,post_2650
like_6462,1836,post_2650
like_6463,1563,post_2650
like_6464,1845,post_2650
like_6465,1761,post_2651
like_6466,1305,post_2651
like_6467,1211,post_2651
like_6468,1597,post_2651
like_6469,1614,post_2652
like_6470,1612,post_2652
like_6471,1334,post_2652
like_6472,1610,post_2653
like_6473,1735,post_2653
like_6474,1600,post_2654
like_6475,1101,post_2654
like_6476,1132,post_2654
like_6477,1006,post_2654
like_6478,1584,post_2654
like_6479,1126,post_2654
like_6480,1768,post_2654
like_6481,1757,post_2655
like_6482,1132,post_2655
like_6483,1059,post_2656
like_6484,1888,post_2656
like_6485,1714,post_2656
like_6486,1101,post_2656
like_6487,1557,post_2656
like_6488,952,post_2657
like_6489,1059,post_2657
like_6490,1184,post_2657
like_6491,1819,post_2657
like_6492,1086,post_2658
like_6493,1757,post_2658
like_6494,1126,post_2659
like_6495,1367,post_2659
like_6496,1799,post_2659
like_6497,1211,post_2659
like_6498,1444,post_2660
like_6499,1062,post_2661
like_6500,964,post_2661
like_6501,1320,post_2662
like_6502,1210,post_2663
like_6503,1514,post_2663
like_6504,363,post_2663
like_6505,997,post_2664
like_6506,1861,post_2664
like_6507,1250,post_2664
like_6508,1604,post_2664
like_6509,1180,post_2665
like_6510,1078,post_2665
like_6511,1721,post_2665
like_6512,1823,post_2665
like_6513,1367,post_2666
like_6514,1271,post_2666
like_6515,1102,post_2667
like_6516,1451,post_2667
like_6517,1582,post_2668
like_6518,962,post_2669
like_6519,1122,post_2669
like_6520,1831,post_2669
like_6521,1671,post_2669
like_6522,1740,post_2670
like_6523,637,post_2671
like_6524,1829,post_2671
like_6525,1349,post_2671
like_6526,1035,post_2672
like_6527,1296,post_2672
like_6528,1017,post_2673
like_6529,1867,post_2674
like_6530,1391,post_2674
like_6531,1597,post_2674
like_6532,947,post_2675
like_6533,1172,post_2675
like_6534,1126,post_2675
like_6535,1757,post_2675
like_6536,1516,post_2676
like_6537,1652,post_2676
like_6538,1211,post_2676
like_6539,1003,post_2676
like_6540,1795,post_2676
like_6541,1868,post_2676
like_6542,1118,post_2677
like_6543,1548,post_2677
like_6544,1249,post_2678
like_6545,1106,post_2679
like_6546,1390,post_2680
like_6547,1689,post_2680
like_6548,1431,post_2681
like_6549,1112,post_2681
like_6550,1539,post_2681
like_6551,1059,post_2681
like_6552,1819,post_2681
like_6553,1184,post_2681
like_6554,1844,post_2681
like_6555,1172,post_2681
like_6556,980,post_2681
like_6557,934,post_2682
like_6558,1761,post_2682
like_6559,1737,post_2682
like_6560,1416,post_2682
like_6561,1644,post_2682
like_6562,1893,post_2683
like_6563,1495,post_2683
like_6564,1454,post_2683
like_6565,1282,post_2684
like_6566,1277,post_2684
like_6567,1017,post_2685
like_6568,1867,post_2685
like_6569,1375,post_2685
like_6570,1059,post_2685
like_6571,1184,post_2686
like_6572,1076,post_2687
like_6573,1242,post_2687
like_6574,1420,post_2687
like_6575,1613,post_2688
like_6576,1622,post_2688
like_6577,934,post_2688
like_6578,1269,post_2689
like_6579,921,post_2689
like_6580,1675,post_2689
like_6581,1891,post_2689
like_6582,1393,post_2690
like_6583,1074,post_2690
like_6584,982,post_2690
like_6585,1075,post_2690
like_6586,1620,post_2690
like_6587,1059,post_2690
like_6588,1126,post_2691
like_6589,1116,post_2691
like_6590,1722,post_2691
like_6591,1347,post_2692
like_6592,1131,post_2693
like_6593,1467,post_2694
like_6594,1736,post_2694
like_6595,1746,post_2694
like_6596,1146,post_2694
like_6597,1752,post_2694
like_6598,1524,post_2694
like_6599,1431,post_2695
like_6600,1737,post_2695
like_6601,1547,post_2695
like_6602,978,post_2695
like_6603,1086,post_2695
like_6604,947,post_2696
like_6605,1026,post_2696
like_6606,999,post_2696
like_6607,1165,post_2697
like_6608,3205,post_2697
like_6609,1000,post_2698
like_6610,1304,post_2698
like_6611,1070,post_2699
like_6612,1693,post_2699
like_6613,1391,post_2700
like_6614,1079,post_2701
like_6615,1520,post_2701
like_6616,1589,post_2701
like_6617,1391,post_2701
like_6618,1557,post_2701
like_6619,1017,post_2702
like_6620,1823,post_2702
like_6621,1864,post_2702
like_6622,1545,post_2703
like_6623,930,post_2704
like_6624,957,post_2705
like_6625,1235,post_2705
like_6626,1082,post_2705
like_6627,941,post_2705
like_6628,1791,post_2706
like_6629,897,post_2706
like_6630,1819,post_2707
like_6631,1614,post_2707
like_6632,1589,post_2707
like_6633,1320,post_2708
like_6634,1113,post_2709
like_6635,1028,post_2710
like_6636,1643,post_2710
like_6637,1480,post_2711
like_6638,1551,post_2711
like_6639,980,post_2711
like_6640,1685,post_2711
like_6641,1431,post_2711
like_6642,946,post_2712
like_6643,1219,post_2712
like_6644,1117,post_2712
like_6645,1074,post_2712
like_6646,1900,post_2713
like_6647,1388,post_2713
like_6648,1195,post_2713
like_6649,1530,post_2713
like_6650,947,post_2713
like_6651,1643,post_2713
like_6652,1146,post_2713
like_6653,1813,post_2713
like_6654,1845,post_2714
like_6655,1538,post_2714
like_6656,1449,post_2715
like_6657,1121,post_2716
like_6658,1275,post_2716
like_6659,1827,post_2717
like_6660,1153,post_2718
like_6661,1570,post_2718
like_6662,1898,post_2718
like_6663,1614,post_2718
like_6664,1335,post_2718
like_6665,1420,post_2719
like_6666,1318,post_2720
like_6667,1149,post_2721
like_6668,1329,post_2721
like_6669,1911,post_2721
like_6670,1845,post_2722
like_6671,1458,post_2722
like_6672,1305,post_2722
like_6673,980,post_2723
like_6674,1657,post_2724
like_6675,376,post_2725
like_6676,915,post_2726
like_6677,962,post_2727
like_6678,637,post_2727
like_6679,428,post_2727
like_6680,1645,post_2727
like_6681,1851,post_2728
like_6682,1441,post_2728
like_6683,1639,post_2728
like_6684,1544,post_2728
like_6685,922,post_2729
like_6686,1525,post_2730
like_6687,1120,post_2730
like_6688,1244,post_2731
like_6689,1409,post_2732
like_6690,1765,post_2732
like_6691,1420,post_2732
like_6692,1485,post_2733
like_6693,1126,post_2734
like_6694,1376,post_2734
like_6695,967,post_2734
like_6696,927,post_2734
like_6697,898,post_2735
like_6698,1309,post_2735
like_6699,1282,post_2735
like_6700,1812,post_2736
like_6701,1241,post_2736
like_6702,1309,post_2736
like_6703,1459,post_2737
like_6704,1066,post_2737
like_6705,483,post_2737
like_6706,1333,post_2738
like_6707,1216,post_2738
like_6708,992,post_2738
like_6709,1828,post_2739
like_6710,1725,post_2739
like_6711,1429,post_2740
like_6712,1373,post_2740
like_6713,1282,post_2740
like_6714,1032,post_2740
like_6715,1848,post_2740
like_6716,1204,post_2740
like_6717,1812,post_2740
like_6718,1099,post_2740
like_6719,941,post_2741
like_6720,1582,post_2741
like_6721,1020,post_2741
like_6722,1227,post_2741
like_6723,483,post_2741
like_6724,1216,post_2742
like_6725,1548,post_2742
like_6726,909,post_2743
like_6727,955,post_2743
like_6728,1384,post_2743
like_6729,1291,post_2744
like_6730,1796,post_2744
like_6731,1572,post_2744
like_6732,1101,post_2745
like_6733,1559,post_2745
like_6734,966,post_2745
like_6735,1380,post_2745
like_6736,1547,post_2745
like_6737,1291,post_2746
like_6738,1214,post_2746
like_6739,1209,post_2746
like_6740,1086,post_2746
like_6741,363,post_2747
like_6742,1215,post_2748
like_6743,1736,post_2749
like_6744,1559,post_2749
like_6745,1730,post_2749
like_6746,1361,post_2749
like_6747,1663,post_2749
like_6748,1580,post_2749
like_6749,916,post_2749
like_6750,1329,post_2749
like_6751,1765,post_2749
like_6752,1399,post_2749
like_6753,1079,post_2750
like_6754,1467,post_2750
like_6755,1402,post_2751
like_6756,1643,post_2751
like_6757,1666,post_2752
like_6758,1056,post_2753
like_6759,1559,post_2753
like_6760,1250,post_2754
like_6761,1290,post_2754
like_6762,1491,post_2755
like_6763,1059,post_2755
like_6764,1117,post_2755
like_6765,1427,post_2756
like_6766,1649,post_2756
like_6767,1350,post_2756
like_6768,1427,post_2757
like_6769,1464,post_2757
like_6770,1103,post_2757
like_6771,1867,post_2758
like_6772,1589,post_2758
like_6773,1092,post_2758
like_6774,1075,post_2758
like_6775,1006,post_2759
like_6776,1075,post_2759
like_6777,1750,post_2759
like_6778,1833,post_2759
like_6779,1291,post_2759
like_6780,1600,post_2759
like_6781,1112,post_2760
like_6782,1267,post_2761
like_6783,967,post_2761
like_6784,925,post_2761
like_6785,1367,post_2761
like_6786,1793,post_2761
like_6787,1390,post_2761
like_6788,1209,post_2762
like_6789,1214,post_2763
like_6790,1895,post_2764
like_6791,1648,post_2764
like_6792,1787,post_2765
like_6793,1351,post_2766
like_6794,1603,post_2766
like_6795,1721,post_2766
like_6796,1365,post_2766
like_6797,1375,post_2766
like_6798,1059,post_2766
like_6799,1398,post_2766
like_6800,1813,post_2767
like_6801,1717,post_2767
like_6802,1329,post_2767
like_6803,1123,post_2767
like_6804,1632,post_2767
like_6805,1112,post_2767
like_6806,1554,post_2768
like_6807,1845,post_2769
like_6808,1391,post_2769
like_6809,1076,post_2769
like_6810,1329,post_2769
like_6811,946,post_2769
like_6812,1485,post_2769
like_6813,1185,post_2769
like_6814,1130,post_2769
like_6815,1516,post_2770
like_6816,1377,post_2770
like_6817,1653,post_2770
like_6818,1272,post_2771
like_6819,1819,post_2771
like_6820,1867,post_2771
like_6821,1491,post_2771
like_6822,1237,post_2771
like_6823,1110,post_2771
like_6824,1184,post_2772
like_6825,1110,post_2772
like_6826,1054,post_2772
like_6827,1580,post_2772
like_6828,1107,post_2772
like_6829,1685,post_2772
like_6830,1819,post_2772
like_6831,1835,post_2773
like_6832,1376,post_2773
like_6833,1522,post_2773
like_6834,1391,post_2773
like_6835,1789,post_2774
like_6836,1750,post_2774
like_6837,947,post_2774
like_6838,906,post_2774
like_6839,1619,post_2774
like_6840,1609,post_2774
like_6841,1761,post_2774
like_6842,948,post_2775
like_6843,1468,post_2776
like_6844,1097,post_2776
like_6845,1895,post_2776
like_6846,1088,post_2777
like_6847,1283,post_2777
like_6848,1719,post_2777
like_6849,1494,post_2777
like_6850,946,post_2778
like_6851,1471,post_2778
like_6852,1112,post_2778
like_6853,1079,post_2778
like_6854,1675,post_2778
like_6855,1839,post_2778
like_6856,1868,post_2778
like_6857,1590,post_2778
like_6858,1789,post_2778
like_6859,1222,post_2778
like_6860,1149,post_2779
like_6861,1662,post_2779
like_6862,1439,post_2779
like_6863,1597,post_2779
like_6864,1734,post_2779
like_6865,1652,post_2780
like_6866,1463,post_2780
like_6867,1813,post_2780
like_6868,1488,post_2780
like_6869,1488,post_2781
like_6870,1809,post_2781
like_6871,1389,post_2781
like_6872,1723,post_2781
like_6873,1123,post_2782
like_6874,1130,post_2782
like_6875,1593,post_2783
like_6876,1023,post_2783
like_6877,1183,post_2784
like_6878,1761,post_2784
like_6879,1183,post_2785
like_6880,1699,post_2785
like_6881,1584,post_2785
like_6882,1727,post_2786
like_6883,910,post_2786
like_6884,1720,post_2786
like_6885,966,post_2787
like_6886,1039,post_2787
like_6887,1813,post_2787
like_6888,1126,post_2787
like_6889,1024,post_2787
like_6890,1380,post_2788
like_6891,1126,post_2788
like_6892,1402,post_2788
like_6893,1800,post_2788
like_6894,1888,post_2788
like_6895,1621,post_2789
like_6896,1132,post_2789
like_6897,1288,post_2789
like_6898,1447,post_2789
like_6899,1483,post_2789
like_6900,997,post_2789
like_6901,1735,post_2790
like_6902,999,post_2790
like_6903,1761,post_2791
like_6904,1149,post_2791
like_6905,1269,post_2791
like_6906,1132,post_2791
like_6907,1538,post_2791
like_6908,1242,post_2791
like_6909,1026,post_2792
like_6910,1076,post_2792
like_6911,1717,post_2793
like_6912,1800,post_2793
like_6913,1888,post_2793
like_6914,1813,post_2793
like_6915,1175,post_2793
like_6916,1201,post_2794
like_6917,1610,post_2795
like_6918,1583,post_2796
like_6919,1786,post_2796
like_6920,1845,post_2797
like_6921,1835,post_2797
like_6922,1554,post_2798
like_6923,1547,post_2798
like_6924,1621,post_2798
like_6925,1659,post_2798
like_6926,1675,post_2798
like_6927,1205,post_2798
like_6928,1132,post_2799
like_6929,966,post_2799
like_6930,1101,post_2799
like_6931,1689,post_2799
like_6932,1835,post_2799
like_6933,1730,post_2799
like_6934,1160,post_2799
like_6935,1621,post_2800
like_6936,968,post_2801
like_6937,1731,post_2801
like_6938,1469,post_2802
like_6939,1597,post_2803
like_6940,1559,post_2803
like_6941,1153,post_2803
like_6942,1250,post_2804
like_6943,1006,post_2804
like_6944,1623,post_2804
like_6945,1737,post_2805
like_6946,1149,post_2805
like_6947,1302,post_2805
like_6948,922,post_2806
like_6949,1885,post_2807
like_6950,1453,post_2807
like_6951,1269,post_2808
like_6952,1623,post_2808
like_6953,1420,post_2808
like_6954,1835,post_2808
like_6955,1584,post_2808
like_6956,1600,post_2808
like_6957,1622,post_2809
like_6958,1614,post_2809
like_6959,1128,post_2809
like_6960,1431,post_2809
like_6961,1250,post_2809
like_6962,1373,post_2810
like_6963,1871,post_2810
like_6964,1893,post_2811
like_6965,1081,post_2811
like_6966,1538,post_2812
like_6967,1399,post_2813
like_6968,1564,post_2814
like_6969,952,post_2815
like_6970,1663,post_2815
like_6971,1467,post_2815
like_6972,916,post_2816
like_6973,1746,post_2816
like_6974,1126,post_2816
like_6975,1267,post_2816
like_6976,1662,post_2816
like_6977,1059,post_2816
like_6978,980,post_2817
like_6979,1735,post_2817
like_6980,1471,post_2817
like_6981,1620,post_2818
like_6982,1902,post_2818
like_6983,947,post_2818
like_6984,1491,post_2818
like_6985,1099,post_2819
like_6986,919,post_2819
like_6987,1894,post_2819
like_6988,1166,post_2819
like_6989,1014,post_2819
like_6990,969,post_2819
like_6991,1273,post_2819
like_6992,483,post_2820
like_6993,1373,post_2820
like_6994,1032,post_2820
like_6995,1432,post_2821
like_6996,1742,post_2821
like_6997,1716,post_2821
like_6998,1261,post_2821
like_6999,1406,post_2821
like_7000,970,post_2822
like_7001,1516,post_2823
like_7002,1331,post_2823
like_7003,1256,post_2823
like_7004,1330,post_2823
like_7005,1339,post_2823
like_7006,1302,post_2824
like_7007,1663,post_2825
like_7008,1211,post_2825
like_7009,1819,post_2826
like_7010,947,post_2826
like_7011,906,post_2826
like_7012,1431,post_2826
like_7013,1839,post_2826
like_7014,1735,post_2827
like_7015,1006,post_2827
like_7016,1845,post_2827
like_7017,1520,post_2827
like_7018,1049,post_2827
like_7019,1181,post_2827
like_7020,1175,post_2827
like_7021,1149,post_2827
like_7022,1377,post_2828
like_7023,1717,post_2828
like_7024,1843,post_2828
like_7025,1700,post_2828
like_7026,1735,post_2828
like_7027,1352,post_2829
like_7028,1823,post_2829
like_7029,1516,post_2829
like_7030,1128,post_2829
like_7031,1819,post_2829
like_7032,1710,post_2829
like_7033,1375,post_2829
like_7034,1591,post_2830
like_7035,1848,post_2830
like_7036,1529,post_2830
like_7037,1591,post_2831
like_7038,1582,post_2831
like_7039,1099,post_2832
like_7040,984,post_2832
like_7041,1831,post_2833
like_7042,1575,post_2833
like_7043,1453,post_2833
like_7044,1120,post_2834
like_7045,1650,post_2834
like_7046,1497,post_2835
like_7047,1910,post_2836
like_7048,1598,post_2837
like_7049,1420,post_2838
like_7050,946,post_2838
like_7051,1819,post_2838
like_7052,1431,post_2839
like_7053,1391,post_2839
like_7054,1256,post_2839
like_7055,983,post_2840
like_7056,1813,post_2840
like_7057,1272,post_2840
like_7058,1367,post_2840
like_7059,1563,post_2840
like_7060,1184,post_2840
like_7061,1302,post_2840
like_7062,1175,post_2840
like_7063,1269,post_2841
like_7064,1613,post_2841
like_7065,1334,post_2841
like_7066,1101,post_2841
like_7067,1735,post_2841
like_7068,1509,post_2843
like_7069,1516,post_2843
like_7070,1613,post_2843
like_7071,1791,post_2843
like_7072,1185,post_2843
like_7073,1612,post_2843
like_7074,1126,post_2844
like_7075,1078,post_2844
like_7076,1851,post_2845
like_7077,1563,post_2845
like_7078,1391,post_2845
like_7079,1209,post_2846
like_7080,1827,post_2846
like_7081,1160,post_2846
like_7082,1312,post_2847
like_7083,1761,post_2847
like_7084,1293,post_2847
like_7085,1791,post_2847
like_7086,1201,post_2847
like_7087,1460,post_2847
like_7088,1632,post_2847
like_7089,1774,post_2848
like_7090,1327,post_2848
like_7091,901,post_2849
like_7092,1232,post_2849
like_7093,1097,post_2850
like_7094,1701,post_2851
like_7095,1842,post_2852
like_7096,966,post_2852
like_7097,1542,post_2853
like_7098,1886,post_2853
like_7099,1401,post_2853
like_7100,1126,post_2853
like_7101,1323,post_2853
like_7102,1712,post_2853
like_7103,1181,post_2853
like_7104,1376,post_2854
like_7105,1714,post_2854
like_7106,1402,post_2854
like_7107,1488,post_2854
like_7108,1449,post_2854
like_7109,1370,post_2854
like_7110,1879,post_2854
like_7111,1291,post_2855
like_7112,1598,post_2855
like_7113,1793,post_2855
like_7114,1000,post_2856
like_7115,1728,post_2857
like_7116,1655,post_2857
like_7117,1596,post_2858
like_7118,1191,post_2859
like_7119,1902,post_2859
like_7120,1782,post_2859
like_7121,1522,post_2860
like_7122,1047,post_2860
like_7123,1330,post_2861
like_7124,1559,post_2862
like_7125,1391,post_2862
like_7126,1391,post_2863
like_7127,915,post_2864
like_7128,1743,post_2864
like_7129,1025,post_2864
like_7130,1645,post_2864
like_7131,1625,post_2865
like_7132,1827,post_2866
like_7133,1153,post_2866
like_7134,921,post_2867
like_7135,1458,post_2867
like_7136,1398,post_2867
like_7137,1793,post_2867
like_7138,1734,post_2867
like_7139,1551,post_2868
like_7140,1557,post_2868
like_7141,1110,post_2868
like_7142,1116,post_2869
like_7143,1736,post_2869
like_7144,1485,post_2870
like_7145,1369,post_2870
like_7146,1719,post_2871
like_7147,1567,post_2871
like_7148,1515,post_2872
like_7149,1068,post_2873
like_7150,1267,post_2873
like_7151,1712,post_2873
like_7152,1613,post_2874
like_7153,1746,post_2874
like_7154,1589,post_2875
like_7155,1172,post_2875
like_7156,1796,post_2875
like_7157,1735,post_2875
like_7158,483,post_2876
like_7159,1369,post_2877
like_7160,1197,post_2877
like_7161,1594,post_2877
like_7162,1329,post_2877
like_7163,1563,post_2878
like_7164,1805,post_2878
like_7165,1523,post_2879
like_7166,1283,post_2879
like_7167,1678,post_2879
like_7168,1836,post_2879
like_7169,580,post_2880
like_7170,1844,post_2880
like_7171,1797,post_2881
like_7172,1672,post_2882
like_7173,1537,post_2883
like_7174,1221,post_2884
like_7175,1786,post_2884
like_7176,1298,post_2884
like_7177,1379,post_2885
like_7178,1021,post_2885
like_7179,1327,post_2886
like_7180,1211,post_2887
like_7181,1413,post_2888
like_7182,1036,post_2888
like_7183,1060,post_2888
like_7184,1862,post_2888
like_7185,1337,post_2889
like_7186,1092,post_2889
like_7187,1075,post_2890
like_7188,1086,post_2891
like_7189,1813,post_2891
like_7190,1859,post_2892
like_7191,1611,post_2892
like_7192,1903,post_2892
like_7193,1680,post_2892
like_7194,1345,post_2893
like_7195,1322,post_2893
like_7196,1561,post_2894
like_7197,1191,post_2895
like_7198,1449,post_2895
like_7199,1858,post_2895
like_7200,1528,post_2896
like_7201,921,post_2896
like_7202,1407,post_2897
like_7203,1289,post_2897
like_7204,1609,post_2897
like_7205,1879,post_2898
like_7206,1335,post_2898
like_7207,1714,post_2898
like_7208,1626,post_2899
like_7209,1555,post_2900
like_7210,1077,post_2900
like_7211,967,post_2901
like_7212,925,post_2901
like_7213,1793,post_2901
like_7214,1688,post_2901
like_7215,1643,post_2901
like_7216,1539,post_2901
like_7217,1600,post_2901
like_7218,1278,post_2902
like_7219,1584,post_2902
like_7220,925,post_2902
like_7221,1242,post_2903
like_7222,1375,post_2903
like_7223,1659,post_2903
like_7224,1827,post_2903
like_7225,1688,post_2903
like_7226,1530,post_2903
like_7227,1813,post_2904
like_7228,983,post_2904
like_7229,1271,post_2904
like_7230,1256,post_2904
like_7231,1768,post_2904
like_7232,1816,post_2905
like_7233,1551,post_2905
like_7234,1399,post_2906
like_7235,1589,post_2906
like_7236,1904,post_2907
like_7237,1763,post_2908
like_7238,1080,post_2908
like_7239,1075,post_2908
like_7240,936,post_2909
like_7241,948,post_2909
like_7242,1014,post_2910
like_7243,1192,post_2910
like_7244,1382,post_2911
like_7245,1751,post_2911
like_7246,1192,post_2911
like_7247,1018,post_2911
like_7248,1907,post_2911
like_7249,1379,post_2912
like_7250,1120,post_2912
like_7251,1423,post_2912
like_7252,1786,post_2912
like_7253,1899,post_2913
like_7254,1426,post_2913
like_7255,1132,post_2914
like_7256,1888,post_2914
like_7257,1423,post_2915
like_7258,917,post_2916
like_7259,1787,post_2916
like_7260,1241,post_2916
like_7261,1738,post_2916
like_7262,1183,post_2917
like_7263,606,post_2917
like_7264,1166,post_2917
like_7265,1390,post_2918
like_7266,1632,post_2918
like_7267,1520,post_2919
like_7268,1305,post_2919
like_7269,1735,post_2919
like_7270,1717,post_2919
like_7271,1004,post_2919
like_7272,1617,post_2919
like_7273,1551,post_2920
like_7274,1122,post_2921
like_7275,1673,post_2921
like_7276,538,post_2922
like_7277,1526,post_2922
like_7278,1882,post_2922
like_7279,1766,post_2922
like_7280,1370,post_2923
like_7281,1153,post_2923
like_7282,1214,post_2923
like_7283,1185,post_2923
like_7284,925,post_2924
like_7285,1076,post_2924
like_7286,1888,post_2924
like_7287,1559,post_2924
like_7288,1598,post_2924
like_7289,1888,post_2925
like_7290,1468,post_2926
like_7291,1616,post_2927
like_7292,1012,post_2927
like_7293,1113,post_2928
like_7294,1052,post_2928
like_7295,1237,post_2929
like_7296,1155,post_2930
like_7297,1312,post_2931
like_7298,973,post_2931
like_7299,1682,post_2932
like_7300,1104,post_2932
like_7301,1818,post_2933
like_7302,1897,post_2934
like_7303,1818,post_2934
like_7304,1620,post_2934
like_7305,1416,post_2935
like_7306,1589,post_2935
like_7307,1610,post_2936
like_7308,1480,post_2936
like_7309,1730,post_2936
like_7310,1377,post_2936
like_7311,1614,post_2936
like_7312,1420,post_2937
like_7313,1163,post_2937
like_7314,1286,post_2938
like_7315,1132,post_2939
like_7316,1554,post_2939
like_7317,1491,post_2939
like_7318,1597,post_2939
like_7319,1652,post_2940
like_7320,1163,post_2940
like_7321,1621,post_2941
like_7322,916,post_2941
like_7323,1813,post_2941
like_7324,1132,post_2941
like_7325,1075,post_2941
like_7326,1344,post_2941
like_7327,1547,post_2942
like_7328,1214,post_2942
like_7329,1639,post_2942
like_7330,1750,post_2942
like_7331,1793,post_2943
like_7332,1652,post_2943
like_7333,1172,post_2943
like_7334,1049,post_2943
like_7335,916,post_2943
like_7336,1339,post_2943
like_7337,1874,post_2943
like_7338,1570,post_2943
like_7339,1469,post_2944
like_7340,1627,post_2945
like_7341,1683,post_2946
like_7342,1752,post_2946
like_7343,1610,post_2946
like_7344,1509,post_2946
like_7345,1540,post_2946
like_7346,1283,post_2947
like_7347,1540,post_2948
like_7348,1622,post_2948
like_7349,903,post_2949
like_7350,1261,post_2950
like_7351,1857,post_2950
like_7352,1751,post_2950
like_7353,1215,post_2950
like_7354,1104,post_2951
like_7355,1794,post_2952
like_7356,942,post_2952
like_7357,1281,post_2952
like_7358,1324,post_2952
like_7359,1392,post_2953
like_7360,1309,post_2953
like_7361,1373,post_2953
like_7362,1495,post_2953
like_7363,1166,post_2954
like_7364,1828,post_2954
like_7365,1314,post_2955
like_7366,1138,post_2956
like_7367,968,post_2957
like_7368,1408,post_2957
like_7369,1658,post_2958
like_7370,1352,post_2959
like_7371,1086,post_2959
like_7372,1207,post_2959
like_7373,1888,post_2959
like_7374,1409,post_2959
like_7375,1126,post_2959
like_7376,1402,post_2960
like_7377,1146,post_2960
like_7378,1879,post_2960
like_7379,1772,post_2960
like_7380,1288,post_2960
like_7381,1604,post_2961
like_7382,1665,post_2961
like_7383,1663,post_2961
like_7384,1086,post_2961
like_7385,1746,post_2961
like_7386,1207,post_2962
like_7387,1124,post_2962
like_7388,1029,post_2962
like_7389,1271,post_2962
like_7390,1447,post_2962
like_7391,1227,post_2963
like_7392,1060,post_2963
like_7393,1379,post_2964
like_7394,1729,post_2964
like_7395,1736,post_2965
like_7396,1431,post_2965
like_7397,1809,post_2965
like_7398,1238,post_2965
like_7399,1710,post_2965
like_7400,1519,post_2965
like_7401,1710,post_2966
like_7402,1025,post_2967
like_7403,1074,post_2968
like_7404,1214,post_2968
like_7405,1845,post_2969
like_7406,1243,post_2970
like_7407,1431,post_2971
like_7408,1101,post_2971
like_7409,966,post_2971
like_7410,1017,post_2971
like_7411,1086,post_2971
like_7412,1124,post_2971
like_7413,1432,post_2972
like_7414,1221,post_2972
like_7415,975,post_2972
like_7416,1569,post_2972
like_7417,1862,post_2972
like_7418,1322,post_2972
like_7419,1624,post_2973
like_7420,1906,post_2974
like_7421,1431,post_2975
like_7422,1770,post_2976
like_7423,917,post_2976
like_7424,1086,post_2977
like_7425,1281,post_2978
like_7426,1502,post_2978
like_7427,1373,post_2978
like_7428,1099,post_2978
like_7429,1729,post_2978
like_7430,1274,post_2979
like_7431,1642,post_2979
like_7432,1521,post_2980
like_7433,1017,post_2980
like_7434,1540,post_2981
like_7435,1443,post_2982
like_7436,1794,post_2983
like_7437,1817,post_2984
like_7438,1858,post_2984
like_7439,1718,post_2984
like_7440,1626,post_2984
like_7441,1909,post_2984
like_7442,1047,post_2984
like_7443,1805,post_2985
like_7444,1437,post_2985
like_7445,2312,post_2987
like_7446,2018,post_2988
like_7447,2156,post_2989
like_7448,2114,post_2989
like_7449,2341,post_2989
like_7450,2399,post_2990
like_7451,2221,post_2991
like_7452,2081,post_2991
like_7453,2247,post_2991
like_7454,2042,post_2991
like_7455,2461,post_2992
like_7456,2257,post_2993
like_7457,2607,post_2993
like_7458,2190,post_2993
like_7459,2240,post_2993
like_7460,2520,post_2993
like_7461,2063,post_2993
like_7462,1946,post_2993
like_7463,2353,post_2994
like_7464,2521,post_2994
like_7465,2201,post_2994
like_7466,2059,post_2994
like_7467,2136,post_2994
like_7468,2266,post_2994
like_7469,2278,post_2994
like_7470,2654,post_2995
like_7471,2121,post_2995
like_7472,2464,post_2995
like_7473,2578,post_2996
like_7474,2030,post_2996
like_7475,2150,post_2996
like_7476,2549,post_2997
like_7477,2037,post_2997
like_7478,2172,post_2998
like_7479,2043,post_2998
like_7480,2381,post_2999
like_7481,1997,post_2999
like_7482,2323,post_2999
like_7483,2123,post_2999
like_7484,2464,post_2999
like_7485,2561,post_2999
like_7486,2078,post_3000
like_7487,1984,post_3000
like_7488,2590,post_3000
like_7489,2139,post_3000
like_7490,2073,post_3000
like_7491,2108,post_3001
like_7492,2097,post_3002
like_7493,1951,post_3002
like_7494,2192,post_3002
like_7495,2346,post_3003
like_7496,2022,post_3003
like_7497,2659,post_3003
like_7498,2097,post_3003
like_7499,2225,post_3003
like_7500,2016,post_3004
like_7501,2583,post_3004
like_7502,2006,post_3004
like_7503,2284,post_3004
like_7504,2347,post_3005
like_7505,1718,post_3006
like_7506,2127,post_3006
like_7507,1955,post_3006
like_7508,2138,post_3007
like_7509,2183,post_3007
like_7510,2332,post_3007
like_7511,2643,post_3007
like_7512,2475,post_3007
like_7513,2144,post_3007
like_7514,2187,post_3007
like_7515,2199,post_3008
like_7516,2463,post_3008
like_7517,2338,post_3008
like_7518,2438,post_3008
like_7519,2378,post_3009
like_7520,2004,post_3010
like_7521,2455,post_3011
like_7522,2241,post_3012
like_7523,2174,post_3012
like_7524,2047,post_3012
like_7525,2242,post_3012
like_7526,1945,post_3012
like_7527,2557,post_3013
like_7528,2610,post_3013
like_7529,2637,post_3013
like_7530,2032,post_3014
like_7531,2163,post_3014
like_7532,2419,post_3014
like_7533,2622,post_3015
like_7534,1984,post_3016
like_7535,2602,post_3017
like_7536,2507,post_3017
like_7537,2504,post_3017
like_7538,2275,post_3017
like_7539,2563,post_3017
like_7540,1984,post_3018
like_7541,2184,post_3018
like_7542,1964,post_3019
like_7543,2111,post_3019
like_7544,2325,post_3020
like_7545,2176,post_3020
like_7546,2209,post_3020
like_7547,2313,post_3021
like_7548,2406,post_3021
like_7549,2031,post_3021
like_7550,2327,post_3021
like_7551,2018,post_3022
like_7552,1995,post_3022
like_7553,2006,post_3022
like_7554,2011,post_3022
like_7555,2157,post_3023
like_7556,2284,post_3024
like_7557,2459,post_3024
like_7558,2352,post_3025
like_7559,2624,post_3026
like_7560,2484,post_3026
like_7561,2150,post_3026
like_7562,2122,post_3026
like_7563,2154,post_3026
like_7564,2561,post_3027
like_7565,2059,post_3027
like_7566,2504,post_3027
like_7567,2395,post_3027
like_7568,1984,post_3027
like_7569,1917,post_3027
like_7570,1938,post_3027
like_7571,1918,post_3027
like_7572,2395,post_3028
like_7573,2410,post_3028
like_7574,1984,post_3028
like_7575,2411,post_3029
like_7576,2143,post_3030
like_7577,2202,post_3030
like_7578,2347,post_3031
like_7579,2071,post_3031
like_7580,2629,post_3032
like_7581,2292,post_3032
like_7582,2010,post_3033
like_7583,2135,post_3033
like_7584,2144,post_3033
like_7585,2577,post_3034
like_7586,2126,post_3034
like_7587,2587,post_3034
like_7588,2160,post_3034
like_7589,2120,post_3034
like_7590,2388,post_3035
like_7591,2025,post_3036
like_7592,2022,post_3036
like_7593,2248,post_3037
like_7594,2562,post_3037
like_7595,2357,post_3038
like_7596,2412,post_3038
like_7597,2015,post_3038
like_7598,2142,post_3039
like_7599,2409,post_3039
like_7600,2574,post_3039
like_7601,2290,post_3039
like_7602,2005,post_3039
like_7603,2045,post_3040
like_7604,2030,post_3040
like_7605,2573,post_3041
like_7606,2043,post_3041
like_7607,2536,post_3041
like_7608,2526,post_3042
like_7609,2611,post_3042
like_7610,2165,post_3042
like_7611,1983,post_3042
like_7612,2386,post_3042
like_7613,2550,post_3042
like_7614,2611,post_3043
like_7615,2154,post_3043
like_7616,2655,post_3043
like_7617,1983,post_3043
like_7618,1971,post_3043
like_7619,2539,post_3043
like_7620,2108,post_3043
like_7621,2564,post_3043
like_7622,2096,post_3044
like_7623,2081,post_3044
like_7624,1981,post_3044
like_7625,2003,post_3044
like_7626,2390,post_3044
like_7627,2333,post_3045
like_7628,2003,post_3045
like_7629,2032,post_3045
like_7630,2087,post_3046
like_7631,1916,post_3046
like_7632,2149,post_3046
like_7633,2328,post_3047
like_7634,2332,post_3048
like_7635,2047,post_3048
like_7636,2543,post_3048
like_7637,2478,post_3048
like_7638,2165,post_3049
like_7639,2354,post_3049
like_7640,2381,post_3049
like_7641,1971,post_3049
like_7642,2244,post_3049
like_7643,2511,post_3050
like_7644,2246,post_3050
like_7645,2336,post_3050
like_7646,2597,post_3050
like_7647,2551,post_3050
like_7648,2543,post_3051
like_7649,2183,post_3051
like_7650,2332,post_3051
like_7651,2047,post_3051
like_7652,2510,post_3051
like_7653,2257,post_3051
like_7654,1971,post_3051
like_7655,2165,post_3051
like_7656,2564,post_3052
like_7657,2088,post_3052
like_7658,2410,post_3053
like_7659,2560,post_3053
like_7660,2088,post_3053
like_7661,2074,post_3053
like_7662,2551,post_3053
like_7663,2395,post_3054
like_7664,2376,post_3054
like_7665,2218,post_3054
like_7666,2121,post_3054
like_7667,2353,post_3054
like_7668,2624,post_3055
like_7669,2112,post_3055
like_7670,2308,post_3055
like_7671,2630,post_3055
like_7672,2043,post_3055
like_7673,2098,post_3055
like_7674,2124,post_3055
like_7675,2410,post_3055
like_7676,2218,post_3056
like_7677,2376,post_3056
like_7678,2121,post_3056
like_7679,2395,post_3056
like_7680,2477,post_3056
like_7681,2638,post_3056
like_7682,2115,post_3056
like_7683,2122,post_3056
like_7684,1923,post_3057
like_7685,2289,post_3057
like_7686,2209,post_3057
like_7687,2047,post_3058
like_7688,2038,post_3058
like_7689,2209,post_3058
like_7690,1964,post_3058
like_7691,2133,post_3058
like_7692,2141,post_3058
like_7693,2394,post_3059
like_7694,2039,post_3059
like_7695,2127,post_3059
like_7696,2032,post_3060
like_7697,2598,post_3060
like_7698,2617,post_3060
like_7699,2174,post_3061
like_7700,2081,post_3061
like_7701,1920,post_3061
like_7702,2607,post_3062
like_7703,2201,post_3062
like_7704,2077,post_3062
like_7705,2271,post_3062
like_7706,2573,post_3062
like_7707,2484,post_3062
like_7708,2655,post_3063
like_7709,2408,post_3063
like_7710,2410,post_3063
like_7711,2542,post_3063
like_7712,2088,post_3063
like_7713,2563,post_3064
like_7714,2074,post_3064
like_7715,2188,post_3064
like_7716,2561,post_3064
like_7717,2020,post_3064
like_7718,2484,post_3064
like_7719,2578,post_3065
like_7720,2088,post_3065
like_7721,2131,post_3065
like_7722,1929,post_3065
like_7723,2111,post_3066
like_7724,2264,post_3066
like_7725,2451,post_3067
like_7726,2415,post_3067
like_7727,2003,post_3067
like_7728,2169,post_3067
like_7729,1955,post_3068
like_7730,2463,post_3068
like_7731,2336,post_3068
like_7732,2451,post_3068
like_7733,1718,post_3068
like_7734,2246,post_3068
like_7735,2039,post_3069
like_7736,2279,post_3069
like_7737,2247,post_3069
like_7738,2183,post_3069
like_7739,2289,post_3069
like_7740,2032,post_3069
like_7741,2302,post_3069
like_7742,2292,post_3069
like_7743,2465,post_3069
like_7744,2072,post_3070
like_7745,2267,post_3070
like_7746,2273,post_3071
like_7747,2087,post_3071
like_7748,2052,post_3071
like_7749,2351,post_3071
like_7750,2516,post_3071
like_7751,2152,post_3072
like_7752,1991,post_3073
like_7753,2626,post_3073
like_7754,2658,post_3074
like_7755,2583,post_3074
like_7756,2157,post_3074
like_7757,2647,post_3075
like_7758,2626,post_3075
like_7759,1919,post_3075
like_7760,2384,post_3076
like_7761,2190,post_3077
like_7762,2257,post_3077
like_7763,2386,post_3077
like_7764,2446,post_3077
like_7765,2414,post_3078
like_7766,2020,post_3079
like_7767,2271,post_3079
like_7768,2323,post_3079
like_7769,2216,post_3079
like_7770,2414,post_3080
like_7771,2103,post_3080
like_7772,2571,post_3081
like_7773,2009,post_3081
like_7774,2241,post_3081
like_7775,2054,post_3082
like_7776,2009,post_3083
like_7777,2338,post_3084
like_7778,2592,post_3085
like_7779,2315,post_3085
like_7780,1941,post_3085
like_7781,2187,post_3085
like_7782,2481,post_3086
like_7783,2634,post_3086
like_7784,1973,post_3087
like_7785,2365,post_3088
like_7786,2585,post_3088
like_7787,2365,post_3089
like_7788,1980,post_3089
like_7789,1919,post_3089
like_7790,2365,post_3090
like_7791,2061,post_3090
like_7792,1980,post_3090
like_7793,2364,post_3090
like_7794,2647,post_3090
like_7795,2199,post_3091
like_7796,2132,post_3091
like_7797,2543,post_3091
like_7798,2062,post_3092
like_7799,2215,post_3093
like_7800,1987,post_3093
like_7801,2508,post_3093
like_7802,2577,post_3094
like_7803,2618,post_3094
like_7804,2301,post_3095
like_7805,2469,post_3096
like_7806,2408,post_3096
like_7807,2625,post_3096
like_7808,2381,post_3096
like_7809,2606,post_3096
like_7810,2428,post_3096
like_7811,2546,post_3096
like_7812,1953,post_3097
like_7813,2150,post_3097
like_7814,2154,post_3097
like_7815,2646,post_3097
like_7816,2625,post_3097
like_7817,2542,post_3097
like_7818,2045,post_3098
like_7819,2086,post_3098
like_7820,2604,post_3098
like_7821,2370,post_3098
like_7822,2060,post_3098
like_7823,2109,post_3099
like_7824,2257,post_3099
like_7825,2329,post_3099
like_7826,2206,post_3099
like_7827,2139,post_3100
like_7828,2172,post_3100
like_7829,2033,post_3100
like_7830,2410,post_3100
like_7831,2549,post_3100
like_7832,2088,post_3101
like_7833,2604,post_3101
like_7834,1943,post_3101
like_7835,2542,post_3101
like_7836,2428,post_3101
like_7837,2586,post_3102
like_7838,2240,post_3102
like_7839,2638,post_3102
like_7840,2495,post_3102
like_7841,2176,post_3103
like_7842,2416,post_3103
like_7843,2296,post_3103
like_7844,2047,post_3103
like_7845,1944,post_3104
like_7846,2448,post_3104
like_7847,2310,post_3104
like_7848,2557,post_3105
like_7849,2133,post_3105
like_7850,2172,post_3106
like_7851,2164,post_3106
like_7852,2218,post_3106
like_7853,2600,post_3106
like_7854,2261,post_3106
like_7855,2551,post_3107
like_7856,2093,post_3107
like_7857,2324,post_3107
like_7858,2542,post_3107
like_7859,2121,post_3107
like_7860,2600,post_3108
like_7861,2521,post_3108
like_7862,2353,post_3108
like_7863,2611,post_3108
like_7864,2290,post_3108
like_7865,2356,post_3108
like_7866,2507,post_3108
like_7867,2560,post_3109
like_7868,2278,post_3109
like_7869,2074,post_3109
like_7870,2542,post_3109
like_7871,2492,post_3109
like_7872,563,post_3110
like_7873,1919,post_3111
like_7874,2302,post_3112
like_7875,2087,post_3112
like_7876,2385,post_3112
like_7877,2377,post_3113
like_7878,2333,post_3113
like_7879,2222,post_3114
like_7880,2328,post_3114
like_7881,2511,post_3115
like_7882,2434,post_3115
like_7883,2274,post_3115
like_7884,2132,post_3115
like_7885,2377,post_3115
like_7886,2623,post_3116
like_7887,2253,post_3116
like_7888,2164,post_3116
like_7889,2462,post_3116
like_7890,2429,post_3116
like_7891,2623,post_3117
like_7892,2526,post_3117
like_7893,2237,post_3117
like_7894,2064,post_3117
like_7895,2276,post_3117
like_7896,2271,post_3117
like_7897,2464,post_3117
like_7898,2615,post_3117
like_7899,2229,post_3117
like_7900,2520,post_3117
like_7901,2460,post_3117
like_7902,2554,post_3117
like_7903,2172,post_3117
like_7904,2460,post_3118
like_7905,2244,post_3118
like_7906,2347,post_3118
like_7907,2078,post_3118
like_7908,2299,post_3119
like_7909,1957,post_3120
like_7910,2629,post_3120
like_7911,1957,post_3121
like_7912,1935,post_3121
like_7913,1957,post_3122
like_7914,1972,post_3123
like_7915,1980,post_3123
like_7916,1968,post_3123
like_7917,2651,post_3124
like_7918,2474,post_3125
like_7919,2313,post_3125
like_7920,2534,post_3125
like_7921,2009,post_3126
like_7922,2013,post_3126
like_7923,2036,post_3127
like_7924,2248,post_3128
like_7925,2374,post_3129
like_7926,2590,post_3129
like_7927,2489,post_3129
like_7928,2253,post_3129
like_7929,2139,post_3129
like_7930,1986,post_3129
like_7931,2376,post_3129
like_7932,2090,post_3129
like_7933,2104,post_3130
like_7934,2299,post_3130
like_7935,1997,post_3130
like_7936,2069,post_3130
like_7937,2271,post_3131
like_7938,1918,post_3131
like_7939,2046,post_3131
like_7940,2631,post_3131
like_7941,2506,post_3131
like_7942,2556,post_3132
like_7943,2418,post_3132
like_7944,1943,post_3132
like_7945,2258,post_3132
like_7946,2625,post_3132
like_7947,2655,post_3133
like_7948,1957,post_3134
like_7949,2297,post_3134
like_7950,1957,post_3135
like_7951,2061,post_3135
like_7952,2365,post_3135
like_7953,2027,post_3135
like_7954,2394,post_3136
like_7955,1939,post_3136
like_7956,2282,post_3137
like_7957,2458,post_3137
like_7958,2617,post_3137
like_7959,2235,post_3137
like_7960,2282,post_3138
like_7961,2075,post_3138
like_7962,2054,post_3138
like_7963,2085,post_3139
like_7964,2288,post_3140
like_7965,2395,post_3140
like_7966,2625,post_3140
like_7967,2040,post_3140
like_7968,2092,post_3140
like_7969,1917,post_3140
like_7970,2506,post_3140
like_7971,2271,post_3140
like_7972,1971,post_3141
like_7973,2359,post_3141
like_7974,2104,post_3141
like_7975,2499,post_3141
like_7976,2550,post_3141
like_7977,2326,post_3141
like_7978,2147,post_3142
like_7979,2575,post_3142
like_7980,2092,post_3142
like_7981,2150,post_3142
like_7982,2326,post_3143
like_7983,2410,post_3143
like_7984,2220,post_3143
like_7985,2543,post_3143
like_7986,2484,post_3143
like_7987,2623,post_3143
like_7988,1993,post_3143
like_7989,2307,post_3144
like_7990,2033,post_3144
like_7991,2532,post_3144
like_7992,1989,post_3144
like_7993,2083,post_3145
like_7994,2433,post_3146
like_7995,2619,post_3146
like_7996,2244,post_3146
like_7997,2586,post_3146
like_7998,2229,post_3146
like_7999,2073,post_3146
like_8000,2347,post_3146
like_8001,2563,post_3146
like_8002,2095,post_3146
like_8003,2606,post_3147
like_8004,2575,post_3148
like_8005,2433,post_3148
like_8006,2619,post_3148
like_8007,2073,post_3148
like_8008,2059,post_3148
like_8009,1997,post_3148
like_8010,2047,post_3149
like_8011,2543,post_3149
like_8012,2266,post_3149
like_8013,2484,post_3149
like_8014,2550,post_3150
like_8015,2084,post_3150
like_8016,2477,post_3150
like_8017,2630,post_3150
like_8018,2266,post_3150
like_8019,1959,post_3151
like_8020,2512,post_3151
like_8021,2062,post_3151
like_8022,2409,post_3151
like_8023,2087,post_3151
like_8024,2078,post_3151
like_8025,2468,post_3152
like_8026,2142,post_3152
like_8027,2047,post_3152
like_8028,2543,post_3152
like_8029,2266,post_3152
like_8030,2546,post_3152
like_8031,2492,post_3152
like_8032,2056,post_3152
like_8033,2404,post_3153
like_8034,2550,post_3153
like_8035,2542,post_3153
like_8036,2521,post_3153
like_8037,1983,post_3154
like_8038,2593,post_3154
like_8039,2520,post_3154
like_8040,2542,post_3154
like_8041,2103,post_3154
like_8042,2150,post_3155
like_8043,2615,post_3155
like_8044,2131,post_3155
like_8045,2564,post_3155
like_8046,2550,post_3155
like_8047,1962,post_3155
like_8048,2331,post_3155
like_8049,2619,post_3155
like_8050,2069,post_3156
like_8051,2103,post_3156
like_8052,2046,post_3156
like_8053,2655,post_3156
like_8054,2121,post_3156
like_8055,2602,post_3156
like_8056,2043,post_3156
like_8057,2220,post_3157
like_8058,2064,post_3157
like_8059,2600,post_3157
like_8060,2104,post_3157
like_8061,2506,post_3157
like_8062,2307,post_3157
like_8063,1959,post_3158
like_8064,2426,post_3159
like_8065,2398,post_3159
like_8066,1924,post_3159
like_8067,2218,post_3160
like_8068,2271,post_3160
like_8069,2078,post_3161
like_8070,2173,post_3162
like_8071,2503,post_3162
like_8072,2024,post_3163
like_8073,2648,post_3164
like_8074,1951,post_3164
like_8075,2650,post_3165
like_8076,2320,post_3165
like_8077,2536,post_3166
like_8078,2237,post_3166
like_8079,1917,post_3166
like_8080,2271,post_3166
like_8081,2485,post_3167
like_8082,2446,post_3167
like_8083,2428,post_3167
like_8084,2124,post_3167
like_8085,2526,post_3167
like_8086,2600,post_3168
like_8087,1997,post_3168
like_8088,2064,post_3168
like_8089,2142,post_3168
like_8090,2574,post_3168
like_8091,2631,post_3169
like_8092,2103,post_3169
like_8093,2213,post_3169
like_8094,2047,post_3170
like_8095,2199,post_3171
like_8096,2315,post_3171
like_8097,2143,post_3171
like_8098,2135,post_3171
like_8099,2196,post_3171
like_8100,2138,post_3172
like_8101,2597,post_3172
like_8102,1945,post_3172
like_8103,2459,post_3173
like_8104,2284,post_3174
like_8105,2657,post_3174
like_8106,2639,post_3174
like_8107,1928,post_3174
like_8108,2565,post_3175
like_8109,2275,post_3176
like_8110,2276,post_3176
like_8111,1943,post_3176
like_8112,2136,post_3176
like_8113,2485,post_3176
like_8114,2005,post_3177
like_8115,2604,post_3177
like_8116,2275,post_3178
like_8117,1984,post_3178
like_8118,2122,post_3178
like_8119,2200,post_3178
like_8120,2601,post_3178
like_8121,2311,post_3178
like_8122,2184,post_3179
like_8123,1918,post_3179
like_8124,2136,post_3179
like_8125,1984,post_3179
like_8126,2337,post_3180
like_8127,2378,post_3181
like_8128,2004,post_3182
like_8129,2000,post_3182
like_8130,1928,post_3182
like_8131,2647,post_3183
like_8132,2633,post_3183
like_8133,2192,post_3184
like_8134,2364,post_3184
like_8135,1935,post_3184
like_8136,2009,post_3185
like_8137,2192,post_3185
like_8138,2025,post_3186
like_8139,2011,post_3186
like_8140,2639,post_3186
like_8141,2447,post_3186
like_8142,2620,post_3186
like_8143,2009,post_3186
like_8144,2081,post_3187
like_8145,2434,post_3187
like_8146,2399,post_3187
like_8147,2241,post_3187
like_8148,2132,post_3188
like_8149,2294,post_3188
like_8150,2246,post_3188
like_8151,2434,post_3189
like_8152,2199,post_3189
like_8153,2645,post_3190
like_8154,2626,post_3190
like_8155,1935,post_3190
like_8156,1950,post_3190
like_8157,1973,post_3190
like_8158,2660,post_3191
like_8159,1995,post_3191
like_8160,2538,post_3191
like_8161,2009,post_3191
like_8162,2093,post_3192
like_8163,1993,post_3192
like_8164,2359,post_3193
like_8165,2043,post_3193
like_8166,2278,post_3193
like_8167,2030,post_3193
like_8168,2271,post_3194
like_8169,2088,post_3194
like_8170,2074,post_3194
like_8171,2139,post_3194
like_8172,2329,post_3194
like_8173,2407,post_3194
like_8174,2172,post_3194
like_8175,2369,post_3194
like_8176,2507,post_3195
like_8177,2030,post_3195
like_8178,2409,post_3195
like_8179,2477,post_3196
like_8180,2623,post_3196
like_8181,2258,post_3196
like_8182,2055,post_3196
like_8183,2500,post_3196
like_8184,2123,post_3196
like_8185,2625,post_3196
like_8186,2122,post_3196
like_8187,2645,post_3197
like_8188,2284,post_3197
like_8189,2378,post_3197
like_8190,2192,post_3197
like_8191,2171,post_3197
like_8192,2116,post_3197
like_8193,1919,post_3197
like_8194,2116,post_3198
like_8195,2297,post_3198
like_8196,2011,post_3198
like_8197,1914,post_3198
like_8198,2512,post_3199
like_8199,2149,post_3199
like_8200,2302,post_3200
like_8201,2428,post_3201
like_8202,2512,post_3201
like_8203,2267,post_3201
like_8204,2646,post_3201
like_8205,2623,post_3201
like_8206,2234,post_3201
like_8207,2472,post_3201
like_8208,2198,post_3201
like_8209,2283,post_3201
like_8210,1948,post_3202
like_8211,2598,post_3202
like_8212,2191,post_3202
like_8213,2396,post_3202
like_8214,2412,post_3203
like_8215,2447,post_3204
like_8216,2169,post_3205
like_8217,2598,post_3205
like_8218,2196,post_3205
like_8219,1577,post_3205
like_8220,2151,post_3206
like_8221,2081,post_3206
like_8222,1577,post_3206
like_8223,2247,post_3206
like_8224,2512,post_3206
like_8225,1914,post_3207
like_8226,1927,post_3207
like_8227,2001,post_3208
like_8228,2297,post_3209
like_8229,2006,post_3210
like_8230,2357,post_3211
like_8231,1998,post_3212
like_8232,2022,post_3212
like_8233,2041,post_3213
like_8234,1927,post_3214
like_8235,2012,post_3214
like_8236,1976,post_3215
like_8237,1927,post_3215
like_8238,2006,post_3215
like_8239,2284,post_3215
like_8240,2584,post_3216
like_8241,2476,post_3216
like_8242,2303,post_3216
like_8243,2046,post_3217
like_8244,2460,post_3217
like_8245,2638,post_3217
like_8246,2500,post_3217
like_8247,2210,post_3218
like_8248,2140,post_3218
like_8249,2090,post_3218
like_8250,2369,post_3218
like_8251,2624,post_3218
like_8252,1993,post_3218
like_8253,2356,post_3218
like_8254,2078,post_3219
like_8255,1918,post_3219
like_8256,2485,post_3219
like_8257,2370,post_3219
like_8258,2638,post_3219
like_8259,2363,post_3219
like_8260,2104,post_3220
like_8261,2340,post_3220
like_8262,2237,post_3220
like_8263,2521,post_3220
like_8264,2030,post_3221
like_8265,2407,post_3221
like_8266,2563,post_3221
like_8267,2172,post_3221
like_8268,2639,post_3222
like_8269,2659,post_3222
like_8270,1976,post_3222
like_8271,2577,post_3223
like_8272,2341,post_3223
like_8273,2440,post_3224
like_8274,2412,post_3224
like_8275,2628,post_3224
like_8276,2004,post_3225
like_8277,1976,post_3225
like_8278,1980,post_3225
like_8279,2157,post_3226
like_8280,2645,post_3226
like_8281,1931,post_3227
like_8282,2011,post_3227
like_8283,1914,post_3227
like_8284,2657,post_3227
like_8285,2061,post_3227
like_8286,2620,post_3227
like_8287,1921,post_3228
like_8288,2531,post_3229
like_8289,2128,post_3229
like_8290,2279,post_3229
like_8291,2319,post_3229
like_8292,2102,post_3229
like_8293,2567,post_3230
like_8294,2191,post_3230
like_8295,1959,post_3230
like_8296,2161,post_3230
like_8297,2531,post_3231
like_8298,2128,post_3231
like_8299,2567,post_3231
like_8300,2608,post_3231
like_8301,2268,post_3232
like_8302,2538,post_3232
like_8303,2346,post_3232
like_8304,2598,post_3233
like_8305,2336,post_3233
like_8306,1920,post_3234
like_8307,2125,post_3234
like_8308,2279,post_3234
like_8309,2616,post_3235
like_8310,2372,post_3235
like_8311,2052,post_3235
like_8312,2125,post_3235
like_8313,2039,post_3235
like_8314,2153,post_3235
like_8315,2653,post_3235
like_8316,2540,post_3236
like_8317,2581,post_3236
like_8318,2325,post_3236
like_8319,2452,post_3236
like_8320,2081,post_3236
like_8321,2605,post_3236
like_8322,2121,post_3237
like_8323,1966,post_3237
like_8324,2201,post_3237
like_8325,2601,post_3237
like_8326,2407,post_3237
like_8327,2543,post_3238
like_8328,2407,post_3238
like_8329,2624,post_3238
like_8330,2103,post_3238
like_8331,2309,post_3239
like_8332,2404,post_3239
like_8333,2561,post_3239
like_8334,2323,post_3239
like_8335,2638,post_3239
like_8336,2093,post_3239
like_8337,2131,post_3239
like_8338,2233,post_3239
like_8339,2040,post_3239
like_8340,2104,post_3240
like_8341,2348,post_3240
like_8342,1964,post_3241
like_8343,2425,post_3241
like_8344,2525,post_3242
like_8345,1926,post_3242
like_8346,2205,post_3242
like_8347,1923,post_3243
like_8348,2196,post_3243
like_8349,2241,post_3244
like_8350,2642,post_3244
like_8351,2598,post_3244
like_8352,2151,post_3244
like_8353,2102,post_3244
like_8354,2047,post_3244
like_8355,2512,post_3244
like_8356,2475,post_3245
like_8357,1932,post_3245
like_8358,1945,post_3245
like_8359,2138,post_3245
like_8360,2276,post_3246
like_8361,2369,post_3246
like_8362,2464,post_3246
like_8363,2356,post_3246
like_8364,2611,post_3246
like_8365,2093,post_3247
like_8366,2601,post_3247
like_8367,2059,post_3247
like_8368,2104,post_3247
like_8369,2109,post_3248
like_8370,2307,post_3248
like_8371,2464,post_3248
like_8372,2055,post_3248
like_8373,2165,post_3248
like_8374,2073,post_3248
like_8375,2324,post_3248
like_8376,2408,post_3248
like_8377,2539,post_3248
like_8378,2564,post_3249
like_8379,2404,post_3249
like_8380,2421,post_3250
like_8381,2156,post_3250
like_8382,2089,post_3251
like_8383,2361,post_3251
like_8384,2214,post_3252
like_8385,2265,post_3252
like_8386,2610,post_3252
like_8387,2543,post_3253
like_8388,2109,post_3253
like_8389,1966,post_3253
like_8390,2121,post_3254
like_8391,2190,post_3254
like_8392,2220,post_3255
like_8393,2606,post_3255
like_8394,2206,post_3255
like_8395,2188,post_3255
like_8396,1917,post_3255
like_8397,2131,post_3256
like_8398,1946,post_3256
like_8399,1923,post_3257
like_8400,1964,post_3257
like_8401,2525,post_3257
like_8402,2608,post_3257
like_8403,2463,post_3258
like_8404,2138,post_3258
like_8405,2149,post_3258
like_8406,2039,post_3258
like_8407,2379,post_3258
like_8408,2176,post_3259
like_8409,2169,post_3260
like_8410,2616,post_3260
like_8411,2609,post_3260
like_8412,2292,post_3261
like_8413,2068,post_3261
like_8414,2180,post_3261
like_8415,2138,post_3262
like_8416,2117,post_3263
like_8417,2268,post_3263
like_8418,2056,post_3264
like_8419,2165,post_3264
like_8420,2606,post_3265
like_8421,2586,post_3265
like_8422,2407,post_3265
like_8423,2433,post_3265
like_8424,2543,post_3265
like_8425,2311,post_3265
like_8426,2213,post_3265
like_8427,2208,post_3265
like_8428,2340,post_3265
like_8429,1943,post_3266
like_8430,1966,post_3266
like_8431,2590,post_3267
like_8432,2521,post_3267
like_8433,1943,post_3267
like_8434,2586,post_3267
like_8435,2299,post_3267
like_8436,2017,post_3268
like_8437,2543,post_3269
like_8438,1465,post_3269
like_8439,2047,post_3269
like_8440,1718,post_3269
like_8441,1465,post_3270
like_8442,2283,post_3270
like_8443,2169,post_3270
like_8444,2276,post_3271
like_8445,2069,post_3271
like_8446,2123,post_3271
like_8447,2578,post_3271
like_8448,2560,post_3271
like_8449,2074,post_3271
like_8450,2278,post_3272
like_8451,2142,post_3272
like_8452,2237,post_3272
like_8453,1925,post_3273
like_8454,2229,post_3273
like_8455,2536,post_3273
like_8456,2602,post_3273
like_8457,2409,post_3274
like_8458,2124,post_3274
like_8459,2188,post_3274
like_8460,1943,post_3274
like_8461,2347,post_3274
like_8462,2309,post_3274
like_8463,2266,post_3274
like_8464,2606,post_3275
like_8465,2602,post_3275
like_8466,2564,post_3275
like_8467,1983,post_3275
like_8468,2611,post_3275
like_8469,2299,post_3275
like_8470,2354,post_3275
like_8471,2520,post_3275
like_8472,2520,post_3276
like_8473,2410,post_3276
like_8474,1983,post_3276
like_8475,2476,post_3277
like_8476,2550,post_3278
like_8477,2206,post_3278
like_8478,2123,post_3278
like_8479,1989,post_3278
like_8480,2352,post_3278
like_8481,2593,post_3278
like_8482,2600,post_3279
like_8483,2607,post_3279
like_8484,2543,post_3279
like_8485,1997,post_3280
like_8486,2090,post_3280
like_8487,2064,post_3280
like_8488,2504,post_3280
like_8489,2551,post_3280
like_8490,2631,post_3280
like_8491,2121,post_3280
like_8492,2408,post_3281
like_8493,2086,post_3281
like_8494,2078,post_3281
like_8495,1966,post_3281
like_8496,2542,post_3281
like_8497,2306,post_3281
like_8498,2123,post_3282
like_8499,2464,post_3282
like_8500,2275,post_3282
like_8501,2059,post_3283
like_8502,2339,post_3283
like_8503,2464,post_3284
like_8504,2088,post_3284
like_8505,2059,post_3285
like_8506,2369,post_3285
like_8507,2108,post_3285
like_8508,2229,post_3285
like_8509,2354,post_3285
like_8510,1941,post_3286
like_8511,2543,post_3286
like_8512,2332,post_3286
like_8513,2183,post_3286
like_8514,2322,post_3286
like_8515,2472,post_3286
like_8516,2134,post_3287
like_8517,2468,post_3287
like_8518,2042,post_3287
like_8519,1465,post_3287
like_8520,2241,post_3287
like_8521,2344,post_3287
like_8522,1923,post_3287
like_8523,2057,post_3287
like_8524,2644,post_3287
like_8525,1945,post_3287
like_8526,2176,post_3288
like_8527,2471,post_3288
like_8528,2610,post_3288
like_8529,2187,post_3288
like_8530,2071,post_3288
like_8531,2436,post_3288
like_8532,2589,post_3288
like_8533,2242,post_3289
like_8534,2530,post_3289
like_8535,2543,post_3290
like_8536,2332,post_3290
like_8537,2183,post_3290
like_8538,2644,post_3290
like_8539,2287,post_3291
like_8540,2173,post_3292
like_8541,2523,post_3292
like_8542,2248,post_3292
like_8543,2397,post_3293
like_8544,1978,post_3293
like_8545,1965,post_3293
like_8546,1973,post_3294
like_8547,2113,post_3295
like_8548,2133,post_3296
like_8549,1920,post_3296
like_8550,2642,post_3297
like_8551,2151,post_3297
like_8552,2241,post_3297
like_8553,2054,post_3297
like_8554,2377,post_3297
like_8555,2283,post_3298
like_8556,2304,post_3298
like_8557,2461,post_3298
like_8558,2247,post_3298
like_8559,2194,post_3298
like_8560,2282,post_3299
like_8561,2199,post_3299
like_8562,2273,post_3300
like_8563,1465,post_3300
like_8564,2629,post_3300
like_8565,2138,post_3300
like_8566,2161,post_3300
like_8567,2075,post_3301
like_8568,2509,post_3301
like_8569,2180,post_3301
like_8570,2235,post_3302
like_8571,2062,post_3302
like_8572,1947,post_3302
like_8573,2617,post_3302
like_8574,2247,post_3302
like_8575,2132,post_3302
like_8576,2153,post_3303
like_8577,2007,post_3303
like_8578,2072,post_3303
like_8579,2420,post_3303
like_8580,2221,post_3303
like_8581,2102,post_3304
like_8582,2241,post_3304
like_8583,2629,post_3304
like_8584,2053,post_3305
like_8585,1959,post_3305
like_8586,2282,post_3305
like_8587,1947,post_3305
like_8588,2038,post_3305
like_8589,2336,post_3305
like_8590,2187,post_3306
like_8591,1943,post_3307
like_8592,2356,post_3308
like_8593,2078,post_3308
like_8594,2271,post_3309
like_8595,2410,post_3309
like_8596,2184,post_3309
like_8597,2212,post_3309
like_8598,2579,post_3310
like_8599,2428,post_3310
like_8600,2020,post_3310
like_8601,2055,post_3310
like_8602,2545,post_3310
like_8603,2220,post_3311
like_8604,2630,post_3311
like_8605,2485,post_3311
like_8606,2147,post_3311
like_8607,2615,post_3311
like_8608,2142,post_3312
like_8609,2059,post_3312
like_8610,2359,post_3312
like_8611,1938,post_3312
like_8612,1997,post_3312
like_8613,2395,post_3312
like_8614,1959,post_3313
like_8615,1987,post_3313
like_8616,2215,post_3313
like_8617,2385,post_3313
like_8618,2302,post_3313
like_8619,2347,post_3314
like_8620,2007,post_3314
like_8621,2092,post_3314
like_8622,2492,post_3315
like_8623,2611,post_3315
like_8624,2347,post_3315
like_8625,2429,post_3315
like_8626,2121,post_3316
like_8627,2103,post_3317
like_8628,2363,post_3317
like_8629,2646,post_3317
like_8630,2045,post_3317
like_8631,2046,post_3318
like_8632,2369,post_3318
like_8633,2299,post_3318
like_8634,2098,post_3319
like_8635,2408,post_3319
like_8636,2593,post_3319
like_8637,2418,post_3319
like_8638,2112,post_3319
like_8639,2386,post_3319
like_8640,2630,post_3319
like_8641,2108,post_3320
like_8642,2046,post_3320
like_8643,2369,post_3320
like_8644,2556,post_3320
like_8645,2624,post_3321
like_8646,1993,post_3321
like_8647,2206,post_3321
like_8648,2055,post_3321
like_8649,2233,post_3322
like_8650,2104,post_3322
like_8651,2108,post_3322
like_8652,2309,post_3322
like_8653,2536,post_3323
like_8654,2495,post_3323
like_8655,2625,post_3323
like_8656,2073,post_3323
like_8657,2095,post_3323
like_8658,2077,post_3323
like_8659,2339,post_3323
like_8660,2142,post_3324
like_8661,1972,post_3325
like_8662,2159,post_3325
like_8663,2224,post_3326
like_8664,2072,post_3326
like_8665,2003,post_3327
like_8666,1952,post_3327
like_8667,2573,post_3328
like_8668,2615,post_3328
like_8669,2423,post_3328
like_8670,2428,post_3328
like_8671,2578,post_3329
like_8672,2108,post_3330
like_8673,2573,post_3330
like_8674,2590,post_3330
like_8675,2613,post_3331
like_8676,2179,post_3331
like_8677,2600,post_3331
like_8678,2201,post_3331
like_8679,2103,post_3331
like_8680,2520,post_3331
like_8681,2500,post_3331
like_8682,2056,post_3331
like_8683,2564,post_3331
like_8684,2606,post_3332
like_8685,1962,post_3332
like_8686,2276,post_3332
like_8687,2600,post_3332
like_8688,2131,post_3332
like_8689,2103,post_3332
like_8690,2423,post_3333
like_8691,2477,post_3333
like_8692,2391,post_3334
like_8693,2112,post_3334
like_8694,2240,post_3334
like_8695,2271,post_3334
like_8696,2215,post_3335
like_8697,2057,post_3335
like_8698,2530,post_3335
like_8699,2567,post_3335
like_8700,2154,post_3335
like_8701,2530,post_3336
like_8702,2215,post_3336
like_8703,2057,post_3336
like_8704,2560,post_3336
like_8705,2567,post_3336
like_8706,2514,post_3337
like_8707,2517,post_3337
like_8708,2211,post_3337
like_8709,2507,post_3338
like_8710,2449,post_3339
like_8711,2584,post_3339
like_8712,2052,post_3340
like_8713,2143,post_3340
like_8714,2567,post_3340
like_8715,2241,post_3340
like_8716,2282,post_3341
like_8717,2254,post_3341
like_8718,2144,post_3341
like_8719,2224,post_3342
like_8720,2461,post_3342
like_8721,136,post_3342
like_8722,1718,post_3342
like_8723,2471,post_3343
like_8724,2254,post_3343
like_8725,1465,post_3343
like_8726,1577,post_3343
like_8727,2533,post_3343
like_8728,2176,post_3343
like_8729,2606,post_3344
like_8730,2154,post_3344
like_8731,2090,post_3344
like_8732,2258,post_3344
like_8733,2347,post_3345
like_8734,2593,post_3345
like_8735,2551,post_3345
like_8736,2323,post_3346
like_8737,2604,post_3346
like_8738,2348,post_3346
like_8739,2084,post_3346
like_8740,2064,post_3346
like_8741,2551,post_3346
like_8742,2625,post_3346
like_8743,2121,post_3347
like_8744,2428,post_3347
like_8745,1986,post_3347
like_8746,2129,post_3348
like_8747,1945,post_3349
like_8748,2135,post_3349
like_8749,1920,post_3349
like_8750,2289,post_3350
like_8751,2642,post_3350
like_8752,2543,post_3350
like_8753,2498,post_3351
like_8754,1920,post_3351
like_8755,2274,post_3352
like_8756,1947,post_3352
like_8757,2243,post_3352
like_8758,2198,post_3352
like_8759,2111,post_3353
like_8760,2241,post_3353
like_8761,1932,post_3353
like_8762,2555,post_3353
like_8763,2223,post_3353
like_8764,2026,post_3353
like_8765,2222,post_3354
like_8766,2509,post_3354
like_8767,2075,post_3354
like_8768,1954,post_3354
like_8769,2052,post_3355
like_8770,2615,post_3356
like_8771,2520,post_3356
like_8772,2104,post_3356
like_8773,2244,post_3356
like_8774,2103,post_3356
like_8775,2229,post_3357
like_8776,1984,post_3357
like_8777,2433,post_3357
like_8778,2575,post_3357
like_8779,2244,post_3357
like_8780,2586,post_3357
like_8781,2046,post_3357
like_8782,2210,post_3357
like_8783,2104,post_3358
like_8784,2084,post_3358
like_8785,2253,post_3358
like_8786,2586,post_3359
like_8787,2136,post_3360
like_8788,2376,post_3361
like_8789,2347,post_3361
like_8790,2308,post_3362
like_8791,1966,post_3362
like_8792,2418,post_3362
like_8793,1962,post_3362
like_8794,2408,post_3362
like_8795,2043,post_3362
like_8796,2326,post_3363
like_8797,2625,post_3363
like_8798,2216,post_3363
like_8799,2376,post_3363
like_8800,2414,post_3363
like_8801,2504,post_3363
like_8802,2482,post_3363
like_8803,2507,post_3363
like_8804,1993,post_3363
like_8805,2489,post_3363
like_8806,2390,post_3364
like_8807,2384,post_3364
like_8808,2622,post_3365
like_8809,2108,post_3366
like_8810,2216,post_3366
like_8811,2073,post_3366
like_8812,2354,post_3367
like_8813,1938,post_3367
like_8814,2233,post_3367
like_8815,2329,post_3367
like_8816,2352,post_3368
like_8817,2484,post_3368
like_8818,1917,post_3369
like_8819,1985,post_3369
like_8820,2464,post_3369
like_8821,2619,post_3369
like_8822,2536,post_3370
like_8823,2591,post_3370
like_8824,2139,post_3370
like_8825,2271,post_3370
like_8826,2560,post_3370
like_8827,2121,post_3371
like_8828,2055,post_3371
like_8829,2271,post_3371
like_8830,1943,post_3371
like_8831,2381,post_3371
like_8832,2604,post_3371
like_8833,2601,post_3371
like_8834,2579,post_3371
like_8835,2257,post_3372
like_8836,2271,post_3372
like_8837,2095,post_3372
like_8838,2200,post_3372
like_8839,2363,post_3372
like_8840,2604,post_3372
like_8841,1942,post_3373
like_8842,2334,post_3373
like_8843,2654,post_3373
like_8844,2630,post_3373
like_8845,2313,post_3375
like_8846,2656,post_3375
like_8847,2614,post_3375
like_8848,2277,post_3375
like_8849,2125,post_3376
like_8850,2133,post_3376
like_8851,2344,post_3376
like_8852,2065,post_3376
like_8853,2398,post_3376
like_8854,2343,post_3376
like_8855,2589,post_3376
like_8856,2111,post_3376
like_8857,2555,post_3376
like_8858,1939,post_3377
like_8859,2075,post_3377
like_8860,2396,post_3377
like_8861,2458,post_3377
like_8862,2138,post_3377
like_8863,2598,post_3378
like_8864,1577,post_3378
like_8865,2128,post_3378
like_8866,2649,post_3378
like_8867,2594,post_3379
like_8868,2224,post_3379
like_8869,1577,post_3380
like_8870,2567,post_3380
like_8871,1981,post_3380
like_8872,2394,post_3380
like_8873,2135,post_3380
like_8874,2149,post_3380
like_8875,1932,post_3380
like_8876,2132,post_3380
like_8877,2468,post_3380
like_8878,2279,post_3380
like_8879,2488,post_3381
like_8880,1929,post_3382
like_8881,2356,post_3383
like_8882,2477,post_3383
like_8883,2055,post_3383
like_8884,2278,post_3384
like_8885,2611,post_3384
like_8886,2118,post_3384
like_8887,2083,post_3385
like_8888,2579,post_3385
like_8889,2184,post_3385
like_8890,2045,post_3386
like_8891,2142,post_3386
like_8892,2056,post_3386
like_8893,2482,post_3387
like_8894,2499,post_3387
like_8895,2504,post_3387
like_8896,2324,post_3388
like_8897,2045,post_3388
like_8898,2387,post_3388
like_8899,2275,post_3388
like_8900,1983,post_3388
like_8901,2197,post_3389
like_8902,2473,post_3389
like_8903,2104,post_3390
like_8904,1953,post_3390
like_8905,2131,post_3390
like_8906,2240,post_3390
like_8907,1971,post_3390
like_8908,2601,post_3390
like_8909,2266,post_3390
like_8910,2482,post_3390
like_8911,2216,post_3390
like_8912,2600,post_3391
like_8913,2526,post_3391
like_8914,2539,post_3391
like_8915,2381,post_3392
like_8916,2451,post_3393
like_8917,2445,post_3393
like_8918,1920,post_3393
like_8919,2543,post_3394
like_8920,1718,post_3394
like_8921,2153,post_3394
like_8922,2071,post_3395
like_8923,2010,post_3395
like_8924,2372,post_3395
like_8925,2445,post_3396
like_8926,2259,post_3396
like_8927,2133,post_3396
like_8928,2163,post_3396
like_8929,2127,post_3396
like_8930,2600,post_3397
like_8931,2078,post_3397
like_8932,2290,post_3397
like_8933,1979,post_3397
like_8934,2261,post_3397
like_8935,2573,post_3398
like_8936,2655,post_3398
like_8937,2201,post_3398
like_8938,2108,post_3398
like_8939,1941,post_3398
like_8940,2601,post_3398
like_8941,2073,post_3398
like_8942,2638,post_3398
like_8943,2492,post_3398
like_8944,2563,post_3398
like_8945,2257,post_3398
like_8946,2631,post_3399
like_8947,1946,post_3399
like_8948,2122,post_3399
like_8949,2504,post_3399
like_8950,2573,post_3399
like_8951,2655,post_3400
like_8952,2184,post_3400
like_8953,2590,post_3400
like_8954,2468,post_3400
like_8955,2464,post_3400
like_8956,2063,post_3401
like_8957,1953,post_3401
like_8958,2409,post_3401
like_8959,2576,post_3401
like_8960,2440,post_3402
like_8961,2257,post_3403
like_8962,2086,post_3403
like_8963,2253,post_3403
like_8964,2564,post_3403
like_8965,2308,post_3403
like_8966,2218,post_3403
like_8967,2340,post_3404
like_8968,2430,post_3404
like_8969,2123,post_3405
like_8970,2257,post_3406
like_8971,2339,post_3406
like_8972,2306,post_3406
like_8973,2611,post_3406
like_8974,2043,post_3406
like_8975,2146,post_3407
like_8976,2070,post_3407
like_8977,1960,post_3408
like_8978,2105,post_3408
like_8979,2162,post_3408
like_8980,2023,post_3408
like_8981,2371,post_3408
like_8982,1934,post_3408
like_8983,2288,post_3409
like_8984,2590,post_3409
like_8985,2058,post_3409
like_8986,2007,post_3410
like_8987,1938,post_3411
like_8988,2520,post_3411
like_8989,2575,post_3411
like_8990,2266,post_3412
like_8991,2630,post_3412
like_8992,2625,post_3412
like_8993,1918,post_3412
like_8994,2083,post_3412
like_8995,2033,post_3412
like_8996,2602,post_3413
like_8997,2188,post_3413
like_8998,2154,post_3413
like_8999,2559,post_3413
like_9000,2623,post_3413
like_9001,2118,post_3413
like_9002,2464,post_3413
like_9003,2482,post_3414
like_9004,2542,post_3414
like_9005,2046,post_3414
like_9006,1971,post_3414
like_9007,2309,post_3414
like_9008,2423,post_3415
like_9009,2104,post_3415
like_9010,2309,post_3415
like_9011,2266,post_3415
like_9012,2340,post_3415
like_9013,2033,post_3415
like_9014,2409,post_3415
like_9015,2487,post_3416
like_9016,2433,post_3417
like_9017,2258,post_3417
like_9018,2212,post_3417
like_9019,2602,post_3417
like_9020,2139,post_3417
like_9021,2043,post_3417
like_9022,1993,post_3418
like_9023,2607,post_3418
like_9024,2056,post_3418
like_9025,2121,post_3418
like_9026,2352,post_3418
like_9027,2037,post_3418
like_9028,2093,post_3418
like_9029,1997,post_3418
like_9030,2103,post_3418
like_9031,1979,post_3418
like_9032,2354,post_3419
like_9033,2654,post_3419
like_9034,2334,post_3419
like_9035,2142,post_3419
like_9036,2088,post_3419
like_9037,2311,post_3420
like_9038,2554,post_3420
like_9039,2414,post_3421
like_9040,2404,post_3421
like_9041,2093,post_3421
like_9042,2601,post_3421
like_9043,2062,post_3422
like_9044,2022,post_3423
like_9045,2024,post_3423
like_9046,2626,post_3424
like_9047,2025,post_3424
like_9048,2348,post_3425
like_9049,2506,post_3425
like_9050,2045,post_3426
like_9051,2266,post_3426
like_9052,2573,post_3427
like_9053,2561,post_3427
like_9054,2506,post_3427
like_9055,2348,post_3427
like_9056,2210,post_3427
like_9057,2556,post_3427
like_9058,2140,post_3427
like_9059,2229,post_3428
like_9060,2233,post_3428
like_9061,2553,post_3428
like_9062,1925,post_3428
like_9063,2358,post_3429
like_9064,2217,post_3430
like_9065,2235,post_3431
like_9066,2283,post_3431
like_9067,2280,post_3432
like_9068,2222,post_3432
like_9069,2235,post_3432
like_9070,1939,post_3432
like_9071,2161,post_3433
like_9072,2111,post_3433
like_9073,2003,post_3433
like_9074,2396,post_3433
like_9075,136,post_3434
like_9076,2010,post_3434
like_9077,2071,post_3434
like_9078,2475,post_3434
like_9079,2555,post_3434
like_9080,2052,post_3435
like_9081,2280,post_3435
like_9082,2028,post_3436
like_9083,1941,post_3436
like_9084,2567,post_3436
like_9085,2623,post_3437
like_9086,2604,post_3437
like_9087,2220,post_3437
like_9088,2326,post_3437
like_9089,2112,post_3437
like_9090,2492,post_3437
like_9091,2359,post_3437
like_9092,2590,post_3438
like_9093,2654,post_3439
like_9094,2340,post_3439
like_9095,2409,post_3439
like_9096,2549,post_3439
like_9097,2601,post_3440
like_9098,2306,post_3440
like_9099,2410,post_3441
like_9100,2408,post_3441
like_9101,2030,post_3442
like_9102,1962,post_3442
like_9103,2423,post_3442
like_9104,2093,post_3442
like_9105,2084,post_3442
like_9106,2124,post_3443
like_9107,2093,post_3443
like_9108,2354,post_3443
like_9109,2386,post_3443
like_9110,2140,post_3443
like_9111,2359,post_3443
like_9112,2290,post_3444
like_9113,2590,post_3444
like_9114,2275,post_3444
like_9115,2306,post_3444
like_9116,2506,post_3444
like_9117,2433,post_3445
like_9118,2655,post_3445
like_9119,1917,post_3445
like_9120,2606,post_3445
like_9121,2091,post_3446
like_9122,2421,post_3447
like_9123,2168,post_3447
like_9124,2437,post_3447
like_9125,2160,post_3448
like_9126,2085,post_3448
like_9127,2164,post_3449
like_9128,2309,post_3449
like_9129,2539,post_3449
like_9130,2578,post_3449
like_9131,2553,post_3449
like_9132,2369,post_3450
like_9133,2059,post_3450
like_9134,2046,post_3450
like_9135,2433,post_3450
like_9136,2469,post_3451
like_9137,2164,post_3451
like_9138,2059,post_3452
like_9139,2046,post_3452
like_9140,2369,post_3452
like_9141,2430,post_3452
like_9142,2266,post_3452
like_9143,2229,post_3452
like_9144,2136,post_3452
like_9145,2090,post_3452
like_9146,2638,post_3453
like_9147,2601,post_3453
like_9148,2348,post_3453
like_9149,2492,post_3454
like_9150,2088,post_3454
like_9151,2395,post_3455
like_9152,2520,post_3455
like_9153,1986,post_3455
like_9154,2261,post_3455
like_9155,2603,post_3456
like_9156,2241,post_3457
like_9157,2134,post_3457
like_9158,2042,post_3457
like_9159,2344,post_3457
like_9160,2285,post_3457
like_9161,2282,post_3458
like_9162,2132,post_3458
like_9163,2161,post_3458
like_9164,2328,post_3458
like_9165,2384,post_3458
like_9166,2438,post_3458
like_9167,2434,post_3458
like_9168,2328,post_3459
like_9169,2445,post_3459
like_9170,2472,post_3459
like_9171,2138,post_3459
like_9172,2543,post_3460
like_9173,1465,post_3460
like_9174,2042,post_3460
like_9175,1947,post_3460
like_9176,2325,post_3460
like_9177,2054,post_3460
like_9178,1939,post_3461
like_9179,1959,post_3461
like_9180,2161,post_3461
like_9181,2075,post_3461
like_9182,2501,post_3461
like_9183,1947,post_3461
like_9184,2510,post_3461
like_9185,2134,post_3461
like_9186,2273,post_3461
like_9187,2347,post_3462
like_9188,2564,post_3462
like_9189,2630,post_3462
like_9190,2478,post_3463
like_9191,2625,post_3463
like_9192,1986,post_3463
like_9193,2347,post_3464
like_9194,2607,post_3464
like_9195,2433,post_3464
like_9196,2258,post_3464
like_9197,1993,post_3464
like_9198,2560,post_3464
like_9199,2478,post_3464
like_9200,2103,post_3465
like_9201,2477,post_3465
like_9202,2549,post_3465
like_9203,2602,post_3465
like_9204,2576,post_3465
like_9205,2217,post_3466
like_9206,2450,post_3466
like_9207,2231,post_3467
like_9208,2150,post_3468
like_9209,1946,post_3468
like_9210,2237,post_3468
like_9211,2423,post_3468
like_9212,2229,post_3468
like_9213,2201,post_3468
like_9214,2059,post_3469
like_9215,1938,post_3469
like_9216,1929,post_3469
like_9217,2574,post_3469
like_9218,2350,post_3470
like_9219,2352,post_3470
like_9220,2550,post_3470
like_9221,2625,post_3470
like_9222,2040,post_3470
like_9223,2507,post_3470
like_9224,1966,post_3471
like_9225,1917,post_3471
like_9226,2492,post_3471
like_9227,2408,post_3471
like_9228,2619,post_3471
like_9229,2172,post_3471
like_9230,2016,post_3472
like_9231,2012,post_3473
like_9232,2006,post_3474
like_9233,1991,post_3474
like_9234,2642,post_3474
like_9235,2461,post_3475
like_9236,2134,post_3475
like_9237,2436,post_3475
like_9238,1954,post_3475
like_9239,2317,post_3476
like_9240,2242,post_3476
like_9241,1964,post_3476
like_9242,2480,post_3476
like_9243,2325,post_3476
like_9244,2302,post_3476
like_9245,2126,post_3476
like_9246,2597,post_3477
like_9247,2087,post_3477
like_9248,2637,post_3477
like_9249,2539,post_3478
like_9250,2056,post_3478
like_9251,1993,post_3478
like_9252,2356,post_3478
like_9253,2090,post_3478
like_9254,2430,post_3478
like_9255,1997,post_3479
like_9256,1962,post_3479
like_9257,2602,post_3479
like_9258,2521,post_3480
like_9259,2386,post_3480
like_9260,1929,post_3480
like_9261,1979,post_3480
like_9262,2063,post_3480
like_9263,2033,post_3481
like_9264,2233,post_3481
like_9265,2363,post_3481
like_9266,2140,post_3481
like_9267,2142,post_3481
like_9268,2395,post_3481
like_9269,2361,post_3482
like_9270,2523,post_3483
like_9271,2317,post_3483
like_9272,2188,post_3484
like_9273,2482,post_3484
like_9274,2619,post_3484
like_9275,2395,post_3485
like_9276,2376,post_3485
like_9277,1943,post_3485
like_9278,2423,post_3485
like_9279,2561,post_3486
like_9280,2408,post_3486
like_9281,2229,post_3486
like_9282,2499,post_3486
like_9283,2307,post_3486
like_9284,2278,post_3486
like_9285,2395,post_3487
like_9286,2376,post_3487
like_9287,1943,post_3487
like_9288,2218,post_3487
like_9289,2561,post_3487
like_9290,2433,post_3487
like_9291,2575,post_3487
like_9292,2060,post_3488
like_9293,2575,post_3488
like_9294,2638,post_3488
like_9295,2407,post_3488
like_9296,2542,post_3488
like_9297,2348,post_3489
like_9298,2356,post_3489
like_9299,2139,post_3489
like_9300,1953,post_3489
like_9301,2240,post_3490
like_9302,2556,post_3490
like_9303,2323,post_3491
like_9304,2631,post_3491
like_9305,2489,post_3491
like_9306,2499,post_3491
like_9307,2069,post_3491
like_9308,2464,post_3491
like_9309,2348,post_3491
like_9310,2607,post_3492
like_9311,1985,post_3492
like_9312,2311,post_3492
like_9313,2033,post_3492
like_9314,2112,post_3493
like_9315,2329,post_3493
like_9316,2240,post_3493
like_9317,1917,post_3493
like_9318,2108,post_3493
like_9319,2354,post_3493
like_9320,2142,post_3493
like_9321,2084,post_3493
like_9322,2030,post_3494
like_9323,2607,post_3494
like_9324,2414,post_3494
like_9325,2093,post_3494
like_9326,1979,post_3494
like_9327,2520,post_3495
like_9328,2370,post_3495
like_9329,2556,post_3495
like_9330,2213,post_3495
like_9331,2500,post_3496
like_9332,2118,post_3496
like_9333,2306,post_3496
like_9334,2654,post_3496
like_9335,2600,post_3496
like_9336,2600,post_3497
like_9337,2574,post_3497
like_9338,2423,post_3497
like_9339,2564,post_3497
like_9340,2556,post_3497
like_9341,2539,post_3497
like_9342,2115,post_3498
like_9343,2063,post_3498
like_9344,2550,post_3498
like_9345,1985,post_3499
like_9346,2593,post_3499
like_9347,1997,post_3499
like_9348,2336,post_3500
like_9349,2062,post_3500
like_9350,2332,post_3500
like_9351,1465,post_3500
like_9352,2102,post_3500
like_9353,2347,post_3501
like_9354,2516,post_3501
like_9355,2511,post_3501
like_9356,2501,post_3501
like_9357,2295,post_3502
like_9358,2649,post_3502
like_9359,2161,post_3502
like_9360,2232,post_3503
like_9361,2196,post_3503
like_9362,2570,post_3504
like_9363,2129,post_3505
like_9364,2335,post_3505
like_9365,2301,post_3506
like_9366,2035,post_3506
like_9367,2292,post_3507
like_9368,2189,post_3508
like_9369,2038,post_3508
like_9370,2589,post_3508
like_9371,2196,post_3508
like_9372,2597,post_3509
like_9373,2629,post_3509
like_9374,1941,post_3509
like_9375,2629,post_3510
like_9376,2143,post_3510
like_9377,2111,post_3510
like_9378,2491,post_3511
like_9379,2509,post_3511
like_9380,2448,post_3512
like_9381,2402,post_3512
like_9382,2070,post_3512
like_9383,2448,post_3513
like_9384,2156,post_3513
like_9385,2313,post_3513
like_9386,2083,post_3514
like_9387,2077,post_3514
like_9388,2414,post_3514
like_9389,2290,post_3514
like_9390,2121,post_3514
like_9391,2331,post_3514
like_9392,2600,post_3514
like_9393,2410,post_3515
like_9394,2573,post_3515
like_9395,2339,post_3515
like_9396,2549,post_3516
like_9397,2408,post_3516
like_9398,1985,post_3517
like_9399,2077,post_3517
like_9400,2121,post_3517
like_9401,2532,post_3517
like_9402,2344,post_3518
like_9403,2328,post_3519
like_9404,2280,post_3519
like_9405,1947,post_3519
like_9406,2390,post_3519
like_9407,2110,post_3520
like_9408,2310,post_3521
like_9409,2296,post_3521
like_9410,2567,post_3521
like_9411,2642,post_3522
like_9412,2471,post_3522
like_9413,2416,post_3522
like_9414,2461,post_3522
like_9415,2588,post_3522
like_9416,2653,post_3522
like_9417,2322,post_3523
like_9418,2325,post_3523
like_9419,1926,post_3523
like_9420,2031,post_3523
like_9421,2525,post_3523
like_9422,1964,post_3523
like_9423,2054,post_3523
like_9424,2169,post_3523
like_9425,2416,post_3524
like_9426,2038,post_3524
like_9427,2176,post_3524
like_9428,2211,post_3524
like_9429,2072,post_3524
like_9430,2047,post_3525
like_9431,2111,post_3525
like_9432,1465,post_3525
like_9433,1970,post_3525
like_9434,2643,post_3526
like_9435,2191,post_3526
like_9436,2398,post_3527
like_9437,2117,post_3528
like_9438,2187,post_3528
like_9439,2068,post_3529
like_9440,2332,post_3529
like_9441,2133,post_3529
like_9442,2199,post_3529
like_9443,1577,post_3529
like_9444,2078,post_3530
like_9445,2104,post_3530
like_9446,2489,post_3530
like_9447,2409,post_3530
like_9448,2220,post_3530
like_9449,2200,post_3531
like_9450,2500,post_3531
like_9451,2506,post_3532
like_9452,2384,post_3533
like_9453,2461,post_3533
like_9454,136,post_3533
like_9455,2315,post_3533
like_9456,2032,post_3533
like_9457,2289,post_3534
like_9458,2338,post_3534
like_9459,2273,post_3534
like_9460,2643,post_3534
like_9461,2153,post_3534
like_9462,2127,post_3534
like_9463,2215,post_3534
like_9464,2328,post_3534
like_9465,2259,post_3535
like_9466,2598,post_3536
like_9467,1920,post_3536
like_9468,2338,post_3536
like_9469,2631,post_3537
like_9470,2142,post_3537
like_9471,1938,post_3537
like_9472,2407,post_3537
like_9473,2418,post_3537
like_9474,2392,post_3537
like_9475,2507,post_3538
like_9476,2220,post_3538
like_9477,2278,post_3538
like_9478,2539,post_3538
like_9479,2601,post_3538
like_9480,2520,post_3538
like_9481,2352,post_3539
like_9482,2395,post_3540
like_9483,2140,post_3540
like_9484,1985,post_3540
like_9485,2324,post_3540
like_9486,2340,post_3540
like_9487,2033,post_3540
like_9488,2591,post_3540
like_9489,2418,post_3541
like_9490,2631,post_3541
like_9491,2578,post_3541
like_9492,2468,post_3541
like_9493,2210,post_3541
like_9494,1993,post_3541
like_9495,2392,post_3542
like_9496,2261,post_3542
like_9497,2033,post_3542
like_9498,2495,post_3542
like_9499,2329,post_3542
like_9500,2374,post_3543
like_9501,2064,post_3543
like_9502,2611,post_3543
like_9503,2124,post_3544
like_9504,2299,post_3544
like_9505,2410,post_3544
like_9506,2638,post_3544
like_9507,2339,post_3544
like_9508,2210,post_3544
like_9509,2084,post_3544
like_9510,2164,post_3545
like_9511,2354,post_3545
like_9512,2623,post_3545
like_9513,2290,post_3545
like_9514,2615,post_3546
like_9515,2056,post_3546
like_9516,2637,post_3547
like_9517,2176,post_3547
like_9518,2637,post_3548
like_9519,2211,post_3548
like_9520,2543,post_3549
like_9521,1985,post_3549
like_9522,2468,post_3549
like_9523,2266,post_3549
like_9524,2427,post_3549
like_9525,2073,post_3549
like_9526,2287,post_3549
like_9527,2512,post_3550
like_9528,2560,post_3550
like_9529,2395,post_3550
like_9530,2630,post_3550
like_9531,2086,post_3550
like_9532,2427,post_3550
like_9533,2172,post_3550
like_9534,1985,post_3550
like_9535,2542,post_3551
like_9536,2266,post_3551
like_9537,2336,post_3551
like_9538,2328,post_3551
like_9539,2501,post_3551
like_9540,2213,post_3551
like_9541,2553,post_3551
like_9542,2229,post_3552
like_9543,2112,post_3552
like_9544,2578,post_3552
like_9545,2395,post_3552
like_9546,2381,post_3552
like_9547,2571,post_3553
like_9548,2159,post_3553
like_9549,2343,post_3553
like_9550,2128,post_3554
like_9551,2125,post_3555
like_9552,2475,post_3555
like_9553,2135,post_3555
like_9554,1954,post_3556
like_9555,136,post_3556
like_9556,2009,post_3556
like_9557,1919,post_3556
like_9558,2169,post_3556
like_9559,2475,post_3556
like_9560,2054,post_3557
like_9561,2241,post_3557
like_9562,2054,post_3558
like_9563,2039,post_3558
like_9564,2176,post_3559
like_9565,2152,post_3560
like_9566,2126,post_3561
like_9567,2341,post_3561
like_9568,2659,post_3561
like_9569,2193,post_3561
like_9570,2288,post_3562
like_9571,2271,post_3562
like_9572,2592,post_3563
like_9573,2289,post_3563
like_9574,2567,post_3564
like_9575,2081,post_3565
like_9576,2289,post_3565
like_9577,2616,post_3566
like_9578,2302,post_3566
like_9579,2042,post_3566
like_9580,2224,post_3566
like_9581,2176,post_3566
like_9582,1577,post_3567
like_9583,2491,post_3567
like_9584,2268,post_3567
like_9585,2081,post_3567
like_9586,2343,post_3567
like_9587,2253,post_3568
like_9588,2423,post_3568
like_9589,2500,post_3568
like_9590,2578,post_3568
like_9591,2331,post_3568
like_9592,2233,post_3568
like_9593,2553,post_3569
like_9594,2381,post_3569
like_9595,2423,post_3569
like_9596,2521,post_3569
like_9597,2606,post_3569
like_9598,2307,post_3569
like_9599,2504,post_3570
like_9600,2602,post_3570
like_9601,2059,post_3570
like_9602,2140,post_3570
like_9603,2578,post_3570
like_9604,2560,post_3570
like_9605,2611,post_3571
like_9606,2602,post_3571
like_9607,2258,post_3571
like_9608,2550,post_3571
like_9609,2046,post_3571
like_9610,2359,post_3572
like_9611,2140,post_3572
like_9612,2625,post_3572
like_9613,2593,post_3572
like_9614,2630,post_3572
like_9615,2307,post_3572
like_9616,1953,post_3572
like_9617,2561,post_3572
like_9618,2589,post_3573
like_9619,2642,post_3574
like_9620,2052,post_3574
like_9621,1945,post_3574
like_9622,2589,post_3574
like_9623,2289,post_3575
like_9624,1577,post_3575
like_9625,2224,post_3575
like_9626,1960,post_3576
like_9627,2471,post_3577
like_9628,2026,post_3578
like_9629,2498,post_3578
like_9630,2191,post_3578
like_9631,2176,post_3578
like_9632,2616,post_3579
like_9633,2496,post_3579
like_9634,2567,post_3580
like_9635,2191,post_3580
like_9636,2498,post_3580
like_9637,2148,post_3580
like_9638,2553,post_3581
like_9639,2409,post_3581
like_9640,1918,post_3581
like_9641,2623,post_3582
like_9642,1983,post_3582
like_9643,1986,post_3582
like_9644,2218,post_3582
like_9645,2546,post_3582
like_9646,2467,post_3582
like_9647,2478,post_3583
like_9648,2271,post_3583
like_9649,2324,post_3583
like_9650,2468,post_3583
like_9651,2201,post_3584
like_9652,2093,post_3584
like_9653,2244,post_3584
like_9654,2290,post_3584
like_9655,2310,post_3585
like_9656,2114,post_3586
like_9657,2587,post_3586
like_9658,2424,post_3586
like_9659,2378,post_3587
like_9660,2447,post_3587
like_9661,2192,post_3588
like_9662,2335,post_3589
like_9663,2049,post_3589
like_9664,2620,post_3590
like_9665,1921,post_3590
like_9666,2297,post_3590
like_9667,2341,post_3591
like_9668,2415,post_3592
like_9669,2344,post_3592
like_9670,2652,post_3592
like_9671,2438,post_3592
like_9672,2101,post_3592
like_9673,2327,post_3593
like_9674,2199,post_3593
like_9675,2479,post_3593
like_9676,2451,post_3593
like_9677,2508,post_3593
like_9678,2238,post_3594
like_9679,2313,post_3594
like_9680,1960,post_3594
like_9681,2519,post_3595
like_9682,2542,post_3596
like_9683,2611,post_3597
like_9684,1942,post_3597
like_9685,2601,post_3597
like_9686,2093,post_3597
like_9687,2165,post_3597
like_9688,2546,post_3598
like_9689,2190,post_3598
like_9690,2212,post_3598
like_9691,2261,post_3598
like_9692,2020,post_3599
like_9693,2414,post_3600
like_9694,2290,post_3600
like_9695,1965,post_3601
like_9696,2107,post_3601
like_9697,2335,post_3601
like_9698,2405,post_3601
like_9699,2487,post_3602
like_9700,2094,post_3602
like_9701,2535,post_3602
like_9702,2281,post_3602
like_9703,2421,post_3603
like_9704,2106,post_3603
like_9705,2295,post_3604
like_9706,2338,post_3604
like_9707,2111,post_3605
like_9708,2629,post_3605
like_9709,2187,post_3605
like_9710,2068,post_3605
like_9711,2344,post_3605
like_9712,2295,post_3606
like_9713,1987,post_3606
like_9714,2249,post_3606
like_9715,2010,post_3606
like_9716,1959,post_3606
like_9717,2398,post_3606
like_9718,2255,post_3607
like_9719,1995,post_3608
like_9720,2636,post_3608
like_9721,2459,post_3609
like_9722,2464,post_3610
like_9723,2083,post_3610
like_9724,2290,post_3611
like_9725,2359,post_3611
like_9726,2646,post_3611
like_9727,2619,post_3611
like_9728,2340,post_3611
like_9729,1917,post_3612
like_9730,2359,post_3612
like_9731,1918,post_3612
like_9732,2261,post_3612
like_9733,2073,post_3613
like_9734,2369,post_3613
like_9735,2200,post_3613
like_9736,2308,post_3613
like_9737,2602,post_3613
like_9738,2069,post_3613
like_9739,2405,post_3614
like_9740,1947,post_3615
like_9741,2461,post_3615
like_9742,2319,post_3616
like_9743,2138,post_3616
like_9744,2199,post_3616
like_9745,2643,post_3616
like_9746,2419,post_3617
like_9747,2176,post_3617
like_9748,2242,post_3617
like_9749,2498,post_3617
like_9750,2377,post_3617
like_9751,2289,post_3617
like_9752,2133,post_3618
like_9753,2325,post_3619
like_9754,2603,post_3619
like_9755,2592,post_3620
like_9756,2196,post_3620
like_9757,2610,post_3620
like_9758,2272,post_3621
like_9759,2608,post_3621
like_9760,2610,post_3622
like_9761,2081,post_3623
like_9762,2451,post_3623
like_9763,2321,post_3624
like_9764,2590,post_3625
like_9765,1917,post_3625
like_9766,2602,post_3625
like_9767,2200,post_3625
like_9768,2150,post_3625
like_9769,1979,post_3626
like_9770,2037,post_3627
like_9771,2556,post_3627
like_9772,2268,post_3628
like_9773,2267,post_3628
like_9774,2087,post_3628
like_9775,2151,post_3628
like_9776,1465,post_3629
like_9777,2543,post_3629
like_9778,2047,post_3629
like_9779,2461,post_3629
like_9780,136,post_3629
like_9781,2330,post_3630
like_9782,2143,post_3630
like_9783,2134,post_3630
like_9784,2511,post_3630
like_9785,2241,post_3630
like_9786,1932,post_3630
like_9787,2189,post_3630
like_9788,1954,post_3630
like_9789,2417,post_3630
like_9790,2371,post_3631
like_9791,2452,post_3632
like_9792,2332,post_3633
like_9793,2629,post_3633
like_9794,2125,post_3634
like_9795,2039,post_3634
like_9796,2028,post_3635
like_9797,2533,post_3635
like_9798,2543,post_3636
like_9799,2047,post_3636
like_9800,2332,post_3636
like_9801,1941,post_3636
like_9802,2372,post_3636
like_9803,1577,post_3636
like_9804,2174,post_3636
like_9805,2194,post_3636
like_9806,2261,post_3637
like_9807,2386,post_3637
like_9808,2611,post_3637
like_9809,2564,post_3637
like_9810,2543,post_3637
like_9811,2409,post_3637
like_9812,2369,post_3637
like_9813,2275,post_3637
like_9814,2059,post_3638
like_9815,2112,post_3638
like_9816,2188,post_3639
like_9817,2078,post_3639
like_9818,2109,post_3639
like_9819,2037,post_3639
like_9820,2563,post_3639
like_9821,1985,post_3639
like_9822,2278,post_3640
like_9823,2409,post_3640
like_9824,1979,post_3640
like_9825,2560,post_3640
like_9826,1917,post_3640
like_9827,2150,post_3640
like_9828,2414,post_3640
like_9829,2090,post_3640
like_9830,2578,post_3641
like_9831,2056,post_3641
like_9832,2478,post_3641
like_9833,2550,post_3641
like_9834,2212,post_3641
like_9835,2139,post_3641
like_9836,1946,post_3641
like_9837,1929,post_3641
like_9838,1964,post_3642
like_9839,2211,post_3643
like_9840,2491,post_3644
like_9841,2597,post_3644
like_9842,2174,post_3644
like_9843,2336,post_3644
like_9844,2273,post_3645
like_9845,2498,post_3645
like_9846,1955,post_3646
like_9847,2194,post_3646
like_9848,2032,post_3646
like_9849,2143,post_3647
like_9850,1932,post_3647
like_9851,2498,post_3647
like_9852,2154,post_3648
like_9853,2299,post_3648
like_9854,2376,post_3648
like_9855,2056,post_3648
like_9856,2276,post_3648
like_9857,2220,post_3648
like_9858,2553,post_3648
like_9859,2258,post_3649
like_9860,1917,post_3649
like_9861,2005,post_3649
like_9862,2485,post_3650
like_9863,2404,post_3650
like_9864,2604,post_3650
like_9865,2184,post_3650
like_9866,2542,post_3650
like_9867,1918,post_3650
like_9868,2550,post_3650
like_9869,2504,post_3651
like_9870,2060,post_3651
like_9871,2092,post_3652
like_9872,1945,post_3653
like_9873,2203,post_3653
like_9874,2458,post_3653
like_9875,2092,post_3654
like_9876,2288,post_3654
like_9877,2387,post_3654
like_9878,2067,post_3654
like_9879,1718,post_3655
like_9880,2395,post_3655
like_9881,1917,post_3656
like_9882,2356,post_3656
like_9883,2140,post_3656
like_9884,2601,post_3656
like_9885,2131,post_3657
like_9886,2374,post_3658
like_9887,2553,post_3658
like_9888,2257,post_3658
like_9889,2045,post_3658
like_9890,1997,post_3658
like_9891,1938,post_3658
like_9892,1985,post_3659
like_9893,2187,post_3660
like_9894,2250,post_3660
like_9895,1959,post_3661
like_9896,2336,post_3662
like_9897,1920,post_3662
like_9898,2516,post_3662
like_9899,2022,post_3663
like_9900,2373,post_3664
like_9901,2273,post_3665
like_9902,2148,post_3665
like_9903,2068,post_3665
like_9904,2491,post_3666
like_9905,1948,post_3666
like_9906,2289,post_3666
like_9907,1940,post_3666
like_9908,2111,post_3667
like_9909,2351,post_3667
like_9910,2394,post_3667
like_9911,2475,post_3667
like_9912,2042,post_3667
like_9913,2292,post_3668
like_9914,2199,post_3670
like_9915,2102,post_3670
like_9916,2053,post_3670
like_9917,2420,post_3671
like_9918,2032,post_3671
like_9919,2125,post_3671
like_9920,2351,post_3671
like_9921,1465,post_3671
like_9922,2127,post_3672
like_9923,1941,post_3672
like_9924,2224,post_3672
like_9925,2498,post_3672
like_9926,2420,post_3672
like_9927,2471,post_3672
like_9928,1960,post_3673
like_9929,1718,post_3674
like_9930,2254,post_3674
like_9931,2224,post_3674
like_9932,2068,post_3674
like_9933,2038,post_3674
like_9934,2224,post_3675
like_9935,2434,post_3675
like_9936,2250,post_3675
like_9937,2072,post_3676
like_9938,2235,post_3676
like_9939,2273,post_3676
like_9940,2007,post_3677
like_9941,2372,post_3677
like_9942,2608,post_3677
like_9943,2071,post_3677
like_9944,2302,post_3677
like_9945,2289,post_3677
like_9946,2053,post_3677
like_9947,2394,post_3678
like_9948,2333,post_3678
like_9949,2509,post_3678
like_9950,2053,post_3678
like_9951,2081,post_3678
like_9952,2151,post_3679
like_9953,2133,post_3679
like_9954,2339,post_3680
like_9955,2253,post_3680
like_9956,2464,post_3680
like_9957,1986,post_3680
like_9958,2115,post_3681
like_9959,2602,post_3681
like_9960,2237,post_3681
like_9961,2112,post_3681
like_9962,2150,post_3681
like_9963,2409,post_3682
like_9964,2507,post_3682
like_9965,2088,post_3682
like_9966,2261,post_3682
like_9967,2179,post_3682
like_9968,2064,post_3682
like_9969,1929,post_3683
like_9970,2340,post_3683
like_9971,2212,post_3683
like_9972,2552,post_3683
like_9973,2339,post_3684
like_9974,2370,post_3684
like_9975,2347,post_3684
like_9976,2086,post_3685
like_9977,2190,post_3685
like_9978,2240,post_3685
like_9979,1985,post_3685
like_9980,2253,post_3685
like_9981,2115,post_3685
like_9982,1971,post_3685
like_9983,2381,post_3686
like_9984,2033,post_3686
like_9985,2266,post_3686
like_9986,1979,post_3686
like_9987,2098,post_3686
like_9988,2546,post_3687
like_9989,2124,post_3687
like_9990,2184,post_3687
like_9991,2098,post_3687
like_9992,2363,post_3687
like_9993,2478,post_3687
like_9994,2638,post_3687
like_9995,2244,post_3687
like_9996,1980,post_3688
like_9997,2192,post_3688
like_9998,2246,post_3689
like_9999,2047,post_3689
like_10000,2471,post_3689
like_10001,1945,post_3689
like_10002,2312,post_3690
like_10003,2273,post_3690
like_10004,2421,post_3691
like_10005,1923,post_3692
like_10006,2606,post_3693
like_10007,2409,post_3693
like_10008,2340,post_3693
like_10009,2506,post_3693
like_10010,2210,post_3693
like_10011,2391,post_3694
like_10012,2504,post_3694
like_10013,2521,post_3694
like_10014,2257,post_3694
like_10015,2356,post_3694
like_10016,2253,post_3694
like_10017,2326,post_3694
like_10018,2359,post_3694
like_10019,2324,post_3694
like_10020,2309,post_3694
like_10021,2354,post_3695
like_10022,2059,post_3695
like_10023,2433,post_3695
like_10024,2037,post_3695
like_10025,2553,post_3696
like_10026,2324,post_3696
like_10027,2590,post_3696
like_10028,2549,post_3696
like_10029,2606,post_3696
like_10030,2467,post_3696
like_10031,2200,post_3696
like_10032,2426,post_3697
like_10033,2040,post_3698
like_10034,2530,post_3698
like_10035,2610,post_3699
like_10036,2325,post_3699
like_10037,2525,post_3699
like_10038,2176,post_3700
like_10039,2174,post_3700
like_10040,2031,post_3700
like_10041,2098,post_3701
like_10042,2323,post_3701
like_10043,2551,post_3702
like_10044,2560,post_3702
like_10045,2395,post_3702
like_10046,2414,post_3702
like_10047,2610,post_3703
like_10048,2566,post_3703
like_10049,2186,post_3704
like_10050,1926,post_3704
like_10051,2232,post_3704
like_10052,2289,post_3704
like_10053,1923,post_3705
like_10054,2404,post_3706
like_10055,2611,post_3706
like_10056,2347,post_3706
like_10057,2539,post_3706
like_10058,2395,post_3706
like_10059,2083,post_3707
like_10060,2625,post_3707
like_10061,2549,post_3707
like_10062,2590,post_3708
like_10063,2206,post_3708
like_10064,2040,post_3708
like_10065,2123,post_3708
like_10066,2030,post_3708
like_10067,2631,post_3709
like_10068,2237,post_3709
like_10069,2140,post_3709
like_10070,2363,post_3709
like_10071,2370,post_3709
like_10072,2561,post_3709
like_10073,2030,post_3709
like_10074,2484,post_3710
like_10075,2005,post_3710
like_10076,2630,post_3710
like_10077,2602,post_3711
like_10078,2074,post_3711
like_10079,2560,post_3711
like_10080,2095,post_3712
like_10081,2468,post_3713
like_10082,2090,post_3713
like_10083,2404,post_3713
like_10084,1977,post_3714
like_10085,1959,post_3715
like_10086,2445,post_3716
like_10087,2057,post_3717
like_10088,1959,post_3717
like_10089,2385,post_3717
like_10090,2047,post_3717
like_10091,2271,post_3718
like_10092,2218,post_3718
like_10093,2184,post_3718
like_10094,2063,post_3718
like_10095,2625,post_3718
like_10096,2638,post_3719
like_10097,2188,post_3720
like_10098,2244,post_3720
like_10099,2150,post_3720
like_10100,2439,post_3721
like_10101,2375,post_3721
like_10102,2100,post_3721
like_10103,2618,post_3721
like_10104,2504,post_3722
like_10105,2489,post_3722
like_10106,2088,post_3722
like_10107,2352,post_3722
like_10108,2090,post_3722
like_10109,1985,post_3722
like_10110,2056,post_3722
like_10111,2625,post_3722
like_10112,2376,post_3723
like_10113,2395,post_3723
like_10114,2121,post_3723
like_10115,1943,post_3723
like_10116,2414,post_3723
like_10117,2037,post_3723
like_10118,2521,post_3723
like_10119,2433,post_3723
like_10120,2115,post_3723
like_10121,2387,post_3724
like_10122,2391,post_3724
like_10123,2190,post_3724
like_10124,2506,post_3724
like_10125,2083,post_3724
like_10126,1963,post_3724
like_10127,2408,post_3724
like_10128,2290,post_3724
like_10129,2395,post_3725
like_10130,2376,post_3725
like_10131,1943,post_3725
like_10132,2121,post_3725
like_10133,2369,post_3725
like_10134,2329,post_3725
like_10135,2214,post_3726
like_10136,2613,post_3727
like_10137,2574,post_3727
like_10138,2188,post_3727
like_10139,2370,post_3727
like_10140,2604,post_3727
like_10141,2468,post_3727
like_10142,2324,post_3727
like_10143,2563,post_3728
like_10144,1962,post_3728
like_10145,2210,post_3728
like_10146,2063,post_3728
like_10147,1993,post_3728
like_10148,1993,post_3729
like_10149,2005,post_3729
like_10150,2489,post_3729
like_10151,2356,post_3730
like_10152,2064,post_3730
like_10153,2276,post_3730
like_10154,2098,post_3730
like_10155,2386,post_3730
like_10156,2043,post_3731
like_10157,2370,post_3731
like_10158,2179,post_3731
like_10159,2563,post_3731
like_10160,2619,post_3731
like_10161,2287,post_3731
like_10162,2328,post_3732
like_10163,2111,post_3732
like_10164,2161,post_3733
like_10165,2111,post_3734
like_10166,2390,post_3734
like_10167,2568,post_3734
like_10168,2643,post_3735
like_10169,2032,post_3735
like_10170,2125,post_3735
like_10171,1718,post_3735
like_10172,2032,post_3736
like_10173,1955,post_3737
like_10174,2259,post_3737
like_10175,2367,post_3737
like_10176,2111,post_3737
like_10177,2189,post_3737
like_10178,2007,post_3737
like_10179,2511,post_3737
like_10180,2458,post_3738
like_10181,2649,post_3738
like_10182,2543,post_3738
like_10183,2273,post_3739
like_10184,2081,post_3739
like_10185,2461,post_3739
like_10186,2289,post_3739
like_10187,2502,post_3740
like_10188,2516,post_3740
like_10189,2643,post_3740
like_10190,2163,post_3740
like_10191,1940,post_3740
like_10192,1972,post_3741
like_10193,1957,post_3742
like_10194,1972,post_3742
like_10195,2639,post_3742
like_10196,2002,post_3743
like_10197,2610,post_3743
like_10198,2002,post_3744
like_10199,2142,post_3744
like_10200,2493,post_3744
like_10201,2053,post_3744
like_10202,2434,post_3744
like_10203,2371,post_3745
like_10204,2540,post_3746
like_10205,2448,post_3746
like_10206,2082,post_3746
like_10207,2316,post_3746
like_10208,2402,post_3747
like_10209,2316,post_3747
like_10210,2488,post_3747
like_10211,2005,post_3748
like_10212,2386,post_3748
like_10213,2237,post_3748
like_10214,2046,post_3748
like_10215,2646,post_3748
like_10216,1984,post_3749
like_10217,2433,post_3749
like_10218,2073,post_3749
like_10219,2084,post_3749
like_10220,2112,post_3750
like_10221,2550,post_3750
like_10222,2307,post_3750
like_10223,2045,post_3750
like_10224,2331,post_3750
like_10225,2064,post_3750
like_10226,2575,post_3751
like_10227,2244,post_3751
like_10228,2586,post_3751
like_10229,1984,post_3751
like_10230,2619,post_3751
like_10231,2433,post_3751
like_10232,2354,post_3751
like_10233,2043,post_3751
like_10234,2283,post_3752
like_10235,2023,post_3753
like_10236,2440,post_3753
like_10237,2474,post_3754
like_10238,2598,post_3755
like_10239,1945,post_3755
like_10240,2289,post_3756
like_10241,2348,post_3757
like_10242,2276,post_3757
like_10243,2090,post_3757
like_10244,1979,post_3757
like_10245,1938,post_3757
like_10246,2404,post_3757
like_10247,2624,post_3757
like_10248,2624,post_3758
like_10249,2140,post_3758
like_10250,2374,post_3758
like_10251,2339,post_3758
like_10252,2489,post_3758
like_10253,2179,post_3759
like_10254,2123,post_3759
like_10255,2115,post_3759
like_10256,1997,post_3759
like_10257,2615,post_3760
like_10258,2334,post_3760
like_10259,2409,post_3760
like_10260,2625,post_3760
like_10261,2590,post_3760
like_10262,2429,post_3760
like_10263,2311,post_3761
like_10264,2274,post_3762
like_10265,2537,post_3763
like_10266,2451,post_3763
like_10267,2598,post_3763
like_10268,2053,post_3764
like_10269,2327,post_3764
like_10270,2304,post_3764
like_10271,2126,post_3765
like_10272,2523,post_3765
like_10273,2580,post_3765
like_10274,2371,post_3766
like_10275,2103,post_3767
like_10276,2462,post_3767
like_10277,2489,post_3767
like_10278,2559,post_3767
like_10279,2446,post_3767
like_10280,2348,post_3767
like_10281,2334,post_3767
like_10282,2615,post_3768
like_10283,2020,post_3768
like_10284,2623,post_3768
like_10285,2395,post_3768
like_10286,2526,post_3768
like_10287,2326,post_3768
like_10288,2340,post_3768
like_10289,2212,post_3769
like_10290,2206,post_3769
like_10291,2360,post_3770
like_10292,2455,post_3770
like_10293,2361,post_3770
like_10294,1941,post_3771
like_10295,2002,post_3772
like_10296,2352,post_3773
like_10297,2489,post_3773
like_10298,2306,post_3773
like_10299,2077,post_3773
like_10300,2462,post_3773
like_10301,2078,post_3773
like_10302,2607,post_3773
like_10303,2433,post_3773
like_10304,2212,post_3774
like_10305,2551,post_3774
like_10306,2090,post_3775
like_10307,2409,post_3775
like_10308,2139,post_3775
like_10309,2069,post_3775
like_10310,1966,post_3775
like_10311,1941,post_3775
like_10312,2253,post_3776
like_10313,2059,post_3776
like_10314,2131,post_3776
like_10315,2206,post_3776
like_10316,2150,post_3776
like_10317,2309,post_3776
like_10318,2542,post_3776
like_10319,2306,post_3776
like_10320,2077,post_3776
like_10321,2174,post_3777
like_10322,2151,post_3777
like_10323,2512,post_3778
like_10324,2328,post_3778
like_10325,2347,post_3778
like_10326,2149,post_3779
like_10327,2384,post_3779
like_10328,2419,post_3779
like_10329,2642,post_3780
like_10330,1964,post_3780
like_10331,2362,post_3780
like_10332,2313,post_3780
like_10333,2125,post_3781
like_10334,2161,post_3782
like_10335,2199,post_3782
like_10336,2387,post_3782
like_10337,2392,post_3783
like_10338,2172,post_3783
like_10339,1989,post_3783
like_10340,2575,post_3784
like_10341,1984,post_3784
like_10342,2586,post_3784
like_10343,2348,post_3784
like_10344,2165,post_3785
like_10345,2121,post_3785
like_10346,2257,post_3785
like_10347,2586,post_3785
like_10348,2098,post_3785
like_10349,2122,post_3785
like_10350,2460,post_3785
like_10351,2554,post_3785
like_10352,2586,post_3786
like_10353,2433,post_3786
like_10354,2575,post_3786
like_10355,2073,post_3786
like_10356,2410,post_3786
like_10357,2591,post_3786
like_10358,2464,post_3787
like_10359,2489,post_3787
like_10360,2543,post_3787
like_10361,2063,post_3787
like_10362,2271,post_3787
like_10363,2535,post_3788
like_10364,2487,post_3788
like_10365,2102,post_3789
like_10366,2475,post_3789
like_10367,2127,post_3789
like_10368,2196,post_3789
like_10369,2555,post_3790
like_10370,2582,post_3791
like_10371,2087,post_3791
like_10372,2052,post_3792
like_10373,2283,post_3792
like_10374,2333,post_3792
like_10375,2151,post_3793
like_10376,2461,post_3794
like_10377,1975,post_3795
like_10378,2152,post_3795
like_10379,2314,post_3795
like_10380,2169,post_3796
like_10381,2250,post_3796
like_10382,2567,post_3797
like_10383,2598,post_3797
like_10384,2582,post_3797
like_10385,2153,post_3797
like_10386,1465,post_3797
like_10387,2543,post_3797
like_10388,2319,post_3797
like_10389,2512,post_3797
like_10390,2533,post_3797
like_10391,2616,post_3798
like_10392,2498,post_3799
like_10393,2372,post_3799
like_10394,2616,post_3800
like_10395,2302,post_3800
like_10396,1915,post_3801
like_10397,2173,post_3801
like_10398,2282,post_3802
like_10399,2469,post_3803
like_10400,2468,post_3803
like_10401,2030,post_3803
like_10402,2122,post_3803
like_10403,2624,post_3803
like_10404,1963,post_3803
like_10405,2625,post_3803
like_10406,2410,post_3803
like_10407,2395,post_3804
like_10408,2188,post_3804
like_10409,2370,post_3804
like_10410,1962,post_3804
like_10411,2086,post_3804
like_10412,2240,post_3805
like_10413,2237,post_3805
like_10414,2095,post_3805
like_10415,2556,post_3806
like_10416,2563,post_3806
like_10417,2233,post_3806
like_10418,2199,post_3807
like_10419,1945,post_3807
like_10420,2471,post_3807
like_10421,2491,post_3808
like_10422,2466,post_3809
like_10423,2076,post_3809
like_10424,2207,post_3809
like_10425,2291,post_3810
like_10426,2078,post_3811
like_10427,2090,post_3811
like_10428,2078,post_3812
like_10429,2112,post_3812
like_10430,2462,post_3812
like_10431,2142,post_3812
like_10432,2290,post_3812
like_10433,2074,post_3812
like_10434,2347,post_3812
like_10435,2369,post_3813
like_10436,2237,post_3813
like_10437,2307,post_3813
like_10438,2624,post_3813
like_10439,2423,post_3814
like_10440,2489,post_3814
like_10441,2623,post_3814
like_10442,2601,post_3814
like_10443,2188,post_3815
like_10444,2398,post_3816
like_10445,2379,post_3816
like_10446,2473,post_3817
like_10447,2372,post_3817
like_10448,2114,post_3818
like_10449,2107,post_3818
like_10450,2218,post_3819
like_10451,1946,post_3819
like_10452,2123,post_3819
like_10453,2551,post_3819
like_10454,2150,post_3820
like_10455,2485,post_3820
like_10456,2326,post_3820
like_10457,2122,post_3820
like_10458,2005,post_3820
like_10459,2409,post_3820
like_10460,2109,post_3821
like_10461,2300,post_3821
like_10462,2521,post_3821
like_10463,2115,post_3822
like_10464,2131,post_3822
like_10465,1917,post_3822
like_10466,2324,post_3822
like_10467,2290,post_3822
like_10468,2078,post_3822
like_10469,2147,post_3823
like_10470,2227,post_3824
like_10471,2558,post_3824
like_10472,2280,post_3825
like_10473,2472,post_3826
like_10474,1940,post_3826
like_10475,2597,post_3826
like_10476,2588,post_3826
like_10477,1977,post_3827
like_10478,2256,post_3827
like_10479,1964,post_3827
like_10480,2543,post_3828
like_10481,2468,post_3828
like_10482,2142,post_3828
like_10483,1985,post_3828
like_10484,2484,post_3828
like_10485,2243,post_3829
like_10486,2142,post_3829
like_10487,2542,post_3829
like_10488,2336,post_3829
like_10489,2307,post_3829
like_10490,2454,post_3829
like_10491,2520,post_3830
like_10492,2334,post_3830
like_10493,2086,post_3830
like_10494,2056,post_3830
like_10495,2363,post_3830
like_10496,2559,post_3830
like_10497,2573,post_3830
like_10498,2154,post_3830
like_10499,2165,post_3830
like_10500,2427,post_3830
like_10501,1985,post_3831
like_10502,2179,post_3831
like_10503,2293,post_3832
like_10504,1577,post_3832
like_10505,2007,post_3833
like_10506,2018,post_3834
like_10507,2447,post_3834
like_10508,1976,post_3834
like_10509,2571,post_3834
like_10510,2491,post_3835
like_10511,2149,post_3835
like_10512,1465,post_3835
like_10513,2292,post_3835
like_10514,2598,post_3835
like_10515,2133,post_3835
like_10516,2640,post_3835
like_10517,2336,post_3836
like_10518,2215,post_3836
like_10519,2141,post_3838
like_10520,2374,post_3839
like_10521,2469,post_3839
like_10522,2579,post_3839
like_10523,2553,post_3839
like_10524,2229,post_3839
like_10525,2574,post_3839
like_10526,2482,post_3839
like_10527,2308,post_3839
like_10528,2060,post_3839
like_10529,2005,post_3840
like_10530,2276,post_3840
like_10531,2184,post_3840
like_10532,2500,post_3840
like_10533,2139,post_3841
like_10534,2573,post_3841
like_10535,2278,post_3841
like_10536,2020,post_3841
like_10537,2376,post_3841
like_10538,2370,post_3841
like_10539,2073,post_3841
like_10540,2604,post_3841
like_10541,1971,post_3842
like_10542,2340,post_3842
like_10543,2046,post_3842
like_10544,2210,post_3842
like_10545,2469,post_3842
like_10546,2414,post_3842
like_10547,2369,post_3842
like_10548,2540,post_3843
like_10549,2047,post_3844
like_10550,2151,post_3845
like_10551,2054,post_3845
like_10552,2102,post_3845
like_10553,2399,post_3845
like_10554,2603,post_3846
like_10555,2611,post_3847
like_10556,2564,post_3847
like_10557,2212,post_3848
like_10558,2045,post_3848
like_10559,2201,post_3848
like_10560,2083,post_3849
like_10561,2165,post_3849
like_10562,1966,post_3849
like_10563,2229,post_3849
like_10564,2307,post_3849
like_10565,1983,post_3849
like_10566,2359,post_3850
like_10567,2064,post_3850
like_10568,2005,post_3850
like_10569,2206,post_3850
like_10570,2326,post_3850
like_10571,2200,post_3850
like_10572,2240,post_3851
like_10573,2564,post_3851
like_10574,2109,post_3851
like_10575,2324,post_3851
like_10576,2045,post_3851
like_10577,2348,post_3851
like_10578,2266,post_3851
like_10579,2142,post_3852
like_10580,2484,post_3852
like_10581,2492,post_3852
like_10582,2059,post_3853
like_10583,1971,post_3853
like_10584,2563,post_3853
like_10585,1984,post_3853
like_10586,2073,post_3854
like_10587,2374,post_3854
like_10588,2411,post_3855
like_10589,2559,post_3856
like_10590,2506,post_3856
like_10591,2154,post_3856
like_10592,2374,post_3856
like_10593,2629,post_3857
like_10594,2544,post_3857
like_10595,2128,post_3857
like_10596,2539,post_3857
like_10597,1987,post_3857
like_10598,2306,post_3858
like_10599,2629,post_3859
like_10600,2414,post_3859
like_10601,2133,post_3860
like_10602,2148,post_3860
like_10603,136,post_3861
like_10604,2174,post_3862
like_10605,2394,post_3862
like_10606,2102,post_3862
like_10607,2148,post_3862
like_10608,1920,post_3862
like_10609,2125,post_3862
like_10610,2072,post_3863
like_10611,2054,post_3863
like_10612,2333,post_3863
like_10613,2327,post_3863
like_10614,2132,post_3863
like_10615,2438,post_3863
like_10616,2199,post_3864
like_10617,2294,post_3864
like_10618,2394,post_3864
like_10619,2224,post_3864
like_10620,2438,post_3864
like_10621,2333,post_3865
like_10622,2054,post_3865
like_10623,2094,post_3866
like_10624,2235,post_3867
like_10625,2054,post_3867
like_10626,2509,post_3867
like_10627,2368,post_3867
like_10628,2419,post_3868
like_10629,2010,post_3868
like_10630,2582,post_3868
like_10631,2246,post_3868
like_10632,2328,post_3869
like_10633,2603,post_3869
like_10634,2609,post_3869
like_10635,2372,post_3870
like_10636,2328,post_3870
like_10637,1577,post_3870
like_10638,2377,post_3870
like_10639,2081,post_3870
like_10640,2153,post_3870
like_10641,2138,post_3870
like_10642,2241,post_3870
like_10643,2432,post_3870
like_10644,1947,post_3870
like_10645,2609,post_3870
like_10646,1981,post_3871
like_10647,2390,post_3871
like_10648,2252,post_3871
like_10649,2110,post_3871
like_10650,2582,post_3871
like_10651,2183,post_3872
like_10652,2336,post_3872
like_10653,2042,post_3872
like_10654,1465,post_3872
like_10655,2398,post_3872
like_10656,2344,post_3873
like_10657,2458,post_3873
like_10658,2273,post_3873
like_10659,2047,post_3873
like_10660,2071,post_3874
like_10661,2138,post_3874
like_10662,2343,post_3874
like_10663,2592,post_3875
like_10664,2268,post_3875
like_10665,2135,post_3875
like_10666,2028,post_3875
like_10667,2582,post_3875
like_10668,2585,post_3876
like_10669,2648,post_3876
like_10670,2494,post_3877
like_10671,1995,post_3877
like_10672,2001,post_3877
like_10673,2537,post_3878
like_10674,2547,post_3878
like_10675,2543,post_3879
like_10676,2247,post_3879
like_10677,2294,post_3879
like_10678,2254,post_3879
like_10679,2537,post_3880
like_10680,2608,post_3880
like_10681,2461,post_3880
like_10682,2102,post_3880
like_10683,2534,post_3881
like_10684,2440,post_3882
like_10685,2601,post_3883
like_10686,2386,post_3883
like_10687,2326,post_3883
like_10688,2324,post_3884
like_10689,1971,post_3884
like_10690,2150,post_3884
like_10691,2593,post_3884
like_10692,2410,post_3884
like_10693,2446,post_3885
like_10694,2391,post_3886
like_10695,2294,post_3887
like_10696,2463,post_3887
like_10697,2347,post_3887
like_10698,2491,post_3887
like_10699,2328,post_3888
like_10700,2292,post_3888
like_10701,2272,post_3889
like_10702,2209,post_3889
like_10703,1964,post_3889
like_10704,2296,post_3889
like_10705,2214,post_3889
like_10706,2319,post_3889
like_10707,2149,post_3890
like_10708,2333,post_3890
like_10709,2655,post_3891
like_10710,2395,post_3891
like_10711,2237,post_3891
like_10712,2606,post_3891
like_10713,2556,post_3891
like_10714,2154,post_3891
like_10715,2376,post_3891
like_10716,2352,post_3892
like_10717,2306,post_3892
like_10718,2083,post_3892
like_10719,2276,post_3892
like_10720,1966,post_3893
like_10721,2433,post_3893
like_10722,2078,post_3893
like_10723,2306,post_3894
like_10724,2030,post_3894
like_10725,2418,post_3894
like_10726,2500,post_3894
like_10727,2654,post_3894
like_10728,2381,post_3894
like_10729,2356,post_3894
like_10730,2140,post_3894
like_10731,2485,post_3894
like_10732,2607,post_3894
like_10733,2464,post_3895
like_10734,2154,post_3895
like_10735,2352,post_3895
like_10736,2549,post_3895
like_10737,2036,post_3896
like_10738,2143,post_3897
like_10739,2149,post_3898
like_10740,1465,post_3898
like_10741,1577,post_3898
like_10742,2268,post_3898
like_10743,2343,post_3898
like_10744,2643,post_3898
like_10745,2598,post_3899
like_10746,1939,post_3899
like_10747,2267,post_3900
like_10748,2543,post_3901
like_10749,2652,post_3902
like_10750,2501,post_3902
like_10751,1939,post_3902
like_10752,2537,post_3902
like_10753,2028,post_3902
like_10754,2475,post_3902
like_10755,2169,post_3903
like_10756,2151,post_3903
like_10757,2419,post_3903
like_10758,2053,post_3903
like_10759,2128,post_3903
like_10760,2111,post_3904
like_10761,2252,post_3904
like_10762,2169,post_3905
like_10763,2502,post_3905
like_10764,2582,post_3905
like_10765,2502,post_3906
like_10766,2582,post_3906
like_10767,2519,post_3906
like_10768,2125,post_3906
like_10769,2434,post_3906
like_10770,2209,post_3907
like_10771,2322,post_3907
like_10772,2581,post_3908
like_10773,2367,post_3908
like_10774,2174,post_3908
like_10775,2232,post_3908
like_10776,2627,post_3909
like_10777,2009,post_3909
like_10778,2325,post_3910
like_10779,1577,post_3910
like_10780,2418,post_3911
like_10781,2549,post_3911
like_10782,2212,post_3911
like_10783,2300,post_3912
like_10784,2615,post_3912
like_10785,2352,post_3912
like_10786,2353,post_3912
like_10787,2607,post_3913
like_10788,2586,post_3913
like_10789,2084,post_3913
like_10790,2359,post_3913
like_10791,2477,post_3913
like_10792,2430,post_3913
like_10793,2477,post_3914
like_10794,1946,post_3914
like_10795,2290,post_3914
like_10796,1984,post_3914
like_10797,2109,post_3915
like_10798,2139,post_3915
like_10799,2460,post_3916
like_10800,2469,post_3916
like_10801,2376,post_3917
like_10802,2499,post_3917
like_10803,2326,post_3917
like_10804,2069,post_3917
like_10805,2601,post_3918
like_10806,2556,post_3918
like_10807,2561,post_3918
like_10808,1961,post_3919
like_10809,2544,post_3920
like_10810,2224,post_3920
like_10811,2250,post_3921
like_10812,2347,post_3921
like_10813,2135,post_3921
like_10814,1941,post_3921
like_10815,2471,post_3921
like_10816,2292,post_3922
like_10817,2047,post_3922
like_10818,2102,post_3923
like_10819,2339,post_3924
like_10820,2092,post_3924
like_10821,2118,post_3924
like_10822,2476,post_3924
like_10823,2199,post_3925
like_10824,2537,post_3925
like_10825,2246,post_3926
like_10826,2057,post_3927
like_10827,2237,post_3928
like_10828,2164,post_3928
like_10829,2520,post_3928
like_10830,2108,post_3928
like_10831,2604,post_3928
like_10832,2063,post_3929
like_10833,2546,post_3929
like_10834,2507,post_3930
like_10835,1993,post_3930
like_10836,2624,post_3930
like_10837,1946,post_3931
like_10838,2020,post_3931
like_10839,2266,post_3932
like_10840,2324,post_3932
like_10841,2090,post_3932
like_10842,2356,post_3933
like_10843,2271,post_3933
like_10844,2121,post_3934
like_10845,2607,post_3934
like_10846,2275,post_3934
like_10847,2257,post_3934
like_10848,2500,post_3934
like_10849,2464,post_3934
like_10850,2200,post_3934
like_10851,2124,post_3934
like_10852,2275,post_3935
like_10853,2237,post_3935
like_10854,2615,post_3935
like_10855,2201,post_3935
like_10856,2266,post_3935
like_10857,2630,post_3935
like_10858,2095,post_3935
like_10859,2154,post_3935
like_10860,2542,post_3935
like_10861,1997,post_3935
like_10862,2139,post_3935
like_10863,2578,post_3935
like_10864,2586,post_3935
like_10865,2532,post_3936
like_10866,2526,post_3936
like_10867,2655,post_3936
like_10868,2564,post_3937
like_10869,2489,post_3937
like_10870,2064,post_3937
like_10871,2381,post_3937
like_10872,2179,post_3937
like_10873,2275,post_3937
like_10874,2040,post_3938
like_10875,2354,post_3939
like_10876,2046,post_3939
like_10877,2369,post_3939
like_10878,2433,post_3939
like_10879,2604,post_3939
like_10880,2363,post_3939
like_10881,2218,post_3940
like_10882,2601,post_3940
like_10883,2553,post_3941
like_10884,2549,post_3941
like_10885,2604,post_3941
like_10886,2354,post_3941
like_10887,2356,post_3942
like_10888,2414,post_3942
like_10889,2189,post_3942
like_10890,2078,post_3942
like_10891,2318,post_3943
like_10892,2117,post_3943
like_10893,2287,post_3944
like_10894,2276,post_3944
like_10895,2326,post_3944
like_10896,2625,post_3944
like_10897,2446,post_3944
like_10898,2040,post_3945
like_10899,2095,post_3945
like_10900,2172,post_3945
like_10901,2188,post_3946
like_10902,2489,post_3946
like_10903,2462,post_3946
like_10904,2355,post_3947
like_10905,2197,post_3948
like_10906,2232,post_3948
like_10907,2317,post_3949
like_10908,1926,post_3949
like_10909,1964,post_3949
like_10910,2342,post_3949
like_10911,2614,post_3949
like_10912,2263,post_3949
like_10913,2049,post_3950
like_10914,2543,post_3951
like_10915,2451,post_3951
like_10916,2384,post_3952
like_10917,2338,post_3952
like_10918,2567,post_3952
like_10919,2053,post_3952
like_10920,1577,post_3952
like_10921,2072,post_3953
like_10922,2231,post_3954
like_10923,2228,post_3954
like_10924,1964,post_3955
like_10925,2419,post_3956
like_10926,2325,post_3956
like_10927,2211,post_3956
like_10928,1916,post_3956
like_10929,2127,post_3957
like_10930,2328,post_3957
like_10931,2250,post_3958
like_10932,2400,post_3958
like_10933,2355,post_3958
like_10934,2203,post_3958
like_10935,2134,post_3958
like_10936,1939,post_3958
like_10937,2598,post_3959
like_10938,2420,post_3959
like_10939,2038,post_3959
like_10940,2149,post_3959
like_10941,2052,post_3959
like_10942,2289,post_3959
like_10943,1988,post_3960
like_10944,2034,post_3961
like_10945,2289,post_3962
like_10946,2557,post_3963
like_10947,2638,post_3964
like_10948,2115,post_3964
like_10949,2574,post_3964
like_10950,2381,post_3964
like_10951,2046,post_3964
like_10952,2206,post_3964
like_10953,2520,post_3965
like_10954,2348,post_3965
like_10955,2539,post_3965
like_10956,2500,post_3965
like_10957,2154,post_3965
like_10958,2543,post_3965
like_10959,2300,post_3965
like_10960,2429,post_3965
like_10961,1953,post_3966
like_10962,2550,post_3966
like_10963,2118,post_3966
like_10964,2233,post_3966
like_10965,2150,post_3967
like_10966,2220,post_3967
like_10967,2553,post_3967
like_10968,2433,post_3967
like_10969,1925,post_3967
like_10970,2536,post_3967
like_10971,2326,post_3968
like_10972,2495,post_3968
like_10973,2287,post_3968
like_10974,2462,post_3968
like_10975,2410,post_3968
like_10976,2216,post_3968
like_10977,2593,post_3968
like_10978,2638,post_3968
like_10979,2602,post_3969
like_10980,2210,post_3969
like_10981,2353,post_3969
like_10982,2376,post_3969
like_10983,2233,post_3969
like_10984,2655,post_3969
like_10985,2539,post_3970
like_10986,2354,post_3970
like_10987,2090,post_3970
like_10988,2624,post_3970
like_10989,2395,post_3971
like_10990,2240,post_3971
like_10991,2539,post_3971
like_10992,2090,post_3971
like_10993,2257,post_3971
like_10994,2543,post_3971
like_10995,2318,post_3972
like_10996,2153,post_3972
like_10997,1926,post_3973
like_10998,2452,post_3973
like_10999,2525,post_3973
like_11000,2425,post_3973
like_11001,2154,post_3974
like_11002,2574,post_3974
like_11003,2240,post_3974
like_11004,2210,post_3974
like_11005,2464,post_3974
like_11006,2140,post_3975
like_11007,2363,post_3975
like_11008,2073,post_3975
like_11009,1979,post_3975
like_11010,2275,post_3976
like_11011,2201,post_3976
like_11012,2046,post_3976
like_11013,2271,post_3976
like_11014,2369,post_3976
like_11015,2352,post_3976
like_11016,2409,post_3976
like_11017,2386,post_3976
like_11018,2356,post_3977
like_11019,2201,post_3977
like_11020,2069,post_3977
like_11021,2210,post_3977
like_11022,1929,post_3977
like_11023,2655,post_3977
like_11024,2306,post_3977
like_11025,2511,post_3978
like_11026,2491,post_3978
like_11027,2062,post_3979
like_11028,2282,post_3979
like_11029,2396,post_3979
like_11030,2390,post_3979
like_11031,2161,post_3979
like_11032,2479,post_3980
like_11033,2111,post_3980
like_11034,2458,post_3980
like_11035,2161,post_3980
like_11036,1465,post_3980
like_11037,2125,post_3981
like_11038,2243,post_3981
like_11039,2642,post_3981
like_11040,2062,post_3981
like_11041,2283,post_3981
like_11042,2582,post_3981
like_11043,2396,post_3981
like_11044,2081,post_3982
like_11045,2511,post_3982
like_11046,1970,post_3982
like_11047,2252,post_3982
like_11048,2338,post_3982
like_11049,2007,post_3983
like_11050,2377,post_3983
like_11051,2592,post_3983
like_11052,1945,post_3983
like_11053,2071,post_3983
like_11054,2338,post_3983
like_11055,2191,post_3983
like_11056,2351,post_3983
like_11057,2289,post_3984
like_11058,2344,post_3984
like_11059,2501,post_3984
like_11060,2398,post_3984
like_11061,2198,post_3984
like_11062,2254,post_3984
like_11063,2148,post_3984
like_11064,2551,post_3985
like_11065,2206,post_3985
like_11066,2172,post_3985
like_11067,2240,post_3985
like_11068,2109,post_3986
like_11069,2354,post_3986
like_11070,1962,post_3986
like_11071,2115,post_3986
like_11072,2563,post_3986
like_11073,2574,post_3987
like_11074,2020,post_3987
like_11075,2055,post_3987
like_11076,1971,post_3987
like_11077,2127,post_3988
like_11078,2319,post_3988
like_11079,2384,post_3988
like_11080,2616,post_3988
like_11081,2254,post_3989
like_11082,2315,post_3989
like_11083,2068,post_3989
like_11084,1955,post_3989
like_11085,2220,post_3990
like_11086,2059,post_3990
like_11087,2131,post_3990
like_11088,1989,post_3990
like_11089,2543,post_3990
like_11090,2655,post_3990
like_11091,2573,post_3990
like_11092,2190,post_3991
like_11093,2093,post_3991
like_11094,2308,post_3991
like_11095,1997,post_3991
like_11096,2334,post_3991
like_11097,2602,post_3991
like_11098,2591,post_3991
like_11099,2078,post_3992
like_11100,2077,post_3992
like_11101,1917,post_3992
like_11102,2043,post_3992
like_11103,2550,post_3992
like_11104,2046,post_3993
like_11105,2348,post_3993
like_11106,2183,post_3994
like_11107,2047,post_3994
like_11108,2543,post_3994
like_11109,2598,post_3994
like_11110,2042,post_3995
like_11111,2555,post_3996
like_11112,2347,post_3996
like_11113,2643,post_3996
like_11114,2438,post_3997
like_11115,2235,post_3997
like_11116,2003,post_3997
like_11117,2243,post_3997
like_11118,2328,post_3997
like_11119,2498,post_3997
like_11120,2062,post_3997
like_11121,2224,post_3998
like_11122,2264,post_3998
like_11123,2377,post_3999
like_11124,2132,post_3999
like_11125,2603,post_3999
like_11126,2252,post_3999
like_11127,1955,post_4000
like_11128,2438,post_4000
like_11129,2336,post_4000
like_11130,2280,post_4000
like_11131,2279,post_4000
like_11132,1932,post_4000
like_11133,2095,post_4001
like_11134,2234,post_4001
like_11135,2485,post_4002
like_11136,2347,post_4002
like_11137,2539,post_4002
like_11138,2348,post_4003
like_11139,2556,post_4003
like_11140,2271,post_4003
like_11141,2464,post_4003
like_11142,2058,post_4003
like_11143,2238,post_4004
like_11144,2332,post_4005
like_11145,2328,post_4005
like_11146,2042,post_4005
like_11147,2243,post_4005
like_11148,2501,post_4005
like_11149,2125,post_4005
like_11150,1959,post_4005
like_11151,2224,post_4005
like_11152,2420,post_4006
like_11153,2582,post_4006
like_11154,2332,post_4007
like_11155,2232,post_4007
like_11156,2463,post_4007
like_11157,1718,post_4008
like_11158,2328,post_4008
like_11159,2419,post_4008
like_11160,1577,post_4008
like_11161,2319,post_4008
like_11162,1995,post_4009
like_11163,1973,post_4009
like_11164,2297,post_4010
like_11165,2583,post_4010
like_11166,2087,post_4011
like_11167,1994,post_4011
like_11168,2649,post_4011
like_11169,2153,post_4011
like_11170,2351,post_4011
like_11171,2458,post_4011
like_11172,2191,post_4012
like_11173,2597,post_4013
like_11174,2111,post_4013
like_11175,2356,post_4014
like_11176,1997,post_4014
like_11177,2428,post_4014
like_11178,2460,post_4014
like_11179,2482,post_4014
like_11180,2150,post_4014
like_11181,2069,post_4015
like_11182,1925,post_4015
like_11183,2190,post_4015
like_11184,2363,post_4015
like_11185,2261,post_4015
like_11186,2300,post_4015
like_11187,2623,post_4015
like_11188,2063,post_4016
like_11189,2275,post_4016
like_11190,2485,post_4016
like_11191,2504,post_4016
like_11192,2359,post_4016
like_11193,2561,post_4016
like_11194,2212,post_4016
like_11195,2654,post_4016
like_11196,2482,post_4016
like_11197,2433,post_4016
like_11198,1963,post_4017
like_11199,1929,post_4017
like_11200,2266,post_4017
like_11201,2550,post_4017
like_11202,2154,post_4017
like_11203,2276,post_4017
like_11204,2408,post_4017
like_11205,2549,post_4018
like_11206,2409,post_4018
like_11207,1917,post_4018
like_11208,1953,post_4018
like_11209,2556,post_4018
like_11210,2554,post_4018
like_11211,2078,post_4019
like_11212,2601,post_4019
like_11213,2352,post_4019
like_11214,2543,post_4019
like_11215,2591,post_4020
like_11216,2306,post_4020
like_11217,2607,post_4020
like_11218,2564,post_4020
like_11219,2623,post_4020
like_11220,1925,post_4020
like_11221,2095,post_4021
like_11222,2109,post_4021
like_11223,2659,post_4022
like_11224,2260,post_4022
like_11225,2197,post_4023
like_11226,2051,post_4024
like_11227,2463,post_4025
like_11228,2032,post_4025
like_11229,2169,post_4025
like_11230,2010,post_4025
like_11231,2133,post_4025
like_11232,2461,post_4026
like_11233,1945,post_4026
like_11234,2054,post_4026
like_11235,2254,post_4026
like_11236,2111,post_4027
like_11237,2468,post_4027
like_11238,2163,post_4027
like_11239,2003,post_4028
like_11240,2509,post_4028
like_11241,2235,post_4028
like_11242,2328,post_4028
like_11243,2468,post_4029
like_11244,2328,post_4029
like_11245,2347,post_4029
like_11246,2432,post_4029
like_11247,2110,post_4029
like_11248,2102,post_4029
like_11249,2161,post_4029
like_11250,2047,post_4030
like_11251,2241,post_4030
like_11252,1947,post_4030
like_11253,2468,post_4030
like_11254,2328,post_4030
like_11255,2394,post_4030
like_11256,2288,post_4031
like_11257,2047,post_4032
like_11258,2491,post_4032
like_11259,2620,post_4033
like_11260,2389,post_4033
like_11261,2027,post_4034
like_11262,2104,post_4035
like_11263,2630,post_4035
like_11264,2460,post_4035
like_11265,2423,post_4035
like_11266,2054,post_4035
like_11267,2247,post_4036
like_11268,2332,post_4036
like_11269,2134,post_4036
like_11270,2125,post_4036
like_11271,2491,post_4036
like_11272,2078,post_4037
like_11273,2561,post_4037
like_11274,2244,post_4037
like_11275,2122,post_4037
like_11276,2646,post_4037
like_11277,2088,post_4037
like_11278,2550,post_4037
like_11279,2485,post_4037
like_11280,2259,post_4038
like_11281,2598,post_4038
like_11282,2591,post_4038
like_11283,2506,post_4039
like_11284,2115,post_4039
like_11285,2083,post_4040
like_11286,2352,post_4040
like_11287,2573,post_4041
like_11288,2506,post_4041
like_11289,2059,post_4041
like_11290,2139,post_4042
like_11291,2266,post_4042
like_11292,2098,post_4043
like_11293,1943,post_4043
like_11294,2650,post_4044
like_11295,2515,post_4044
like_11296,2262,post_4045
like_11297,2010,post_4046
like_11298,2332,post_4046
like_11299,2189,post_4046
like_11300,2471,post_4046
like_11301,2463,post_4046
like_11302,2543,post_4046
like_11303,2475,post_4046
like_11304,2134,post_4046
like_11305,2087,post_4047
like_11306,2498,post_4047
like_11307,2127,post_4047
like_11308,2111,post_4048
like_11309,2510,post_4048
like_11310,2150,post_4049
like_11311,2233,post_4049
like_11312,2121,post_4049
like_11313,2218,post_4049
like_11314,2506,post_4050
like_11315,2602,post_4050
like_11316,2098,post_4050
like_11317,2485,post_4050
like_11318,2539,post_4050
like_11319,2359,post_4051
like_11320,2290,post_4051
like_11321,2005,post_4051
like_11322,2532,post_4052
like_11323,2542,post_4052
like_11324,2229,post_4052
like_11325,2550,post_4052
like_11326,1943,post_4053
like_11327,2142,post_4053
like_11328,2118,post_4053
like_11329,2561,post_4053
like_11330,2172,post_4053
like_11331,2150,post_4053
like_11332,2601,post_4053
like_11333,2554,post_4053
like_11334,2615,post_4054
like_11335,2625,post_4054
like_11336,1946,post_4054
like_11337,2561,post_4055
like_11338,2261,post_4055
like_11339,2084,post_4055
like_11340,2586,post_4056
like_11341,2619,post_4056
like_11342,2462,post_4056
like_11343,2407,post_4056
like_11344,2386,post_4056
like_11345,2043,post_4057
like_11346,1917,post_4057
like_11347,2278,post_4057
like_11348,2257,post_4057
like_11349,2460,post_4057
like_11350,2607,post_4057
like_11351,2184,post_4058
like_11352,2485,post_4058
like_11353,2352,post_4058
like_11354,2339,post_4058
like_11355,2347,post_4058
like_11356,1918,post_4058
like_11357,2311,post_4058
like_11358,2271,post_4058
like_11359,2477,post_4058
like_11360,2276,post_4058
like_11361,1962,post_4059
like_11362,2084,post_4059
like_11363,2507,post_4059
like_11364,2142,post_4059
like_11365,2115,post_4060
like_11366,2030,post_4060
like_11367,2229,post_4060
like_11368,2108,post_4060
like_11369,2408,post_4060
like_11370,1913,post_4061
like_11371,2400,post_4062
like_11372,2529,post_4062
like_11373,2206,post_4063
like_11374,2611,post_4063
like_11375,2500,post_4064
like_11376,2414,post_4064
like_11377,2046,post_4064
like_11378,2324,post_4064
like_11379,2123,post_4064
like_11380,2573,post_4064
like_11381,2348,post_4064
like_11382,1938,post_4064
like_11383,2323,post_4065
like_11384,2408,post_4065
like_11385,2654,post_4065
like_11386,2033,post_4066
like_11387,1989,post_4066
like_11388,2131,post_4066
like_11389,2353,post_4066
like_11390,2348,post_4066
like_11391,2123,post_4066
like_11392,2564,post_4066
like_11393,2139,post_4067
like_11394,2423,post_4067
like_11395,2339,post_4067
like_11396,1971,post_4067
like_11397,2646,post_4067
like_11398,2561,post_4067
like_11399,2030,post_4067
like_11400,2290,post_4067
like_11401,2152,post_4068
like_11402,2099,post_4069
like_11403,2230,post_4069
like_11404,2411,post_4069
like_11405,2507,post_4070
like_11406,2059,post_4070
like_11407,2261,post_4070
like_11408,2073,post_4070
like_11409,2278,post_4070
like_11410,1983,post_4071
like_11411,2430,post_4071
like_11412,2077,post_4071
like_11413,2233,post_4071
like_11414,2275,post_4071
like_11415,2591,post_4072
like_11416,2238,post_4073
like_11417,2313,post_4074
like_11418,2523,post_4075
like_11419,2416,post_4076
like_11420,2046,post_4077
like_11421,2433,post_4077
like_11422,2469,post_4077
like_11423,2131,post_4077
like_11424,2460,post_4077
like_11425,2495,post_4078
like_11426,2095,post_4078
like_11427,2578,post_4078
like_11428,2354,post_4079
like_11429,2063,post_4079
like_11430,2549,post_4080
like_11431,2121,post_4080
like_11432,2646,post_4080
like_11433,2109,post_4080
like_11434,2447,post_4081
like_11435,2001,post_4082
like_11436,1919,post_4083
like_11437,1957,post_4084
like_11438,1980,post_4084
like_11439,2000,post_4084
like_11440,1957,post_4085
like_11441,1958,post_4085
like_11442,2583,post_4085
like_11443,2047,post_4086
like_11444,2133,post_4087
like_11445,1718,post_4088
like_11446,2155,post_4088
like_11447,2582,post_4088
like_11448,2283,post_4088
like_11449,2279,post_4089
like_11450,2143,post_4089
like_11451,2485,post_4090
like_11452,2040,post_4090
like_11453,2278,post_4090
like_11454,2046,post_4091
like_11455,2059,post_4091
like_11456,2108,post_4091
like_11457,2347,post_4091
like_11458,2526,post_4092
like_11459,2532,post_4092
like_11460,2069,post_4092
like_11461,2059,post_4093
like_11462,2046,post_4093
like_11463,2108,post_4093
like_11464,2040,post_4093
like_11465,2190,post_4093
like_11466,2078,post_4093
like_11467,2624,post_4094
like_11468,2374,post_4094
like_11469,2576,post_4094
like_11470,2201,post_4094
like_11471,2142,post_4095
like_11472,1983,post_4096
like_11473,2409,post_4096
like_11474,2646,post_4096
like_11475,2560,post_4096
like_11476,2300,post_4096
like_11477,2266,post_4096
like_11478,2549,post_4096
like_11479,2352,post_4097
like_11480,2103,post_4097
like_11481,2340,post_4097
like_11482,2464,post_4097
like_11483,2549,post_4097
like_11484,2090,post_4097
like_11485,2037,post_4097
like_11486,2467,post_4097
like_11487,2090,post_4098
like_11488,2611,post_4098
like_11489,2088,post_4098
like_11490,2139,post_4098
like_11491,2601,post_4098
like_11492,2140,post_4099
like_11493,2308,post_4099
like_11494,2556,post_4099
like_11495,2063,post_4099
like_11496,2131,post_4099
like_11497,2402,post_4100
like_11498,2053,post_4101
like_11499,2148,post_4101
like_11500,2463,post_4101
like_11501,2319,post_4102
like_11502,2292,post_4102
like_11503,2597,post_4103
like_11504,2174,post_4103
like_11505,2199,post_4103
like_11506,2134,post_4103
like_11507,2038,post_4103
like_11508,2277,post_4104
like_11509,2290,post_4105
like_11510,2590,post_4105
like_11511,2369,post_4105
like_11512,2257,post_4106
like_11513,2124,post_4106
like_11514,2244,post_4106
like_11515,2623,post_4106
like_11516,2005,post_4106
like_11517,2308,post_4106
like_11518,2409,post_4107
like_11519,2184,post_4107
like_11520,2136,post_4107
like_11521,2233,post_4108
like_11522,2654,post_4108
like_11523,2124,post_4108
like_11524,2271,post_4108
like_11525,2218,post_4108
like_11526,1929,post_4108
like_11527,2240,post_4108
like_11528,2553,post_4109
like_11529,2477,post_4109
like_11530,2340,post_4109
like_11531,2526,post_4109
like_11532,2354,post_4109
like_11533,2217,post_4110
like_11534,2548,post_4110
like_11535,2558,post_4110
like_11536,2112,post_4111
like_11537,2064,post_4111
like_11538,2504,post_4111
like_11539,2340,post_4111
like_11540,2104,post_4112
like_11541,2469,post_4112
like_11542,1979,post_4112
like_11543,2131,post_4112
like_11544,2381,post_4112
like_11545,2395,post_4113
like_11546,2542,post_4113
like_11547,2220,post_4114
like_11548,2646,post_4114
like_11549,2290,post_4114
like_11550,1946,post_4114
like_11551,1979,post_4114
like_11552,2200,post_4114
like_11553,2617,post_4115
like_11554,1970,post_4115
like_11555,2169,post_4115
like_11556,2292,post_4116
like_11557,2116,post_4117
like_11558,2268,post_4117
like_11559,1995,post_4117
like_11560,1927,post_4117
like_11561,1951,post_4118
like_11562,2647,post_4118
like_11563,2367,post_4119
like_11564,2336,post_4119
like_11565,2612,post_4120
like_11566,2448,post_4121
like_11567,2313,post_4121
like_11568,1997,post_4122
like_11569,2290,post_4122
like_11570,2352,post_4122
like_11571,1983,post_4122
like_11572,2354,post_4122
like_11573,2559,post_4122
like_11574,2520,post_4122
like_11575,2064,post_4122
like_11576,2290,post_4123
like_11577,2604,post_4123
like_11578,2030,post_4123
like_11579,2339,post_4124
like_11580,2563,post_4124
like_11581,2630,post_4124
like_11582,2407,post_4124
like_11583,2446,post_4124
like_11584,2309,post_4124
like_11585,2323,post_4124
like_11586,2551,post_4125
like_11587,2602,post_4125
like_11588,2131,post_4125
like_11589,2339,post_4125
like_11590,2266,post_4125
like_11591,2118,post_4125
like_11592,1925,post_4125
like_11593,2492,post_4125
like_11594,2573,post_4125
like_11595,2418,post_4125
like_11596,2546,post_4125
like_11597,1938,post_4125
like_11598,2026,post_4125
like_11599,2521,post_4125
like_11600,2430,post_4125
like_11601,2374,post_4126
like_11602,2446,post_4126
like_11603,2190,post_4126
like_11604,2201,post_4126
like_11605,2352,post_4126
like_11606,2020,post_4126
like_11607,2323,post_4126
like_11608,2456,post_4127
like_11609,2428,post_4128
like_11610,2112,post_4128
like_11611,2482,post_4128
like_11612,2062,post_4129
like_11613,2199,post_4129
like_11614,1932,post_4129
like_11615,2087,post_4130
like_11616,2351,post_4130
like_11617,2372,post_4131
like_11618,2319,post_4131
like_11619,1913,post_4131
like_11620,2531,post_4131
like_11621,1976,post_4131
like_11622,2054,post_4132
like_11623,2111,post_4132
like_11624,2415,post_4132
like_11625,2274,post_4132
like_11626,2491,post_4132
like_11627,2038,post_4132
like_11628,2215,post_4133
like_11629,2215,post_4134
like_11630,2057,post_4134
like_11631,1987,post_4134
like_11632,1959,post_4134
like_11633,2572,post_4134
like_11634,2354,post_4135
like_11635,2638,post_4135
like_11636,2408,post_4136
like_11637,2504,post_4136
like_11638,1946,post_4136
like_11639,2150,post_4137
like_11640,2504,post_4137
like_11641,2560,post_4137
like_11642,2131,post_4137
like_11643,2218,post_4137
like_11644,2190,post_4137
like_11645,2611,post_4138
like_11646,2069,post_4138
like_11647,2084,post_4138
like_11648,2092,post_4139
like_11649,2347,post_4139
like_11650,2262,post_4139
like_11651,2069,post_4139
like_11652,2313,post_4140
like_11653,2355,post_4141
like_11654,2531,post_4142
like_11655,2101,post_4143
like_11656,2434,post_4143
like_11657,2501,post_4144
like_11658,1962,post_4145
like_11659,2376,post_4145
like_11660,2331,post_4145
like_11661,2033,post_4146
like_11662,2266,post_4146
like_11663,2172,post_4146
like_11664,2288,post_4146
like_11665,2262,post_4147
like_11666,2154,post_4147
like_11667,2240,post_4148
like_11668,2611,post_4148
like_11669,2374,post_4148
like_11670,2121,post_4148
like_11671,2308,post_4149
like_11672,2646,post_4149
like_11673,2395,post_4149
like_11674,2323,post_4149
like_11675,2037,post_4150
like_11676,2084,post_4150
like_11677,2404,post_4150
like_11678,2537,post_4151
like_11679,2390,post_4151
like_11680,1981,post_4151
like_11681,2319,post_4151
like_11682,2304,post_4152
like_11683,2072,post_4152
like_11684,2280,post_4152
like_11685,1943,post_4153
like_11686,2046,post_4153
like_11687,2507,post_4153
like_11688,2573,post_4153
like_11689,2154,post_4153
like_11690,2526,post_4153
like_11691,2121,post_4153
like_11692,2218,post_4154
like_11693,1943,post_4154
like_11694,2376,post_4154
like_11695,2121,post_4154
like_11696,2462,post_4154
like_11697,2560,post_4155
like_11698,2020,post_4155
like_11699,2521,post_4155
like_11700,2363,post_4155
like_11701,2083,post_4155
like_11702,2040,post_4155
like_11703,2184,post_4155
like_11704,2218,post_4156
like_11705,1943,post_4156
like_11706,2121,post_4156
like_11707,2376,post_4156
like_11708,2655,post_4156
like_11709,2271,post_4156
like_11710,2404,post_4156
like_11711,2601,post_4157
like_11712,2309,post_4157
like_11713,2348,post_4157
like_11714,2280,post_4158
like_11715,2594,post_4158
like_11716,2110,post_4159
like_11717,2072,post_4159
like_11718,2111,post_4159
like_11719,2497,post_4160
like_11720,2129,post_4160
like_11721,1988,post_4161
like_11722,2259,post_4161
like_11723,2399,post_4161
like_11724,2285,post_4161
like_11725,2133,post_4162
like_11726,2629,post_4162
like_11727,1988,post_4163
like_11728,2401,post_4163
like_11729,2259,post_4163
like_11730,2336,post_4163
like_11731,2594,post_4164
like_11732,2279,post_4164
like_11733,2598,post_4164
like_11734,2347,post_4164
like_11735,2054,post_4164
like_11736,2642,post_4164
like_11737,2223,post_4164
like_11738,1939,post_4165
like_11739,2555,post_4165
like_11740,2170,post_4166
like_11741,1913,post_4167
like_11742,2529,post_4167
like_11743,2203,post_4167
like_11744,2515,post_4168
like_11745,2129,post_4169
like_11746,2082,post_4169
like_11747,2448,post_4169
like_11748,2035,post_4169
like_11749,2503,post_4170
like_11750,2045,post_4171
like_11751,2606,post_4171
like_11752,2030,post_4171
like_11753,2410,post_4171
like_11754,2460,post_4171
like_11755,2339,post_4172
like_11756,1918,post_4172
like_11757,2276,post_4172
like_11758,1983,post_4173
like_11759,2326,post_4173
like_11760,2093,post_4173
like_11761,2122,post_4173
like_11762,2387,post_4173
like_11763,2492,post_4173
like_11764,2350,post_4174
like_11765,2083,post_4174
like_11766,2112,post_4174
like_11767,2563,post_4174
like_11768,2300,post_4174
like_11769,2526,post_4175
like_11770,2206,post_4175
like_11771,2136,post_4175
like_11772,2477,post_4175
like_11773,2037,post_4175
like_11774,2412,post_4176
like_11775,1964,post_4177
like_11776,1923,post_4178
like_11777,2610,post_4178
like_11778,2211,post_4178
like_11779,1926,post_4178
like_11780,2104,post_4179
like_11781,1971,post_4179
like_11782,1917,post_4179
like_11783,2354,post_4179
like_11784,2593,post_4180
like_11785,2542,post_4180
like_11786,2363,post_4180
like_11787,2229,post_4181
like_11788,1938,post_4181
like_11789,2347,post_4181
like_11790,2276,post_4181
like_11791,2064,post_4181
like_11792,2037,post_4181
like_11793,2244,post_4182
like_11794,2136,post_4182
like_11795,2276,post_4182
like_11796,2370,post_4182
like_11797,1938,post_4182
like_11798,2059,post_4183
like_11799,2464,post_4183
like_11800,2326,post_4184
like_11801,2276,post_4184
like_11802,2550,post_4185
like_11803,2579,post_4185
like_11804,2521,post_4185
like_11805,2090,post_4185
like_11806,2334,post_4185
like_11807,2485,post_4185
like_11808,2363,post_4185
like_11809,2212,post_4185
like_11810,2124,post_4185
like_11811,2088,post_4186
like_11812,2485,post_4186
like_11813,2600,post_4186
like_11814,2615,post_4186
like_11815,2625,post_4187
like_11816,2550,post_4187
like_11817,1953,post_4187
like_11818,2410,post_4187
like_11819,2233,post_4187
like_11820,2323,post_4188
like_11821,1918,post_4188
like_11822,2543,post_4188
like_11823,2206,post_4188
like_11824,2482,post_4188
like_11825,2504,post_4188
like_11826,2429,post_4188
like_11827,2579,post_4188
like_11828,2084,post_4189
like_11829,2290,post_4189
like_11830,2287,post_4190
like_11831,2063,post_4190
like_11832,2611,post_4191
like_11833,2476,post_4191
like_11834,2536,post_4191
like_11835,2489,post_4191
like_11836,2084,post_4191
like_11837,2290,post_4191
like_11838,2408,post_4192
like_11839,2536,post_4192
like_11840,2590,post_4192
like_11841,2253,post_4192
like_11842,2489,post_4192
like_11843,2549,post_4192
like_11844,2213,post_4192
like_11845,2331,post_4192
like_11846,2309,post_4193
like_11847,2056,post_4193
like_11848,2112,post_4193
like_11849,2549,post_4193
like_11850,2150,post_4193
like_11851,2020,post_4193
like_11852,1984,post_4193
like_11853,2550,post_4193
like_11854,2591,post_4193
like_11855,2173,post_4194
like_11856,1975,post_4194
like_11857,2317,post_4194
like_11858,2158,post_4194
like_11859,1937,post_4195
like_11860,2260,post_4195
like_11861,2587,post_4195
like_11862,2107,post_4195
like_11863,2008,post_4196
like_11864,2126,post_4196
like_11865,2129,post_4196
like_11866,1913,post_4197
like_11867,2188,post_4198
like_11868,2559,post_4198
like_11869,2578,post_4198
like_11870,2347,post_4198
like_11871,1983,post_4199
like_11872,2433,post_4199
like_11873,2655,post_4199
like_11874,2404,post_4199
like_11875,2229,post_4199
like_11876,2046,post_4199
like_11877,2122,post_4200
like_11878,2220,post_4200
like_11879,2460,post_4200
like_11880,2549,post_4200
like_11881,2064,post_4200
like_11882,1993,post_4201
like_11883,2501,post_4202
like_11884,2333,post_4202
like_11885,1970,post_4202
like_11886,1970,post_4203
like_11887,2432,post_4203
like_11888,2419,post_4204
like_11889,1577,post_4205
like_11890,136,post_4206
like_11891,2649,post_4206
like_11892,2327,post_4206
like_11893,2372,post_4206
like_11894,2646,post_4207
like_11895,2299,post_4207
like_11896,2386,post_4208
like_11897,1986,post_4208
like_11898,2414,post_4208
like_11899,2172,post_4208
like_11900,2086,post_4208
like_11901,2115,post_4209
like_11902,2059,post_4209
like_11903,2462,post_4209
like_11904,2200,post_4209
like_11905,2318,post_4210
like_11906,2610,post_4211
like_11907,2254,post_4211
like_11908,2461,post_4211
like_11909,1923,post_4211
like_11910,2475,post_4211
like_11911,2416,post_4212
like_11912,2209,post_4212
like_11913,2325,post_4212
like_11914,2273,post_4212
like_11915,2543,post_4213
like_11916,2053,post_4213
like_11917,2351,post_4213
like_11918,2336,post_4213
like_11919,2328,post_4213
like_11920,2511,post_4214
like_11921,2437,post_4215
like_11922,2441,post_4216
like_11923,1971,post_4217
like_11924,2154,post_4217
like_11925,1986,post_4218
like_11926,2124,post_4218
like_11927,2374,post_4218
like_11928,2220,post_4218
like_11929,2395,post_4219
like_11930,2578,post_4220
like_11931,2532,post_4220
like_11932,2088,post_4220
like_11933,2587,post_4221
like_11934,2107,post_4221
like_11935,2525,post_4222
like_11936,2526,post_4223
like_11937,2218,post_4224
like_11938,2429,post_4224
like_11939,1941,post_4225
like_11940,2307,post_4225
like_11941,2229,post_4225
like_11942,2216,post_4225
like_11943,2240,post_4225
like_11944,2386,post_4225
like_11945,2542,post_4225
like_11946,2392,post_4226
like_11947,2573,post_4226
like_11948,2103,post_4226
like_11949,2504,post_4226
like_11950,1971,post_4226
like_11951,2109,post_4226
like_11952,1997,post_4226
like_11953,2306,post_4226
like_11954,1963,post_4226
like_11955,2359,post_4227
like_11956,2348,post_4228
like_11957,2059,post_4228
like_11958,2212,post_4228
like_11959,2468,post_4229
like_11960,2410,post_4229
like_11961,2655,post_4229
like_11962,2309,post_4229
like_11963,1946,post_4229
like_11964,2093,post_4230
like_11965,2308,post_4231
like_11966,2507,post_4232
like_11967,2624,post_4233
like_11968,2095,post_4233
like_11969,2433,post_4234
like_11970,2218,post_4234
like_11971,2206,post_4234
like_11972,2108,post_4234
like_11973,2324,post_4235
like_11974,2150,post_4235
like_11975,2646,post_4235
like_11976,1925,post_4235
like_11977,2045,post_4235
like_11978,1938,post_4235
like_11979,2558,post_4236
like_11980,2333,post_4237
like_11981,2486,post_4237
like_11982,2396,post_4238
like_11983,2081,post_4238
like_11984,2352,post_4239
like_11985,2414,post_4239
like_11986,2611,post_4239
like_11987,2542,post_4239
like_11988,2550,post_4239
like_11989,2229,post_4240
like_11990,2619,post_4240
like_11991,2206,post_4240
like_11992,1946,post_4241
like_11993,2005,post_4241
like_11994,2003,post_4242
like_11995,2390,post_4242
like_11996,2247,post_4242
like_11997,2384,post_4243
like_11998,2337,post_4244
like_11999,2128,post_4245
like_12000,2319,post_4245
like_12001,2250,post_4246
like_12002,2034,post_4247
like_12003,2421,post_4247
like_12004,2222,post_4248
like_12005,2283,post_4248
like_12006,2643,post_4249
like_12007,2458,post_4250
like_12008,2399,post_4250
like_12009,2328,post_4250
like_12010,2548,post_4251
like_12011,2618,post_4252
like_12012,2644,post_4252
like_12013,2091,post_4253
like_12014,2644,post_4253
like_12015,2422,post_4254
like_12016,2499,post_4255
like_12017,2037,post_4255
like_12018,2584,post_4256
like_12019,2142,post_4256
like_12020,2019,post_4256
like_12021,2527,post_4256
like_12022,1988,post_4257
like_12023,1987,post_4258
like_12024,2215,post_4258
like_12025,2567,post_4258
like_12026,2598,post_4259
like_12027,2046,post_4260
like_12028,2218,post_4260
like_12029,2123,post_4260
like_12030,2542,post_4260
like_12031,1953,post_4261
like_12032,2090,post_4261
like_12033,2359,post_4262
like_12034,2060,post_4262
like_12035,2550,post_4262
like_12036,2376,post_4262
like_12037,2020,post_4263
like_12038,1983,post_4263
like_12039,2140,post_4263
like_12040,2122,post_4263
like_12041,1946,post_4263
like_12042,2359,post_4264
like_12043,2210,post_4264
like_12044,1976,post_4265
like_12045,2016,post_4265
like_12046,2171,post_4265
like_12047,2371,post_4266
like_12048,1986,post_4267
like_12049,2051,post_4268
like_12050,2282,post_4269
like_12051,2592,post_4269
like_12052,2071,post_4270
like_12053,2183,post_4270
like_12054,2032,post_4270
like_12055,2319,post_4270
like_12056,2434,post_4271
like_12057,2144,post_4271
like_12058,1944,post_4272
like_12059,2182,post_4272
like_12060,2505,post_4273
like_12061,1974,post_4273
like_12062,2036,post_4273
like_12063,2449,post_4274
like_12064,2232,post_4275
like_12065,2382,post_4276
like_12066,2042,post_4278
like_12067,2161,post_4279
like_12068,2189,post_4279
like_12069,2284,post_4280
like_12070,2447,post_4280
like_12071,1921,post_4280
like_12072,136,post_4280
like_12073,2171,post_4281
like_12074,2009,post_4281
like_12075,2492,post_4282
like_12076,1946,post_4282
like_12077,2363,post_4282
like_12078,2593,post_4282
like_12079,2395,post_4282
like_12080,2220,post_4282
like_12081,2500,post_4282
like_12082,2615,post_4283
like_12083,2037,post_4283
like_12084,2495,post_4283
like_12085,2575,post_4283
like_12086,2428,post_4283
like_12087,1953,post_4284
like_12088,2077,post_4284
like_12089,2271,post_4285
like_12090,2370,post_4285
like_12091,2582,post_4286
like_12092,2273,post_4286
like_12093,2246,post_4286
like_12094,2434,post_4287
like_12095,2543,post_4287
like_12096,2283,post_4288
like_12097,2304,post_4288
like_12098,2394,post_4288
like_12099,2414,post_4289
like_12100,2408,post_4289
like_12101,2095,post_4289
like_12102,2098,post_4290
like_12103,2109,post_4290
like_12104,2240,post_4291
like_12105,1984,post_4291
like_12106,2611,post_4291
like_12107,2118,post_4291
like_12108,2302,post_4292
like_12109,2436,post_4292
like_12110,2042,post_4292
like_12111,2143,post_4292
like_12112,2111,post_4292
like_12113,2151,post_4293
like_12114,2328,post_4293
like_12115,2649,post_4293
like_12116,2169,post_4293
like_12117,2598,post_4293
like_12118,2302,post_4294
like_12119,2128,post_4294
like_12120,136,post_4294
like_12121,2042,post_4294
like_12122,2436,post_4294
like_12123,1955,post_4294
like_12124,2143,post_4294
like_12125,2032,post_4295
like_12126,2169,post_4295
like_12127,2223,post_4295
like_12128,2187,post_4295
like_12129,2498,post_4295
like_12130,2268,post_4295
like_12131,2194,post_4295
like_12132,2356,post_4296
like_12133,2532,post_4296
like_12134,2150,post_4296
like_12135,2460,post_4296
like_12136,2172,post_4296
like_12137,2482,post_4296
like_12138,2575,post_4296
like_12139,2046,post_4297
like_12140,2095,post_4297
like_12141,2098,post_4297
like_12142,2428,post_4297
like_12143,2188,post_4298
like_12144,2060,post_4299
like_12145,2124,post_4299
like_12146,2278,post_4299
like_12147,1946,post_4300
like_12148,2271,post_4300
like_12149,2030,post_4300
like_12150,2190,post_4300
like_12151,2609,post_4301
like_12152,2598,post_4301
like_12153,2643,post_4301
like_12154,2609,post_4302
like_12155,2144,post_4302
like_12156,2241,post_4302
like_12157,2599,post_4302
like_12158,2598,post_4302
like_12159,2194,post_4302
like_12160,2032,post_4302
like_12161,2598,post_4303
like_12162,2032,post_4303
like_12163,2609,post_4303
like_12164,2144,post_4303
like_12165,2047,post_4303
like_12166,2650,post_4304
like_12167,2349,post_4304
like_12168,2253,post_4305
like_12169,2063,post_4305
like_12170,2229,post_4305
like_12171,2353,post_4305
like_12172,2124,post_4305
like_12173,2058,post_4305
like_12174,2309,post_4305
like_12175,1918,post_4306
like_12176,2469,post_4306
like_12177,2546,post_4307
like_12178,2654,post_4307
like_12179,2410,post_4307
like_12180,2136,post_4307
like_12181,2559,post_4307
like_12182,2344,post_4308
like_12183,2543,post_4308
like_12184,2047,post_4308
like_12185,2266,post_4308
like_12186,1985,post_4308
like_12187,2142,post_4308
like_12188,1966,post_4308
like_12189,1938,post_4308
like_12190,2631,post_4308
like_12191,2345,post_4308
like_12192,2564,post_4309
like_12193,2555,post_4309
like_12194,2078,post_4310
like_12195,2293,post_4310
like_12196,2153,post_4310
like_12197,2344,post_4311
like_12198,2139,post_4311
like_12199,2220,post_4312
like_12200,2124,post_4312
like_12201,2308,post_4312
like_12202,2108,post_4312
like_12203,2201,post_4312
like_12204,1917,post_4312
like_12205,2040,post_4313
like_12206,1993,post_4313
like_12207,2055,post_4314
like_12208,2229,post_4314
like_12209,2200,post_4314
like_12210,2428,post_4314
like_12211,2073,post_4314
like_12212,1966,post_4314
like_12213,2451,post_4316
like_12214,1577,post_4316
like_12215,2203,post_4316
like_12216,2333,post_4316
like_12217,2081,post_4316
like_12218,2183,post_4316
like_12219,2343,post_4316
like_12220,2555,post_4316
like_12221,2334,post_4316
like_12222,2007,post_4317
like_12223,2351,post_4317
like_12224,2598,post_4317
like_12225,2102,post_4317
like_12226,2289,post_4318
like_12227,2000,post_4319
like_12228,2001,post_4319
like_12229,2192,post_4319
like_12230,2599,post_4319
like_12231,1941,post_4320
like_12232,2336,post_4320
like_12233,2011,post_4321
like_12234,2009,post_4321
like_12235,2192,post_4321
like_12236,2143,post_4321
like_12237,2022,post_4321
like_12238,2333,post_4321
like_12239,2068,post_4322
like_12240,2289,post_4322
like_12241,1965,post_4323
like_12242,2397,post_4324
like_12243,1965,post_4324
like_12244,2570,post_4324
like_12245,2183,post_4325
like_12246,2102,post_4325
like_12247,2649,post_4325
like_12248,2463,post_4325
like_12249,2246,post_4325
like_12250,1577,post_4326
like_12251,2174,post_4326
like_12252,2611,post_4327
like_12253,2229,post_4327
like_12254,2404,post_4328
like_12255,2504,post_4328
like_12256,2334,post_4328
like_12257,2326,post_4328
like_12258,2083,post_4328
like_12259,2363,post_4329
like_12260,2005,post_4329
like_12261,2575,post_4329
like_12262,2200,post_4329
like_12263,2520,post_4329
like_12264,2446,post_4329
like_12265,2590,post_4329
like_12266,2115,post_4330
like_12267,2334,post_4330
like_12268,2090,post_4330
like_12269,2391,post_4331
like_12270,2073,post_4331
like_12271,2410,post_4332
like_12272,2118,post_4332
like_12273,2083,post_4332
like_12274,1943,post_4332
like_12275,1966,post_4332
like_12276,2124,post_4333
like_12277,2512,post_4333
like_12278,2409,post_4333
like_12279,2222,post_4334
like_12280,2396,post_4334
like_12281,2434,post_4334
like_12282,2652,post_4334
like_12283,2377,post_4334
like_12284,2199,post_4335
like_12285,2377,post_4335
like_12286,2209,post_4336
like_12287,2272,post_4336
like_12288,2176,post_4336
like_12289,2535,post_4337
like_12290,1917,post_4338
like_12291,2046,post_4338
like_12292,2271,post_4338
like_12293,2492,post_4338
like_12294,2131,post_4338
like_12295,2347,post_4338
like_12296,1985,post_4339
like_12297,2484,post_4339
like_12298,2500,post_4339
like_12299,2290,post_4339
like_12300,2308,post_4339
like_12301,2244,post_4339
like_12302,2520,post_4340
like_12303,2233,post_4340
like_12304,2356,post_4340
like_12305,2275,post_4340
like_12306,2543,post_4340
like_12307,1983,post_4340
like_12308,2326,post_4341
like_12309,1946,post_4341
like_12310,2613,post_4341
like_12311,2139,post_4341
like_12312,2489,post_4341
like_12313,2595,post_4342
like_12314,2142,post_4343
like_12315,2546,post_4343
like_12316,2323,post_4343
like_12317,2276,post_4343
like_12318,2309,post_4343
like_12319,2095,post_4344
like_12320,2613,post_4344
like_12321,2077,post_4344
like_12322,1979,post_4344
like_12323,2244,post_4345
like_12324,2446,post_4345
like_12325,2140,post_4345
like_12326,2607,post_4346
like_12327,2492,post_4346
like_12328,2376,post_4347
like_12329,2154,post_4347
like_12330,2179,post_4347
like_12331,2615,post_4347
like_12332,2237,post_4348
like_12333,2206,post_4348
like_12334,2339,post_4348
like_12335,2030,post_4348
like_12336,2347,post_4348
like_12337,2359,post_4348
like_12338,2076,post_4349
like_12339,2207,post_4349
like_12340,2245,post_4350
like_12341,2167,post_4350
like_12342,2371,post_4351
like_12343,2091,post_4351
like_12344,2414,post_4352
like_12345,2482,post_4353
like_12346,2103,post_4353
like_12347,2206,post_4353
like_12348,2104,post_4354
like_12349,2118,post_4354
like_12350,2030,post_4354
like_12351,2257,post_4354
like_12352,2040,post_4354
like_12353,2443,post_4355
like_12354,2622,post_4355
like_12355,2259,post_4355
like_12356,2650,post_4355
like_12357,1577,post_4356
like_12358,1465,post_4356
like_12359,2149,post_4356
like_12360,2128,post_4356
like_12361,2417,post_4356
like_12362,1947,post_4357
like_12363,1954,post_4357
like_12364,2292,post_4358
like_12365,1465,post_4358
like_12366,2268,post_4358
like_12367,1577,post_4358
like_12368,2138,post_4358
like_12369,2206,post_4359
like_12370,2430,post_4359
like_12371,2244,post_4359
like_12372,2331,post_4359
like_12373,2109,post_4360
like_12374,2253,post_4360
like_12375,2278,post_4360
like_12376,2309,post_4360
like_12377,2261,post_4360
like_12378,2414,post_4361
like_12379,2253,post_4361
like_12380,2386,post_4361
like_12381,2495,post_4361
like_12382,2356,post_4361
like_12383,2374,post_4361
like_12384,2561,post_4361
like_12385,2369,post_4362
like_12386,2077,post_4362
like_12387,2370,post_4362
like_12388,2308,post_4362
like_12389,2641,post_4363
like_12390,2419,post_4363
like_12391,2226,post_4363
like_12392,1935,post_4364
like_12393,2165,post_4365
like_12394,2179,post_4365
like_12395,2237,post_4365
like_12396,2299,post_4365
like_12397,2418,post_4365
like_12398,2579,post_4365
like_12399,2348,post_4366
like_12400,2464,post_4366
like_12401,2414,post_4366
like_12402,2352,post_4366
like_12403,2165,post_4366
like_12404,2190,post_4367
like_12405,2020,post_4367
like_12406,1963,post_4367
like_12407,2275,post_4367
like_12408,2611,post_4367
like_12409,2601,post_4367
like_12410,2237,post_4367
like_12411,2131,post_4367
like_12412,2117,post_4368
like_12413,2534,post_4369
like_12414,1954,post_4370
like_12415,2071,post_4370
like_12416,2343,post_4370
like_12417,2475,post_4370
like_12418,2191,post_4370
like_12419,2289,post_4371
like_12420,2026,post_4372
like_12421,2461,post_4372
like_12422,2353,post_4373
like_12423,2069,post_4374
like_12424,2084,post_4374
like_12425,2073,post_4374
like_12426,2532,post_4375
like_12427,2287,post_4375
like_12428,2212,post_4375
like_12429,2468,post_4375
like_12430,2324,post_4375
like_12431,2386,post_4375
like_12432,2218,post_4376
like_12433,2093,post_4377
like_12434,2410,post_4377
like_12435,2103,post_4377
like_12436,2590,post_4378
like_12437,2271,post_4378
like_12438,2354,post_4378
like_12439,2108,post_4378
like_12440,2623,post_4378
like_12441,2243,post_4379
like_12442,2040,post_4379
like_12443,2075,post_4380
like_12444,2161,post_4380
like_12445,2605,post_4381
like_12446,2295,post_4381
like_12447,2629,post_4381
like_12448,2519,post_4382
like_12449,1975,post_4383
like_12450,1936,post_4383
like_12451,2229,post_4384
like_12452,2553,post_4384
like_12453,2526,post_4384
like_12454,2266,post_4385
like_12455,2059,post_4385
like_12456,2623,post_4385
like_12457,2084,post_4385
like_12458,2307,post_4386
like_12459,2363,post_4386
like_12460,1943,post_4386
like_12461,2154,post_4386
like_12462,2131,post_4386
like_12463,2326,post_4386
like_12464,2485,post_4386
like_12465,2200,post_4386
like_12466,2464,post_4387
like_12467,2363,post_4387
like_12468,2339,post_4387
like_12469,2139,post_4387
like_12470,2229,post_4387
like_12471,2220,post_4387
like_12472,2059,post_4387
like_12473,2623,post_4387
like_12474,2615,post_4387
like_12475,2423,post_4388
like_12476,2430,post_4388
like_12477,2407,post_4388
like_12478,1983,post_4388
like_12479,2651,post_4389
like_12480,1974,post_4389
like_12481,2453,post_4389
like_12482,2561,post_4390
like_12483,2137,post_4390
like_12484,2348,post_4390
like_12485,2573,post_4390
like_12486,1997,post_4390
like_12487,2340,post_4391
like_12488,2300,post_4391
like_12489,2631,post_4391
like_12490,2369,post_4391
like_12491,2098,post_4392
like_12492,2561,post_4392
like_12493,2492,post_4392
like_12494,2078,post_4393
like_12495,2464,post_4393
like_12496,2083,post_4393
like_12497,1946,post_4393
like_12498,2090,post_4393
like_12499,1917,post_4393
like_12500,2619,post_4393
like_12501,2428,post_4394
like_12502,2591,post_4394
like_12503,2468,post_4395
like_12504,2381,post_4395
like_12505,2485,post_4395
like_12506,2504,post_4395
like_12507,2630,post_4395
like_12508,2045,post_4395
like_12509,2586,post_4395
like_12510,2020,post_4396
like_12511,2352,post_4396
like_12512,2188,post_4396
like_12513,2374,post_4396
like_12514,2369,post_4397
like_12515,2556,post_4397
like_12516,2104,post_4397
like_12517,2504,post_4397
like_12518,2244,post_4397
like_12519,2081,post_4398
like_12520,2138,post_4398
like_12521,1465,post_4398
like_12522,2458,post_4399
like_12523,2294,post_4400
like_12524,2394,post_4400
like_12525,2432,post_4400
like_12526,1981,post_4400
like_12527,2054,post_4401
like_12528,2344,post_4401
like_12529,2451,post_4401
like_12530,2252,post_4401
like_12531,2053,post_4401
like_12532,2461,post_4401
like_12533,2054,post_4402
like_12534,2054,post_4403
like_12535,2246,post_4403
like_12536,2347,post_4404
like_12537,2468,post_4404
like_12538,2148,post_4405
like_12539,2285,post_4405
like_12540,2246,post_4405
like_12541,2351,post_4405
like_12542,2047,post_4405
like_12543,2390,post_4406
like_12544,2479,post_4406
like_12545,1970,post_4406
like_12546,2221,post_4406
like_12547,2438,post_4407
like_12548,2274,post_4407
like_12549,2032,post_4407
like_12550,2161,post_4407
like_12551,2652,post_4408
like_12552,2110,post_4408
like_12553,2161,post_4408
like_12554,2274,post_4408
like_12555,2198,post_4408
like_12556,2560,post_4409
like_12557,2142,post_4409
like_12558,2434,post_4409
like_12559,2475,post_4409
like_12560,2588,post_4409
like_12561,2007,post_4410
like_12562,2084,post_4410
like_12563,2449,post_4410
like_12564,2273,post_4410
like_12565,2241,post_4411
like_12566,1985,post_4411
like_12567,2250,post_4411
like_12568,2560,post_4412
like_12569,2142,post_4412
like_12570,2169,post_4412
like_12571,2246,post_4412
like_12572,2649,post_4412
like_12573,2426,post_4413
like_12574,2444,post_4413
like_12575,2214,post_4414
like_12576,2517,post_4414
like_12577,2031,post_4414
like_12578,2401,post_4415
like_12579,2148,post_4416
like_12580,1920,post_4416
like_12581,2125,post_4417
like_12582,2295,post_4417
like_12583,2582,post_4417
like_12584,2298,post_4417
like_12585,2519,post_4417
like_12586,2198,post_4417
like_12587,2351,post_4417
like_12588,2514,post_4418
like_12589,2066,post_4418
like_12590,2031,post_4418
like_12591,2133,post_4418
like_12592,1964,post_4418
like_12593,2458,post_4419
like_12594,2239,post_4419
like_12595,2519,post_4419
like_12596,2598,post_4420
like_12597,1577,post_4420
like_12598,2631,post_4421
like_12599,1966,post_4421
like_12600,2020,post_4421
like_12601,1979,post_4421
like_12602,2611,post_4422
like_12603,2112,post_4422
like_12604,2140,post_4422
like_12605,2098,post_4422
like_12606,2468,post_4422
like_12607,2550,post_4422
like_12608,2340,post_4422
like_12609,2275,post_4423
like_12610,2392,post_4423
like_12611,2123,post_4424
like_12612,2140,post_4424
like_12613,2090,post_4424
like_12614,1966,post_4424
like_12615,2340,post_4424
like_12616,1946,post_4425
like_12617,2201,post_4425
like_12618,2482,post_4425
like_12619,2095,post_4425
like_12620,2433,post_4425
like_12621,2059,post_4425
like_12622,2561,post_4425
like_12623,2560,post_4426
like_12624,1962,post_4426
like_12625,2462,post_4426
like_12626,2103,post_4426
like_12627,2410,post_4427
like_12628,2418,post_4427
like_12629,2354,post_4427
like_12630,2601,post_4427
like_12631,2560,post_4428
like_12632,2347,post_4428
like_12633,2237,post_4428
like_12634,2042,post_4429
like_12635,2120,post_4430
like_12636,2231,post_4430
like_12637,2158,post_4430
like_12638,1985,post_4431
like_12639,2611,post_4431
like_12640,2069,post_4431
like_12641,2176,post_4432
like_12642,2603,post_4432
like_12643,2184,post_4433
like_12644,2630,post_4433
like_12645,1962,post_4433
like_12646,2564,post_4434
like_12647,2553,post_4434
like_12648,2462,post_4434
like_12649,2623,post_4434
like_12650,2104,post_4435
like_12651,2556,post_4435
like_12652,2428,post_4435
like_12653,2578,post_4435
like_12654,2077,post_4435
like_12655,1989,post_4435
like_12656,2654,post_4435
like_12657,2021,post_4435
like_12658,2233,post_4435
like_12659,2324,post_4436
like_12660,2499,post_4436
like_12661,2369,post_4437
like_12662,2623,post_4437
like_12663,2370,post_4437
like_12664,2115,post_4437
like_12665,2630,post_4437
like_12666,2483,post_4438
like_12667,2558,post_4439
like_12668,2502,post_4440
like_12669,2215,post_4441
like_12670,2065,post_4441
like_12671,2389,post_4442
like_12672,2575,post_4443
like_12673,2348,post_4443
like_12674,2118,post_4443
like_12675,2172,post_4443
like_12676,2276,post_4443
like_12677,1971,post_4444
like_12678,2229,post_4444
like_12679,2139,post_4444
like_12680,1962,post_4444
like_12681,2201,post_4444
like_12682,2575,post_4444
like_12683,2556,post_4445
like_12684,2575,post_4445
like_12685,2206,post_4445
like_12686,2582,post_4446
like_12687,2420,post_4446
like_12688,2072,post_4446
like_12689,2125,post_4447
like_12690,2332,post_4447
like_12691,2072,post_4447
like_12692,2451,post_4447
like_12693,2227,post_4448
like_12694,2301,post_4449
like_12695,1961,post_4449
like_12696,2281,post_4449
like_12697,2575,post_4450
like_12698,2433,post_4451
like_12699,1971,post_4452
like_12700,2553,post_4452
like_12701,2199,post_4453
like_12702,2081,post_4453
like_12703,2367,post_4453
like_12704,2075,post_4454
like_12705,2101,post_4454
like_12706,2396,post_4454
like_12707,2394,post_4454
like_12708,2367,post_4454
like_12709,1947,post_4454
like_12710,2004,post_4455
like_12711,1951,post_4456
like_12712,2647,post_4456
like_12713,2560,post_4457
like_12714,2340,post_4457
like_12715,2500,post_4457
like_12716,1985,post_4457
like_12717,2266,post_4457
like_12718,2625,post_4458
like_12719,2352,post_4458
like_12720,2408,post_4458
like_12721,2611,post_4459
like_12722,1993,post_4460
like_12723,2526,post_4460
like_12724,2184,post_4460
like_12725,2625,post_4460
like_12726,2216,post_4460
like_12727,2546,post_4460
like_12728,2112,post_4460
like_12729,2118,post_4460
like_12730,2244,post_4460
like_12731,2093,post_4460
like_12732,2611,post_4460
like_12733,2126,post_4461
like_12734,2091,post_4461
like_12735,2342,post_4462
like_12736,2557,post_4462
like_12737,2456,post_4463
like_12738,2142,post_4464
like_12739,2501,post_4464
like_12740,2266,post_4464
like_12741,2062,post_4464
like_12742,1465,post_4464
like_12743,2276,post_4464
like_12744,2551,post_4464
like_12745,2392,post_4465
like_12746,2536,post_4465
like_12747,2484,post_4465
like_12748,2433,post_4465
like_12749,2423,post_4465
like_12750,2464,post_4465
like_12751,2266,post_4466
like_12752,2142,post_4466
like_12753,2501,post_4466
like_12754,1465,post_4466
like_12755,2328,post_4466
like_12756,2062,post_4466
like_12757,1962,post_4466
like_12758,2559,post_4466
like_12759,2574,post_4466
like_12760,2331,post_4466
like_12761,1983,post_4466
like_12762,2579,post_4467
like_12763,2124,post_4467
like_12764,2118,post_4467
like_12765,2047,post_4468
like_12766,1941,post_4468
like_12767,2332,post_4468
like_12768,2183,post_4468
like_12769,2649,post_4468
like_12770,2430,post_4468
like_12771,2331,post_4468
like_12772,2047,post_4469
like_12773,1985,post_4469
like_12774,2134,post_4469
like_12775,1465,post_4469
like_12776,2353,post_4469
like_12777,2140,post_4470
like_12778,2559,post_4470
like_12779,2521,post_4470
like_12780,2392,post_4470
like_12781,1918,post_4470
like_12782,2184,post_4470
like_12783,1925,post_4470
like_12784,2046,post_4470
like_12785,2266,post_4470
like_12786,2038,post_4470
like_12787,1953,post_4470
like_12788,2102,post_4471
like_12789,2533,post_4471
like_12790,2176,post_4471
like_12791,2463,post_4471
like_12792,2005,post_4471
like_12793,2278,post_4472
like_12794,2391,post_4473
like_12795,2056,post_4473
like_12796,2240,post_4474
like_12797,2359,post_4474
like_12798,2539,post_4475
like_12799,2500,post_4475
like_12800,2093,post_4475
like_12801,2370,post_4476
like_12802,2553,post_4476
like_12803,2237,post_4476
like_12804,136,post_4477
like_12805,2294,post_4477
like_12806,2224,post_4477
like_12807,2617,post_4478
like_12808,2268,post_4478
like_12809,2113,post_4479
like_12810,2375,post_4479
like_12811,2217,post_4479
like_12812,2439,post_4479
like_12813,2313,post_4479
like_12814,2450,post_4479
like_12815,2098,post_4480
like_12816,2615,post_4480
like_12817,2507,post_4480
like_12818,2275,post_4480
like_12819,2108,post_4480
like_12820,2340,post_4481
like_12821,2299,post_4481
like_12822,1929,post_4481
like_12823,1918,post_4481
like_12824,2520,post_4481
like_12825,2601,post_4482
like_12826,2485,post_4482
like_12827,2131,post_4482
like_12828,2392,post_4482
like_12829,1979,post_4483
like_12830,2654,post_4483
like_12831,2112,post_4483
like_12832,2188,post_4483
like_12833,2060,post_4483
like_12834,2655,post_4484
like_12835,2370,post_4484
like_12836,1989,post_4484
like_12837,2045,post_4485
like_12838,2625,post_4485
like_12839,2542,post_4485
like_12840,1989,post_4485
like_12841,2506,post_4486
like_12842,2069,post_4486
like_12843,1997,post_4486
like_12844,2376,post_4486
like_12845,2005,post_4486
like_12846,2206,post_4487
like_12847,2507,post_4487
like_12848,2630,post_4487
like_12849,2395,post_4487
like_12850,2625,post_4487
like_12851,2606,post_4488
like_12852,2631,post_4488
like_12853,2201,post_4489
like_12854,2112,post_4489
like_12855,2526,post_4489
like_12856,2446,post_4489
like_12857,2150,post_4490
like_12858,2271,post_4490
like_12859,2074,post_4490
like_12860,1917,post_4490
like_12861,2309,post_4490
like_12862,2410,post_4491
like_12863,2506,post_4491
like_12864,2446,post_4491
like_12865,1966,post_4491
like_12866,1962,post_4491
like_12867,2165,post_4492
like_12868,2602,post_4492
like_12869,2484,post_4492
like_12870,2655,post_4492
like_12871,2561,post_4493
like_12872,2590,post_4493
like_12873,2118,post_4493
like_12874,1966,post_4493
like_12875,2408,post_4493
like_12876,1946,post_4493
like_12877,2654,post_4494
like_12878,2619,post_4494
like_12879,1979,post_4494
like_12880,2430,post_4494
like_12881,2428,post_4494
like_12882,2590,post_4495
like_12883,2077,post_4495
like_12884,2392,post_4495
like_12885,2103,post_4496
like_12886,2619,post_4497
like_12887,1938,post_4497
like_12888,2630,post_4497
like_12889,2188,post_4498
like_12890,2370,post_4498
like_12891,2625,post_4498
like_12892,2556,post_4498
like_12893,2340,post_4499
like_12894,2323,post_4499
like_12895,2484,post_4500
like_12896,2140,post_4500
like_12897,2190,post_4500
like_12898,1718,post_4501
like_12899,2592,post_4501
like_12900,2649,post_4501
like_12901,2183,post_4501
like_12902,2653,post_4501
like_12903,2468,post_4501
like_12904,2052,post_4502
like_12905,2304,post_4502
like_12906,2283,post_4502
like_12907,2099,post_4502
like_12908,2461,post_4502
like_12909,2247,post_4502
like_12910,2143,post_4502
like_12911,2327,post_4502
like_12912,2384,post_4502
like_12913,2053,post_4503
like_12914,1955,post_4503
like_12915,1577,post_4503
like_12916,2372,post_4503
like_12917,2344,post_4503
like_12918,2306,post_4504
like_12919,2593,post_4504
like_12920,1943,post_4504
like_12921,2370,post_4504
like_12922,2347,post_4504
like_12923,2257,post_4505
like_12924,2108,post_4505
like_12925,2386,post_4505
like_12926,2237,post_4505
like_12927,2131,post_4505
like_12928,2492,post_4505
like_12929,2084,post_4506
like_12930,2308,post_4506
like_12931,1938,post_4506
like_12932,2352,post_4506
like_12933,2641,post_4507
like_12934,2322,post_4507
like_12935,2310,post_4508
like_12936,2528,post_4509
like_12937,2614,post_4509
like_12938,2439,post_4509
like_12939,2375,post_4510
like_12940,2621,post_4510
like_12941,2441,post_4510
like_12942,2046,post_4511
like_12943,2446,post_4511
like_12944,2409,post_4511
like_12945,2543,post_4511
like_12946,2630,post_4511
like_12947,2460,post_4511
like_12948,2240,post_4511
like_12949,2165,post_4511
like_12950,2492,post_4511
like_12951,2093,post_4512
like_12952,2088,post_4512
like_12953,2550,post_4512
like_12954,2550,post_4513
like_12955,2326,post_4513
like_12956,2188,post_4513
like_12957,1953,post_4513
like_12958,2410,post_4513
like_12959,2395,post_4514
like_12960,2586,post_4514
like_12961,2093,post_4514
like_12962,2229,post_4514
like_12963,2220,post_4514
like_12964,2210,post_4514
like_12965,1971,post_4514
like_12966,2512,post_4515
like_12967,2142,post_4515
like_12968,1993,post_4515
like_12969,2164,post_4515
like_12970,2276,post_4515
like_12971,2521,post_4516
like_12972,2567,post_4516
like_12973,2086,post_4516
like_12974,2021,post_4516
like_12975,2395,post_4516
like_12976,2655,post_4516
like_12977,2484,post_4517
like_12978,1917,post_4517
like_12979,2646,post_4517
like_12980,2489,post_4517
like_12981,2348,post_4517
like_12982,1997,post_4517
like_12983,2512,post_4518
like_12984,2600,post_4518
like_12985,2348,post_4519
like_12986,2506,post_4519
like_12987,2137,post_4519
like_12988,1993,post_4519
like_12989,2410,post_4520
like_12990,2586,post_4520
like_12991,2104,post_4520
like_12992,2506,post_4521
like_12993,2573,post_4521
like_12994,2137,post_4521
like_12995,2348,post_4521
like_12996,2098,post_4521
like_12997,2237,post_4521
like_12998,2386,post_4521
like_12999,2559,post_4521
like_13000,1938,post_4521
like_13001,1917,post_4522
like_13002,2586,post_4522
like_13003,2354,post_4522
like_13004,2397,post_4523
like_13005,2322,post_4523
like_13006,2357,post_4523
like_13007,1918,post_4524
like_13008,2404,post_4524
like_13009,2073,post_4524
like_13010,2307,post_4524
like_13011,2559,post_4524
like_13012,2045,post_4525
like_13013,2468,post_4525
like_13014,1997,post_4525
like_13015,2542,post_4525
like_13016,2326,post_4526
like_13017,2489,post_4526
like_13018,2574,post_4526
like_13019,2638,post_4526
like_13020,1918,post_4526
like_13021,2630,post_4527
like_13022,2573,post_4527
like_13023,2520,post_4527
like_13024,2275,post_4527
like_13025,2601,post_4528
like_13026,2237,post_4528
like_13027,2369,post_4528
like_13028,2063,post_4528
like_13029,2410,post_4528
like_13030,2190,post_4528
like_13031,2309,post_4528
like_13032,2040,post_4528
like_13033,2300,post_4529
like_13034,2307,post_4529
like_13035,2188,post_4529
like_13036,2213,post_4529
like_13037,2408,post_4530
like_13038,2069,post_4530
like_13039,2275,post_4530
like_13040,2409,post_4530
like_13041,2045,post_4531
like_13042,2521,post_4531
like_13043,2210,post_4531
like_13044,2624,post_4531
like_13045,2131,post_4531
like_13046,2581,post_4532
like_13047,1996,post_4532
like_13048,2367,post_4533
like_13049,2366,post_4533
like_13050,2473,post_4533
like_13051,2523,post_4533
like_13052,2322,post_4534
like_13053,2232,post_4534
like_13054,2366,post_4534
like_13055,2036,post_4534
like_13056,2226,post_4534
like_13057,1977,post_4534
like_13058,2247,post_4535
like_13059,2102,post_4535
like_13060,1577,post_4535
like_13061,2010,post_4535
like_13062,2279,post_4535
like_13063,1959,post_4536
like_13064,2498,post_4536
like_13065,2026,post_4536
like_13066,2153,post_4536
like_13067,2191,post_4536
like_13068,2133,post_4536
like_13069,2176,post_4536
like_13070,2420,post_4537
like_13071,2282,post_4537
like_13072,2279,post_4537
like_13073,2347,post_4537
like_13074,2289,post_4537
like_13075,2133,post_4537
like_13076,2127,post_4537
like_13077,2199,post_4537
like_13078,2274,post_4538
like_13079,2438,post_4538
like_13080,2126,post_4540
like_13081,1998,post_4541
like_13082,2543,post_4542
like_13083,2506,post_4543
like_13084,2307,post_4544
like_13085,2043,post_4544
like_13086,2037,post_4544
like_13087,2140,post_4544
like_13088,1918,post_4544
like_13089,2088,post_4544
like_13090,2172,post_4544
like_13091,2604,post_4544
like_13092,2561,post_4545
like_13093,2348,post_4545
like_13094,2098,post_4545
like_13095,2631,post_4545
like_13096,2354,post_4546
like_13097,2033,post_4546
like_13098,2356,post_4546
like_13099,2348,post_4547
like_13100,2098,post_4547
like_13101,2414,post_4547
like_13102,2607,post_4548
like_13103,2040,post_4548
like_13104,2212,post_4548
like_13105,2499,post_4549
like_13106,2484,post_4549
like_13107,2088,post_4549
like_13108,2240,post_4550
like_13109,2140,post_4550
like_13110,2352,post_4550
like_13111,2078,post_4550
like_13112,2184,post_4550
like_13113,2467,post_4550
like_13114,2646,post_4551
like_13115,2326,post_4551
like_13116,2579,post_4551
like_13117,2229,post_4552
like_13118,2586,post_4552
like_13119,2433,post_4552
like_13120,2271,post_4552
like_13121,2244,post_4553
like_13122,1989,post_4553
like_13123,2229,post_4553
like_13124,2123,post_4553
like_13125,2059,post_4553
like_13126,2353,post_4553
like_13127,2092,post_4554
like_13128,2184,post_4555
like_13129,2404,post_4555
like_13130,2123,post_4555
like_13131,2376,post_4555
like_13132,2630,post_4555
like_13133,2023,post_4556
like_13134,1993,post_4557
like_13135,2521,post_4557
like_13136,2131,post_4557
like_13137,2395,post_4557
like_13138,2124,post_4557
like_13139,2485,post_4558
like_13140,2030,post_4558
like_13141,2370,post_4558
like_13142,2559,post_4559
like_13143,2020,post_4559
like_13144,2363,post_4559
like_13145,2216,post_4559
like_13146,2347,post_4559
like_13147,2220,post_4559
like_13148,2423,post_4560
like_13149,2347,post_4560
like_13150,2188,post_4561
like_13151,2118,post_4561
like_13152,2150,post_4561
like_13153,2340,post_4561
like_13154,2184,post_4561
like_13155,2578,post_4561
like_13156,1971,post_4561
like_13157,2090,post_4561
like_13158,2154,post_4562
like_13159,2556,post_4562
like_13160,2543,post_4562
like_13161,2460,post_4563
like_13162,2630,post_4563
like_13163,2520,post_4563
like_13164,2339,post_4563
like_13165,2047,post_4564
like_13166,2565,post_4565
like_13167,2117,post_4566
like_13168,1948,post_4566
like_13169,2028,post_4566
like_13170,2502,post_4567
like_13171,2516,post_4567
like_13172,2295,post_4567
like_13173,2117,post_4567
like_13174,2543,post_4568
like_13175,2189,post_4568
like_13176,2283,post_4568
like_13177,2555,post_4568
like_13178,1940,post_4568
like_13179,2176,post_4568
like_13180,2024,post_4569
like_13181,1998,post_4569
like_13182,2171,post_4569
like_13183,2459,post_4569
like_13184,2648,post_4569
like_13185,2659,post_4570
like_13186,2067,post_4571
like_13187,2538,post_4572
like_13188,2591,post_4573
like_13189,2115,post_4573
like_13190,2575,post_4574
like_13191,2244,post_4574
like_13192,2229,post_4574
like_13193,1984,post_4574
like_13194,2073,post_4574
like_13195,2619,post_4574
like_13196,2623,post_4574
like_13197,2590,post_4574
like_13198,2550,post_4575
like_13199,2308,post_4575
like_13200,2078,post_4575
like_13201,2433,post_4576
like_13202,2619,post_4576
like_13203,2244,post_4576
like_13204,2184,post_4576
like_13205,2424,post_4577
like_13206,2582,post_4578
like_13207,2510,post_4578
like_13208,1916,post_4578
like_13209,2336,post_4579
like_13210,2133,post_4579
like_13211,2292,post_4579
like_13212,2176,post_4580
like_13213,2031,post_4580
like_13214,2224,post_4581
like_13215,2169,post_4581
like_13216,2283,post_4581
like_13217,2279,post_4581
like_13218,2183,post_4582
like_13219,2127,post_4582
like_13220,2315,post_4582
like_13221,2508,post_4582
like_13222,2555,post_4583
like_13223,2203,post_4583
like_13224,1577,post_4583
like_13225,2007,post_4583
like_13226,2020,post_4584
like_13227,1966,post_4584
like_13228,2216,post_4584
like_13229,2561,post_4584
like_13230,2485,post_4584
like_13231,2064,post_4584
like_13232,2550,post_4585
like_13233,2271,post_4585
like_13234,1966,post_4585
like_13235,2604,post_4585
like_13236,2074,post_4585
like_13237,1983,post_4585
like_13238,2040,post_4585
like_13239,1917,post_4585
like_13240,2329,post_4586
like_13241,2045,post_4587
like_13242,2615,post_4587
like_13243,2046,post_4587
like_13244,2115,post_4587
like_13245,2654,post_4587
like_13246,1966,post_4587
like_13247,2623,post_4588
like_13248,2112,post_4588
like_13249,2574,post_4588
like_13250,2506,post_4588
like_13251,2408,post_4588
like_13252,2554,post_4588
like_13253,2604,post_4588
like_13254,2237,post_4589
like_13255,2593,post_4589
like_13256,2600,post_4589
like_13257,2324,post_4589
like_13258,1985,post_4589
like_13259,2045,post_4589
like_13260,2546,post_4590
like_13261,2307,post_4590
like_13262,2331,post_4590
like_13263,2319,post_4591
like_13264,1920,post_4591
like_13265,2127,post_4591
like_13266,2010,post_4591
like_13267,2283,post_4592
like_13268,2148,post_4592
like_13269,2608,post_4592
like_13270,2187,post_4592
like_13271,2294,post_4593
like_13272,2143,post_4593
like_13273,2463,post_4593
like_13274,2374,post_4594
like_13275,2184,post_4594
like_13276,2430,post_4594
like_13277,2086,post_4594
like_13278,2121,post_4595
like_13279,2190,post_4595
like_13280,2352,post_4595
like_13281,2638,post_4595
like_13282,2154,post_4595
like_13283,2306,post_4595
like_13284,2020,post_4596
like_13285,2521,post_4597
like_13286,2590,post_4597
like_13287,2278,post_4597
like_13288,2268,post_4598
like_13289,2617,post_4598
like_13290,2304,post_4599
like_13291,2527,post_4600
like_13292,2483,post_4600
like_13293,2042,post_4602
like_13294,2592,post_4602
like_13295,2007,post_4602
like_13296,2338,post_4602
like_13297,1577,post_4602
like_13298,2138,post_4603
like_13299,2053,post_4604
like_13300,1465,post_4604
like_13301,2054,post_4604
like_13302,2567,post_4604
like_13303,2332,post_4605
like_13304,2232,post_4605
like_13305,2283,post_4605
like_13306,2081,post_4606
like_13307,2292,post_4606
like_13308,2608,post_4606
like_13309,2555,post_4607
like_13310,2635,post_4607
like_13311,2176,post_4607
like_13312,1945,post_4608
like_13313,2273,post_4608
like_13314,1955,post_4608
like_13315,2465,post_4609
like_13316,2653,post_4609
like_13317,2472,post_4609
like_13318,2083,post_4610
like_13319,2046,post_4610
like_13320,2619,post_4610
like_13321,2506,post_4611
like_13322,2326,post_4611
like_13323,1983,post_4611
like_13324,2115,post_4611
like_13325,2392,post_4611
like_13326,2630,post_4611
like_13327,1941,post_4611
like_13328,2615,post_4612
like_13329,2395,post_4612
like_13330,2573,post_4612
like_13331,2526,post_4612
like_13332,2063,post_4612
like_13333,1962,post_4612
like_13334,2093,post_4612
like_13335,2237,post_4613
like_13336,2212,post_4613
like_13337,2088,post_4613
like_13338,2308,post_4613
like_13339,2033,post_4614
like_13340,2115,post_4614
like_13341,2489,post_4614
like_13342,2446,post_4614
like_13343,2108,post_4614
like_13344,2086,post_4614
like_13345,1918,post_4615
like_13346,2121,post_4615
like_13347,2495,post_4615
like_13348,2615,post_4615
like_13349,1984,post_4615
like_13350,2275,post_4615
like_13351,2392,post_4616
like_13352,2020,post_4616
like_13353,1953,post_4616
like_13354,2326,post_4616
like_13355,2374,post_4616
like_13356,2090,post_4616
like_13357,2542,post_4617
like_13358,2468,post_4617
like_13359,2586,post_4617
like_13360,2271,post_4617
like_13361,2164,post_4617
like_13362,2308,post_4617
like_13363,2611,post_4617
like_13364,2140,post_4618
like_13365,2409,post_4618
like_13366,2625,post_4618
like_13367,2334,post_4618
like_13368,2064,post_4618
like_13369,2287,post_4618
like_13370,2073,post_4618
like_13371,2410,post_4618
like_13372,2520,post_4618
like_13373,2551,post_4618
like_13374,2482,post_4619
like_13375,2086,post_4619
like_13376,2430,post_4619
like_13377,2083,post_4619
like_13378,2005,post_4619
like_13379,2507,post_4619
like_13380,2244,post_4619
like_13381,2433,post_4619
like_13382,2467,post_4619
like_13383,1962,post_4619
like_13384,2550,post_4619
like_13385,2449,post_4619
like_13386,2430,post_4620
like_13387,2324,post_4620
like_13388,1938,post_4620
like_13389,2504,post_4620
like_13390,2115,post_4620
like_13391,2200,post_4621
like_13392,2244,post_4621
like_13393,2090,post_4621
like_13394,2370,post_4621
like_13395,2115,post_4621
like_13396,2216,post_4621
like_13397,1984,post_4621
like_13398,2353,post_4622
like_13399,2334,post_4622
like_13400,2356,post_4622
like_13401,2307,post_4622
like_13402,2590,post_4622
like_13403,2409,post_4622
like_13404,2573,post_4622
like_13405,2423,post_4622
like_13406,2088,post_4622
like_13407,2244,post_4622
like_13408,2132,post_4623
like_13409,2155,post_4624
like_13410,2652,post_4625
like_13411,2326,post_4626
like_13412,2237,post_4626
like_13413,2430,post_4626
like_13414,2216,post_4626
like_13415,2539,post_4626
like_13416,2037,post_4627
like_13417,2073,post_4627
like_13418,1943,post_4627
like_13419,2578,post_4627
like_13420,2122,post_4627
like_13421,2086,post_4628
like_13422,2237,post_4628
like_13423,2485,post_4628
like_13424,1966,post_4628
like_13425,1943,post_4628
like_13426,2115,post_4629
like_13427,1997,post_4629
like_13428,2244,post_4629
like_13429,2069,post_4629
like_13430,1941,post_4629
like_13431,2575,post_4630
like_13432,2069,post_4630
like_13433,2224,post_4631
like_13434,2122,post_4632
like_13435,2602,post_4632
like_13436,1989,post_4632
like_13437,2551,post_4633
like_13438,2578,post_4633
like_13439,2131,post_4633
like_13440,1918,post_4634
like_13441,2446,post_4634
like_13442,2625,post_4634
like_13443,2299,post_4634
like_13444,2542,post_4634
like_13445,2550,post_4635
like_13446,2063,post_4635
like_13447,2124,post_4635
like_13448,2086,post_4635
like_13449,2392,post_4635
like_13450,2115,post_4635
like_13451,2131,post_4635
like_13452,2556,post_4635
like_13453,2244,post_4635
like_13454,2077,post_4635
like_13455,2043,post_4635
like_13456,2122,post_4636
like_13457,2423,post_4636
like_13458,2121,post_4636
like_13459,1966,post_4637
like_13460,2506,post_4637
like_13461,1983,post_4637
like_13462,2564,post_4637
like_13463,2063,post_4637
like_13464,2309,post_4638
like_13465,2122,post_4638
like_13466,2542,post_4638
like_13467,2649,post_4639
like_13468,2289,post_4639
like_13469,2053,post_4639
like_13470,2199,post_4639
like_13471,2333,post_4640
like_13472,2187,post_4640
like_13473,2419,post_4640
like_13474,2189,post_4640
like_13475,2598,post_4641
like_13476,2133,post_4642
like_13477,2176,post_4642
like_13478,2209,post_4642
like_13479,2038,post_4642
like_13480,2289,post_4642
like_13481,2355,post_4642
like_13482,2416,post_4643
like_13483,2289,post_4643
like_13484,2226,post_4643
like_13485,2340,post_4644
like_13486,2005,post_4644
like_13487,1942,post_4644
like_13488,2030,post_4645
like_13489,2492,post_4645
like_13490,2206,post_4645
like_13491,2631,post_4645
like_13492,1985,post_4645
like_13493,2550,post_4646
like_13494,2164,post_4646
like_13495,2324,post_4646
like_13496,2521,post_4646
like_13497,2563,post_4646
like_13498,2329,post_4646
like_13499,2326,post_4647
like_13500,2276,post_4647
like_13501,2172,post_4647
like_13502,2625,post_4647
like_13503,2391,post_4647
like_13504,2655,post_4647
like_13505,1962,post_4647
like_13506,2049,post_4648
like_13507,2123,post_4649
like_13508,2139,post_4649
like_13509,2602,post_4649
like_13510,2179,post_4649
like_13511,2139,post_4650
like_13512,2407,post_4650
like_13513,2632,post_4651
like_13514,2402,post_4651
like_13515,2549,post_4652
like_13516,2045,post_4652
like_13517,2142,post_4652
like_13518,2591,post_4652
like_13519,2526,post_4652
like_13520,2601,post_4653
like_13521,2623,post_4653
like_13522,1918,post_4653
like_13523,2078,post_4653
like_13524,2118,post_4654
like_13525,2468,post_4654
like_13526,2261,post_4654
like_13527,2625,post_4654
like_13528,2172,post_4654
like_13529,2037,post_4654
like_13530,2046,post_4654
like_13531,2347,post_4655
like_13532,2212,post_4655
like_13533,2468,post_4655
like_13534,2216,post_4655
like_13535,2201,post_4655
like_13536,2492,post_4656
like_13537,2184,post_4656
like_13538,2604,post_4656
like_13539,2095,post_4656
like_13540,2340,post_4656
like_13541,2124,post_4656
like_13542,2111,post_4657
like_13543,2400,post_4658
like_13544,2389,post_4658
like_13545,2144,post_4658
like_13546,2111,post_4659
like_13547,1939,post_4659
like_13548,2068,post_4659
like_13549,2434,post_4660
like_13550,2603,post_4660
like_13551,2101,post_4660
like_13552,2169,post_4660
like_13553,2062,post_4661
like_13554,2384,post_4661
like_13555,2138,post_4661
like_13556,2313,post_4662
like_13557,2077,post_4663
like_13558,2200,post_4663
like_13559,2446,post_4663
like_13560,2045,post_4663
like_13561,2359,post_4663
like_13562,2229,post_4664
like_13563,2615,post_4664
like_13564,1941,post_4665
like_13565,2551,post_4665
like_13566,2575,post_4665
like_13567,2492,post_4665
like_13568,2124,post_4665
like_13569,2142,post_4665
like_13570,2323,post_4665
like_13571,2069,post_4665
like_13572,2244,post_4666
like_13573,2575,post_4666
like_13574,2073,post_4666
like_13575,2340,post_4666
like_13576,2364,post_4667
like_13577,1954,post_4668
like_13578,2439,post_4669
like_13579,1992,post_4670
like_13580,2118,post_4671
like_13581,2542,post_4671
like_13582,2430,post_4671
like_13583,2073,post_4671
like_13584,2237,post_4671
like_13585,2229,post_4671
like_13586,2611,post_4672
like_13587,2040,post_4672
like_13588,2165,post_4672
like_13589,2339,post_4672
like_13590,2071,post_4672
like_13591,2123,post_4672
like_13592,2624,post_4673
like_13593,1917,post_4673
like_13594,2625,post_4673
like_13595,2200,post_4673
like_13596,2449,post_4674
like_13597,2478,post_4674
like_13598,2266,post_4674
like_13599,2060,post_4675
like_13600,2381,post_4675
like_13601,2077,post_4675
like_13602,2164,post_4676
like_13603,1993,post_4676
like_13604,2468,post_4676
like_13605,2216,post_4676
like_13606,1971,post_4676
like_13607,2109,post_4676
like_13608,2615,post_4676
like_13609,2478,post_4677
like_13610,2253,post_4677
like_13611,2069,post_4677
like_13612,2604,post_4678
like_13613,2556,post_4678
like_13614,2074,post_4678
like_13615,2347,post_4678
like_13616,2446,post_4679
like_13617,1946,post_4679
like_13618,2059,post_4679
like_13619,1993,post_4680
like_13620,2112,post_4680
like_13621,2261,post_4680
like_13622,2324,post_4680
like_13623,2063,post_4681
like_13624,2103,post_4681
like_13625,2600,post_4681
like_13626,2549,post_4681
like_13627,2154,post_4681
like_13628,2561,post_4681
like_13629,2326,post_4682
like_13630,2560,post_4682
like_13631,2482,post_4682
like_13632,2073,post_4682
like_13633,2334,post_4682
like_13634,1971,post_4682
like_13635,2604,post_4682
like_13636,2654,post_4682
like_13637,1914,post_4683
like_13638,2025,post_4683
like_13639,2061,post_4683
like_13640,2583,post_4684
like_13641,2448,post_4685
like_13642,2397,post_4686
like_13643,2463,post_4687
like_13644,2436,post_4687
like_13645,2148,post_4687
like_13646,2491,post_4688
like_13647,1948,post_4688
like_13648,2279,post_4688
like_13649,2319,post_4688
like_13650,2032,post_4688
like_13651,2465,post_4688
like_13652,2278,post_4689
like_13653,2463,post_4689
like_13654,2292,post_4689
like_13655,136,post_4689
like_13656,2385,post_4689
like_13657,2433,post_4690
like_13658,1943,post_4690
like_13659,2108,post_4690
like_13660,1984,post_4690
like_13661,2326,post_4690
like_13662,2164,post_4691
like_13663,2104,post_4691
like_13664,2253,post_4691
like_13665,2043,post_4691
like_13666,2118,post_4691
like_13667,2363,post_4691
like_13668,2206,post_4692
like_13669,2112,post_4692
like_13670,2340,post_4692
like_13671,2059,post_4693
like_13672,2409,post_4693
like_13673,2020,post_4694
like_13674,2655,post_4694
like_13675,2093,post_4694
like_13676,2579,post_4694
like_13677,2299,post_4694
like_13678,2240,post_4695
like_13679,1979,post_4696
like_13680,2347,post_4696
like_13681,2553,post_4696
like_13682,2051,post_4697
like_13683,2614,post_4697
like_13684,2626,post_4698
like_13685,2659,post_4699
like_13686,1995,post_4699
like_13687,2647,post_4699
like_13688,2540,post_4700
like_13689,136,post_4701
like_13690,1998,post_4702
like_13691,2024,post_4702
like_13692,2018,post_4702
like_13693,2133,post_4703
like_13694,2352,post_4704
like_13695,1917,post_4704
like_13696,2326,post_4704
like_13697,2300,post_4704
like_13698,2278,post_4704
like_13699,2359,post_4704
like_13700,2615,post_4704
like_13701,1984,post_4704
like_13702,2136,post_4704
like_13703,2184,post_4704
like_13704,2140,post_4705
like_13705,2122,post_4705
like_13706,2504,post_4705
like_13707,2124,post_4705
like_13708,2040,post_4706
like_13709,2326,post_4706
like_13710,2428,post_4706
like_13711,1984,post_4707
like_13712,2369,post_4707
like_13713,2339,post_4707
like_13714,2261,post_4707
like_13715,2139,post_4707
like_13716,2354,post_4707
like_13717,1951,post_4708
like_13718,1995,post_4709
like_13719,2337,post_4709
like_13720,2660,post_4710
like_13721,2297,post_4710
like_13722,2648,post_4710
like_13723,1968,post_4710
like_13724,2157,post_4711
like_13725,2004,post_4712
like_13726,2557,post_4713
like_13727,2221,post_4713
like_13728,2232,post_4714
like_13729,2328,post_4714
like_13730,2649,post_4714
like_13731,2425,post_4714
like_13732,2398,post_4715
like_13733,2533,post_4715
like_13734,2247,post_4715
like_13735,2598,post_4716
like_13736,1945,post_4716
like_13737,2052,post_4716
like_13738,1926,post_4716
like_13739,2289,post_4717
like_13740,1718,post_4717
like_13741,1955,post_4718
like_13742,2555,post_4718
like_13743,2649,post_4718
like_13744,2194,post_4718
like_13745,2642,post_4718
like_13746,2032,post_4718
like_13747,2289,post_4718
like_13748,1941,post_4718
like_13749,2163,post_4719
like_13750,2649,post_4719
like_13751,2502,post_4719
like_13752,2223,post_4719
like_13753,2347,post_4720
like_13754,136,post_4720
like_13755,2117,post_4720
like_13756,2384,post_4720
like_13757,2223,post_4720
like_13758,1955,post_4720
like_13759,2424,post_4721
like_13760,2119,post_4721
like_13761,2497,post_4722
like_13762,2397,post_4722
like_13763,2284,post_4723
like_13764,2583,post_4723
like_13765,2171,post_4723
like_13766,2459,post_4723
like_13767,2459,post_4724
like_13768,1951,post_4724
like_13769,2192,post_4724
like_13770,2447,post_4724
like_13771,2583,post_4724
like_13772,1995,post_4724
like_13773,2095,post_4725
like_13774,2376,post_4725
like_13775,1929,post_4725
like_13776,2229,post_4725
like_13777,2654,post_4725
like_13778,2240,post_4725
like_13779,2381,post_4725
like_13780,2600,post_4725
like_13781,2446,post_4726
like_13782,2376,post_4726
like_13783,2507,post_4726
like_13784,2030,post_4726
like_13785,2410,post_4727
like_13786,2172,post_4727
like_13787,2354,post_4728
like_13788,2363,post_4728
like_13789,2615,post_4728
like_13790,2150,post_4728
like_13791,2139,post_4728
like_13792,2620,post_4729
like_13793,2648,post_4729
like_13794,1935,post_4729
like_13795,2025,post_4730
like_13796,2042,post_4731
like_13797,2332,post_4731
like_13798,2232,post_4731
like_13799,2125,post_4731
like_13800,2328,post_4731
like_13801,2394,post_4731
like_13802,2445,post_4731
like_13803,2351,post_4732
like_13804,2519,post_4732
like_13805,2189,post_4732
like_13806,2007,post_4732
like_13807,2533,post_4732
like_13808,2555,post_4732
like_13809,2163,post_4733
like_13810,2605,post_4733
like_13811,2515,post_4734
like_13812,2505,post_4735
like_13813,2453,post_4735
like_13814,1974,post_4735
like_13815,1964,post_4735
like_13816,2199,post_4736
like_13817,2617,post_4737
like_13818,2599,post_4738
like_13819,2511,post_4738
like_13820,2599,post_4739
like_13821,2465,post_4739
like_13822,2180,post_4739
like_13823,2409,post_4740
like_13824,1966,post_4740
like_13825,2154,post_4741
like_13826,1971,post_4741
like_13827,2059,post_4742
like_13828,2500,post_4742
like_13829,2386,post_4743
like_13830,2374,post_4743
like_13831,2604,post_4743
like_13832,2354,post_4744
like_13833,2593,post_4744
like_13834,2123,post_4745
like_13835,2619,post_4745
like_13836,2554,post_4745
like_13837,2275,post_4746
like_13838,2374,post_4746
like_13839,2625,post_4746
like_13840,2607,post_4746
like_13841,2140,post_4746
like_13842,2046,post_4746
like_13843,2324,post_4746
like_13844,2278,post_4746
like_13845,2601,post_4746
like_13846,2340,post_4747
like_13847,2542,post_4747
like_13848,2469,post_4747
like_13849,2059,post_4747
like_13850,2043,post_4747
like_13851,2030,post_4747
like_13852,2408,post_4747
like_13853,2631,post_4748
like_13854,2352,post_4748
like_13855,2216,post_4748
like_13856,2139,post_4748
like_13857,1971,post_4748
like_13858,2266,post_4748
like_13859,1984,post_4748
like_13860,2080,post_4749
like_13861,2658,post_4750
like_13862,1998,post_4750
like_13863,1951,post_4750
like_13864,1935,post_4751
like_13865,2171,post_4751
like_13866,2627,post_4751
like_13867,2284,post_4751
like_13868,2636,post_4752
like_13869,1991,post_4752
like_13870,2001,post_4752
like_13871,2025,post_4753
like_13872,2011,post_4753
like_13873,1931,post_4753
like_13874,2633,post_4754
like_13875,2024,post_4754
like_13876,2583,post_4754
like_13877,2648,post_4754
like_13878,2657,post_4754
like_13879,1931,post_4754
like_13880,1960,post_4755
like_13881,2160,post_4755
like_13882,2146,post_4755
like_13883,1927,post_4756
like_13884,136,post_4757
like_13885,2006,post_4757
like_13886,2011,post_4757
like_13887,2719,post_4758
like_13888,3381,post_4758
like_13889,2793,post_4758
like_13890,2828,post_4759
like_13891,3207,post_4760
like_13892,3118,post_4761
like_13893,2789,post_4762
like_13894,2890,post_4763
like_13895,2862,post_4763
like_13896,3384,post_4763
like_13897,2966,post_4764
like_13898,2906,post_4764
like_13899,3027,post_4765
like_13900,3395,post_4765
like_13901,3107,post_4765
like_13902,3386,post_4765
like_13903,2916,post_4766
like_13904,3364,post_4766
like_13905,3026,post_4766
like_13906,3226,post_4766
like_13907,3014,post_4766
like_13908,3108,post_4767
like_13909,2851,post_4767
like_13910,3084,post_4767
like_13911,2868,post_4768
like_13912,3043,post_4769
like_13913,2664,post_4770
like_13914,3026,post_4770
like_13915,3339,post_4770
like_13916,2913,post_4770
like_13917,2679,post_4771
like_13918,3085,post_4771
like_13919,2699,post_4772
like_13920,2889,post_4772
like_13921,2834,post_4772
like_13922,3077,post_4773
like_13923,2962,post_4773
like_13924,2824,post_4773
like_13925,3079,post_4774
like_13926,2708,post_4775
like_13927,2894,post_4775
like_13928,2881,post_4775
like_13929,2806,post_4776
like_13930,2694,post_4776
like_13931,2943,post_4777
like_13932,2828,post_4778
like_13933,3330,post_4778
like_13934,3419,post_4779
like_13935,3337,post_4780
like_13936,3387,post_4781
like_13937,3064,post_4781
like_13938,2666,post_4782
like_13939,1642,post_4783
like_13940,2999,post_4783
like_13941,1758,post_4783
like_13942,3164,post_4784
like_13943,3026,post_4785
like_13944,2681,post_4785
like_13945,2987,post_4785
like_13946,2683,post_4786
like_13947,2694,post_4787
like_13948,2800,post_4787
like_13949,2706,post_4787
like_13950,2839,post_4787
like_13951,2815,post_4787
like_13952,3085,post_4788
like_13953,2839,post_4788
like_13954,3090,post_4789
like_13955,2944,post_4789
like_13956,3293,post_4789
like_13957,2743,post_4789
like_13958,3366,post_4790
like_13959,3123,post_4791
like_13960,2669,post_4791
like_13961,2887,post_4791
like_13962,3363,post_4792
like_13963,2993,post_4792
like_13964,3257,post_4792
like_13965,3179,post_4793
like_13966,3350,post_4793
like_13967,3405,post_4794
like_13968,3263,post_4794
like_13969,3107,post_4795
like_13970,3256,post_4795
like_13971,3002,post_4795
like_13972,2950,post_4796
like_13973,2661,post_4797
like_13974,2846,post_4797
like_13975,2677,post_4798
like_13976,2944,post_4799
like_13977,3220,post_4799
like_13978,3117,post_4799
like_13979,2743,post_4799
like_13980,3232,post_4799
like_13981,3363,post_4800
like_13982,2867,post_4800
like_13983,2969,post_4800
like_13984,3349,post_4801
like_13985,2856,post_4801
like_13986,2844,post_4801
like_13987,3037,post_4802
like_13988,2792,post_4802
like_13989,2682,post_4803
like_13990,2903,post_4804
like_13991,3022,post_4805
like_13992,2944,post_4805
like_13993,2787,post_4806
like_13994,2943,post_4807
like_13995,2867,post_4807
like_13996,3023,post_4807
like_13997,3246,post_4808
like_13998,2870,post_4809
like_13999,3373,post_4809
like_14000,2909,post_4810
like_14001,2877,post_4810
like_14002,2946,post_4810
like_14003,2757,post_4811
like_14004,2890,post_4811
like_14005,2729,post_4811
like_14006,2966,post_4811
like_14007,3348,post_4811
like_14008,2827,post_4811
like_14009,2940,post_4811
like_14010,2959,post_4812
like_14011,3008,post_4812
like_14012,3431,post_4813
like_14013,3280,post_4814
like_14014,3079,post_4815
like_14015,3189,post_4816
like_14016,2686,post_4817
like_14017,2972,post_4818
like_14018,3008,post_4818
like_14019,171,post_4819
like_14020,2896,post_4820
like_14021,3054,post_4820
like_14022,3193,post_4821
like_14023,2943,post_4821
like_14024,2676,post_4821
like_14025,3056,post_4821
like_14026,2669,post_4821
like_14027,3213,post_4822
like_14028,2891,post_4822
like_14029,3417,post_4822
like_14030,2931,post_4822
like_14031,2867,post_4822
like_14032,2680,post_4823
like_14033,3294,post_4823
like_14034,2943,post_4823
like_14035,2964,post_4824
like_14036,2719,post_4824
like_14037,2894,post_4825
like_14038,3172,post_4825
like_14039,2735,post_4826
like_14040,2749,post_4827
like_14041,2829,post_4828
like_14042,2724,post_4828
like_14043,3412,post_4829
like_14044,3101,post_4830
like_14045,3335,post_4830
like_14046,2748,post_4830
like_14047,3411,post_4830
like_14048,3285,post_4831
like_14049,3285,post_4832
like_14050,3007,post_4832
like_14051,3176,post_4832
like_14052,3038,post_4832
like_14053,2711,post_4833
like_14054,2979,post_4833
like_14055,3312,post_4834
like_14056,2747,post_4834
like_14057,2844,post_4834
like_14058,2832,post_4834
like_14059,2904,post_4835
like_14060,2973,post_4835
like_14061,3097,post_4835
like_14062,3260,post_4836
like_14063,3352,post_4836
like_14064,2828,post_4836
like_14065,3174,post_4837
like_14066,2839,post_4837
like_14067,2755,post_4838
like_14068,2877,post_4838
like_14069,2955,post_4839
like_14070,3167,post_4839
like_14071,2976,post_4840
like_14072,3201,post_4840
like_14073,3179,post_4840
like_14074,3397,post_4841
like_14075,3201,post_4841
like_14076,3225,post_4842
like_14077,3132,post_4842
like_14078,3076,post_4843
like_14079,2962,post_4844
like_14080,3091,post_4844
like_14081,3265,post_4845
like_14082,2715,post_4846
like_14083,3118,post_4847
like_14084,3370,post_4847
like_14085,3077,post_4848
like_14086,3191,post_4848
like_14087,3302,post_4849
like_14088,1505,post_4849
like_14089,2890,post_4850
like_14090,3374,post_4851
like_14091,3379,post_4852
like_14092,3241,post_4852
like_14093,2724,post_4852
like_14094,2662,post_4853
like_14095,3162,post_4853
like_14096,3412,post_4853
like_14097,2679,post_4854
like_14098,3362,post_4854
like_14099,3137,post_4854
like_14100,3158,post_4854
like_14101,2821,post_4854
like_14102,2994,post_4854
like_14103,2956,post_4855
like_14104,3080,post_4855
like_14105,2844,post_4856
like_14106,2996,post_4856
like_14107,2958,post_4856
like_14108,2816,post_4857
like_14109,3253,post_4857
like_14110,3307,post_4857
like_14111,3032,post_4857
like_14112,3219,post_4857
like_14113,3395,post_4858
like_14114,3387,post_4859
like_14115,2821,post_4859
like_14116,2993,post_4859
like_14117,3025,post_4860
like_14118,2981,post_4860
like_14119,2993,post_4860
like_14120,3036,post_4860
like_14121,3372,post_4861
like_14122,3131,post_4861
like_14123,2937,post_4862
like_14124,3179,post_4862
like_14125,3262,post_4862
like_14126,2812,post_4862
like_14127,3320,post_4863
like_14128,2790,post_4864
like_14129,2752,post_4865
like_14130,2760,post_4865
like_14131,3027,post_4865
like_14132,2819,post_4866
like_14133,2836,post_4867
like_14134,2682,post_4868
like_14135,3051,post_4868
like_14136,3137,post_4869
like_14137,3092,post_4869
like_14138,2924,post_4870
like_14139,2877,post_4870
like_14140,3417,post_4870
like_14141,2757,post_4870
like_14142,3366,post_4871
like_14143,3273,post_4871
like_14144,3118,post_4871
like_14145,3068,post_4871
like_14146,3168,post_4871
like_14147,171,post_4872
like_14148,2806,post_4873
like_14149,2993,post_4874
like_14150,3293,post_4874
like_14151,2743,post_4874
like_14152,2915,post_4874
like_14153,2806,post_4875
like_14154,2867,post_4875
like_14155,2989,post_4876
like_14156,3198,post_4876
like_14157,3172,post_4876
like_14158,3267,post_4876
like_14159,3021,post_4876
like_14160,3411,post_4877
like_14161,2869,post_4877
like_14162,3212,post_4877
like_14163,2991,post_4877
like_14164,3355,post_4877
like_14165,3406,post_4878
like_14166,3206,post_4878
like_14167,2738,post_4879
like_14168,2777,post_4879
like_14169,2782,post_4880
like_14170,3158,post_4880
like_14171,2689,post_4881
like_14172,3135,post_4881
like_14173,3385,post_4882
like_14174,2929,post_4883
like_14175,2966,post_4883
like_14176,3010,post_4884
like_14177,3174,post_4884
like_14178,2839,post_4884
like_14179,2864,post_4885
like_14180,2831,post_4886
like_14181,3350,post_4887
like_14182,2901,post_4887
like_14183,3051,post_4887
like_14184,3274,post_4888
like_14185,3426,post_4889
like_14186,3056,post_4889
like_14187,3363,post_4890
like_14188,2698,post_4891
like_14189,3142,post_4891
like_14190,2873,post_4891
like_14191,2839,post_4891
like_14192,3348,post_4892
like_14193,2698,post_4892
like_14194,2897,post_4892
like_14195,3119,post_4892
like_14196,2943,post_4892
like_14197,2810,post_4893
like_14198,2782,post_4893
like_14199,3073,post_4893
like_14200,2873,post_4893
like_14201,2905,post_4893
like_14202,2668,post_4894
like_14203,3140,post_4894
like_14204,2841,post_4894
like_14205,2734,post_4895
like_14206,2962,post_4895
like_14207,3150,post_4896
like_14208,2869,post_4896
like_14209,3051,post_4896
like_14210,3154,post_4896
like_14211,3106,post_4897
like_14212,3320,post_4897
like_14213,3051,post_4897
like_14214,3198,post_4897
like_14215,2676,post_4898
like_14216,2746,post_4898
like_14217,2945,post_4898
like_14218,3137,post_4898
like_14219,2956,post_4898
like_14220,3064,post_4898
like_14221,2706,post_4898
like_14222,2866,post_4898
like_14223,3004,post_4899
like_14224,2852,post_4899
like_14225,3257,post_4900
like_14226,3243,post_4900
like_14227,3000,post_4900
like_14228,3293,post_4900
like_14229,2812,post_4900
like_14230,2920,post_4900
like_14231,3084,post_4901
like_14232,3348,post_4901
like_14233,2800,post_4901
like_14234,2750,post_4901
like_14235,3195,post_4901
like_14236,2839,post_4901
like_14237,3096,post_4902
like_14238,3098,post_4902
like_14239,3064,post_4903
like_14240,3056,post_4903
like_14241,2911,post_4903
like_14242,3166,post_4903
like_14243,2897,post_4903
like_14244,3435,post_4903
like_14245,3195,post_4903
like_14246,2920,post_4903
like_14247,2681,post_4904
like_14248,2754,post_4904
like_14249,2924,post_4904
like_14250,3364,post_4904
like_14251,2679,post_4904
like_14252,3026,post_4905
like_14253,3384,post_4905
like_14254,2676,post_4906
like_14255,3324,post_4907
like_14256,2916,post_4907
like_14257,3369,post_4908
like_14258,3236,post_4908
like_14259,3187,post_4908
like_14260,3117,post_4909
like_14261,2854,post_4909
like_14262,3432,post_4910
like_14263,2734,post_4910
like_14264,2754,post_4911
like_14265,2944,post_4911
like_14266,2839,post_4911
like_14267,2948,post_4912
like_14268,2841,post_4913
like_14269,3414,post_4914
like_14270,2890,post_4914
like_14271,2867,post_4914
like_14272,2835,post_4914
like_14273,2862,post_4914
like_14274,3193,post_4914
like_14275,3184,post_4914
like_14276,3000,post_4915
like_14277,3417,post_4915
like_14278,2688,post_4916
like_14279,1656,post_4916
like_14280,1505,post_4917
like_14281,2941,post_4917
like_14282,3011,post_4917
like_14283,3021,post_4918
like_14284,2729,post_4919
like_14285,2959,post_4920
like_14286,3409,post_4921
like_14287,2730,post_4921
like_14288,3276,post_4921
like_14289,2921,post_4921
like_14290,3299,post_4921
like_14291,3130,post_4922
like_14292,2978,post_4922
like_14293,3434,post_4923
like_14294,3101,post_4923
like_14295,3116,post_4923
like_14296,2836,post_4924
like_14297,2858,post_4924
like_14298,2831,post_4925
like_14299,3348,post_4926
like_14300,3096,post_4927
like_14301,2817,post_4928
like_14302,3162,post_4929
like_14303,3141,post_4930
like_14304,2786,post_4931
like_14305,2676,post_4931
like_14306,3399,post_4932
like_14307,3320,post_4933
like_14308,3280,post_4933
like_14309,3120,post_4934
like_14310,3351,post_4934
like_14311,3306,post_4934
like_14312,3115,post_4934
like_14313,2894,post_4934
like_14314,3332,post_4934
like_14315,3396,post_4934
like_14316,2724,post_4935
like_14317,3069,post_4935
like_14318,3041,post_4936
like_14319,3297,post_4936
like_14320,3102,post_4936
like_14321,3146,post_4936
like_14322,3219,post_4937
like_14323,3178,post_4937
like_14324,2836,post_4938
like_14325,3327,post_4938
like_14326,2707,post_4938
like_14327,3214,post_4939
like_14328,2836,post_4939
like_14329,3327,post_4939
like_14330,3221,post_4939
like_14331,3335,post_4939
like_14332,2778,post_4939
like_14333,3291,post_4939
like_14334,2943,post_4940
like_14335,3090,post_4940
like_14336,3108,post_4940
like_14337,3014,post_4940
like_14338,3047,post_4940
like_14339,2754,post_4940
like_14340,2909,post_4940
like_14341,3123,post_4940
like_14342,3104,post_4941
like_14343,2754,post_4941
like_14344,2755,post_4941
like_14345,2698,post_4941
like_14346,2720,post_4942
like_14347,3291,post_4942
like_14348,2730,post_4942
like_14349,3342,post_4943
like_14350,3240,post_4944
like_14351,3299,post_4945
like_14352,2960,post_4946
like_14353,2985,post_4947
like_14354,2862,post_4947
like_14355,3084,post_4947
like_14356,3426,post_4947
like_14357,3054,post_4947
like_14358,2777,post_4947
like_14359,2913,post_4947
like_14360,3090,post_4948
like_14361,2985,post_4948
like_14362,3014,post_4948
like_14363,2994,post_4948
like_14364,2873,post_4948
like_14365,2924,post_4948
like_14366,3174,post_4948
like_14367,3119,post_4948
like_14368,2694,post_4949
like_14369,3302,post_4949
like_14370,2694,post_4950
like_14371,2849,post_4950
like_14372,2723,post_4950
like_14373,3302,post_4950
like_14374,2904,post_4950
like_14375,3072,post_4950
like_14376,3256,post_4950
like_14377,3271,post_4951
like_14378,2769,post_4952
like_14379,2803,post_4953
like_14380,2812,post_4954
like_14381,3037,post_4955
like_14382,2691,post_4955
like_14383,2716,post_4956
like_14384,3386,post_4956
like_14385,3082,post_4957
like_14386,2950,post_4957
like_14387,3119,post_4958
like_14388,3048,post_4959
like_14389,3280,post_4960
like_14390,2742,post_4961
like_14391,3017,post_4961
like_14392,3132,post_4962
like_14393,2716,post_4962
like_14394,2719,post_4962
like_14395,2921,post_4962
like_14396,3320,post_4963
like_14397,3303,post_4964
like_14398,2861,post_4965
like_14399,3105,post_4965
like_14400,2862,post_4966
like_14401,2810,post_4966
like_14402,3417,post_4966
like_14403,2689,post_4966
like_14404,2839,post_4966
like_14405,2919,post_4967
like_14406,3090,post_4967
like_14407,2925,post_4967
like_14408,3256,post_4968
like_14409,2693,post_4969
like_14410,3397,post_4969
like_14411,3211,post_4970
like_14412,2690,post_4971
like_14413,3280,post_4971
like_14414,2836,post_4972
like_14415,2983,post_4973
like_14416,2997,post_4973
like_14417,2806,post_4973
like_14418,2880,post_4974
like_14419,3123,post_4975
like_14420,2789,post_4975
like_14421,3130,post_4975
like_14422,3400,post_4975
like_14423,3121,post_4976
like_14424,2734,post_4976
like_14425,3036,post_4977
like_14426,3090,post_4977
like_14427,3362,post_4978
like_14428,2763,post_4979
like_14429,3073,post_4979
like_14430,2700,post_4980
like_14431,2818,post_4981
like_14432,2791,post_4981
like_14433,2730,post_4981
like_14434,2752,post_4982
like_14435,2971,post_4983
like_14436,3020,post_4983
like_14437,2803,post_4983
like_14438,58,post_4984
like_14439,3056,post_4985
like_14440,3250,post_4985
like_14441,2773,post_4985
like_14442,2755,post_4985
like_14443,3426,post_4986
like_14444,2676,post_4986
like_14445,2839,post_4986
like_14446,2773,post_4986
like_14447,3256,post_4987
like_14448,2843,post_4987
like_14449,2774,post_4988
like_14450,3055,post_4988
like_14451,3074,post_4988
like_14452,2752,post_4989
like_14453,3261,post_4989
like_14454,3342,post_4990
like_14455,3342,post_4991
like_14456,3233,post_4992
like_14457,2810,post_4993
like_14458,3361,post_4994
like_14459,2693,post_4994
like_14460,3011,post_4995
like_14461,3076,post_4995
like_14462,2671,post_4996
like_14463,2962,post_4996
like_14464,3027,post_4997
like_14465,1656,post_4998
like_14466,2985,post_4999
like_14467,2969,post_4999
like_14468,3090,post_4999
like_14469,3166,post_5000
like_14470,2872,post_5000
like_14471,2993,post_5000
like_14472,3397,post_5001
like_14473,3377,post_5002
like_14474,3132,post_5003
like_14475,3291,post_5003
like_14476,3391,post_5003
like_14477,3295,post_5004
like_14478,3077,post_5005
like_14479,2728,post_5005
like_14480,3207,post_5006
like_14481,3233,post_5007
like_14482,3312,post_5008
like_14483,3214,post_5009
like_14484,2841,post_5009
like_14485,2747,post_5009
like_14486,3312,post_5009
like_14487,3272,post_5010
like_14488,3182,post_5010
like_14489,3089,post_5010
like_14490,2937,post_5011
like_14491,2703,post_5012
like_14492,2689,post_5013
like_14493,2841,post_5014
like_14494,3394,post_5015
like_14495,3003,post_5016
like_14496,58,post_5016
like_14497,171,post_5016
like_14498,2835,post_5017
like_14499,3104,post_5017
like_14500,3022,post_5017
like_14501,2669,post_5018
like_14502,3237,post_5019
like_14503,3284,post_5019
like_14504,2669,post_5019
like_14505,2925,post_5019
like_14506,2916,post_5019
like_14507,3117,post_5019
like_14508,3135,post_5020
like_14509,3029,post_5020
like_14510,3396,post_5021
like_14511,3039,post_5021
like_14512,3389,post_5022
like_14513,3248,post_5022
like_14514,2836,post_5023
like_14515,2816,post_5025
like_14516,3395,post_5026
like_14517,2951,post_5027
like_14518,2724,post_5027
like_14519,3002,post_5027
like_14520,3019,post_5027
like_14521,2892,post_5027
like_14522,2775,post_5028
like_14523,3360,post_5029
like_14524,2742,post_5029
like_14525,3209,post_5029
like_14526,3188,post_5029
like_14527,3013,post_5029
like_14528,3360,post_5030
like_14529,2856,post_5031
like_14530,2803,post_5032
like_14531,3076,post_5033
like_14532,3115,post_5033
like_14533,3406,post_5034
like_14534,3070,post_5034
like_14535,2939,post_5034
like_14536,2765,post_5034
like_14537,2920,post_5035
like_14538,3090,post_5036
like_14539,3114,post_5036
like_14540,3394,post_5036
like_14541,2916,post_5037
like_14542,2839,post_5037
like_14543,2943,post_5037
like_14544,2661,post_5038
like_14545,3391,post_5038
like_14546,3016,post_5038
like_14547,2716,post_5039
like_14548,3247,post_5039
like_14549,2770,post_5040
like_14550,3316,post_5040
like_14551,3247,post_5040
like_14552,2683,post_5041
like_14553,2904,post_5042
like_14554,3280,post_5042
like_14555,2847,post_5043
like_14556,3200,post_5044
like_14557,2841,post_5045
like_14558,2868,post_5046
like_14559,3263,post_5046
like_14560,3140,post_5046
like_14561,3019,post_5047
like_14562,3218,post_5048
like_14563,2773,post_5049
like_14564,3014,post_5050
like_14565,3238,post_5050
like_14566,3021,post_5051
like_14567,3391,post_5052
like_14568,3351,post_5052
like_14569,3416,post_5052
like_14570,3152,post_5052
like_14571,3280,post_5052
like_14572,3171,post_5052
like_14573,3265,post_5052
like_14574,3347,post_5053
like_14575,2939,post_5053
like_14576,3419,post_5053
like_14577,3049,post_5053
like_14578,3065,post_5054
like_14579,3363,post_5055
like_14580,2956,post_5055
like_14581,2940,post_5055
like_14582,3054,post_5055
like_14583,2850,post_5055
like_14584,2896,post_5055
like_14585,3393,post_5056
like_14586,2915,post_5057
like_14587,3056,post_5057
like_14588,3232,post_5057
like_14589,3284,post_5057
like_14590,2910,post_5057
like_14591,2915,post_5058
like_14592,2913,post_5058
like_14593,2698,post_5058
like_14594,2960,post_5059
like_14595,3022,post_5060
like_14596,3158,post_5060
like_14597,2946,post_5060
like_14598,3215,post_5061
like_14599,3280,post_5062
like_14600,3201,post_5062
like_14601,2863,post_5063
like_14602,2934,post_5064
like_14603,3001,post_5064
like_14604,3359,post_5064
like_14605,3295,post_5065
like_14606,3107,post_5066
like_14607,2875,post_5066
like_14608,3054,post_5067
like_14609,3226,post_5067
like_14610,3033,post_5067
like_14611,2911,post_5067
like_14612,2909,post_5067
like_14613,2676,post_5067
like_14614,2912,post_5067
like_14615,3387,post_5067
like_14616,2777,post_5068
like_14617,3040,post_5068
like_14618,3098,post_5068
like_14619,3166,post_5068
like_14620,3047,post_5068
like_14621,2988,post_5069
like_14622,2738,post_5069
like_14623,3384,post_5069
like_14624,2676,post_5070
like_14625,3362,post_5070
like_14626,3417,post_5071
like_14627,2719,post_5072
like_14628,2823,post_5072
like_14629,3005,post_5073
like_14630,3116,post_5073
like_14631,3411,post_5073
like_14632,3111,post_5073
like_14633,2661,post_5073
like_14634,3185,post_5073
like_14635,2848,post_5074
like_14636,3272,post_5074
like_14637,3095,post_5075
like_14638,3090,post_5075
like_14639,3098,post_5075
like_14640,2786,post_5076
like_14641,2669,post_5076
like_14642,3237,post_5077
like_14643,2706,post_5077
like_14644,3000,post_5077
like_14645,3137,post_5077
like_14646,3117,post_5077
like_14647,3253,post_5078
like_14648,2959,post_5079
like_14649,2982,post_5079
like_14650,3056,post_5080
like_14651,2909,post_5080
like_14652,2906,post_5080
like_14653,3054,post_5081
like_14654,3076,post_5082
like_14655,3188,post_5082
like_14656,3185,post_5082
like_14657,3261,post_5083
like_14658,3017,post_5083
like_14659,3145,post_5083
like_14660,3274,post_5083
like_14661,3113,post_5083
like_14662,2958,post_5084
like_14663,3057,post_5084
like_14664,3347,post_5084
like_14665,3258,post_5085
like_14666,3390,post_5086
like_14667,58,post_5087
like_14668,3290,post_5087
like_14669,3322,post_5088
like_14670,2956,post_5089
like_14671,3300,post_5090
like_14672,2851,post_5090
like_14673,2959,post_5091
like_14674,3090,post_5092
like_14675,3293,post_5092
like_14676,2920,post_5093
like_14677,2877,post_5093
like_14678,2956,post_5093
like_14679,2663,post_5093
like_14680,2909,post_5093
like_14681,3193,post_5094
like_14682,3295,post_5095
like_14683,3019,post_5095
like_14684,3298,post_5095
like_14685,3415,post_5096
like_14686,3077,post_5096
like_14687,3154,post_5096
like_14688,2771,post_5097
like_14689,2836,post_5097
like_14690,3432,post_5097
like_14691,3280,post_5098
like_14692,2991,post_5098
like_14693,3172,post_5098
like_14694,2708,post_5098
like_14695,2701,post_5098
like_14696,3111,post_5098
like_14697,2937,post_5099
like_14698,3185,post_5099
like_14699,3331,post_5100
like_14700,2782,post_5101
like_14701,3022,post_5101
like_14702,3324,post_5101
like_14703,2749,post_5101
like_14704,2864,post_5102
like_14705,3054,post_5102
like_14706,2909,post_5103
like_14707,2946,post_5103
like_14708,3004,post_5103
like_14709,3004,post_5104
like_14710,3174,post_5104
like_14711,3327,post_5105
like_14712,2841,post_5105
like_14713,2663,post_5106
like_14714,3139,post_5106
like_14715,2726,post_5106
like_14716,3229,post_5106
like_14717,3392,post_5106
like_14718,3233,post_5107
like_14719,3051,post_5108
like_14720,3101,post_5108
like_14721,3038,post_5109
like_14722,3051,post_5110
like_14723,3180,post_5111
like_14724,3251,post_5111
like_14725,2930,post_5111
like_14726,3131,post_5111
like_14727,3181,post_5111
like_14728,2764,post_5112
like_14729,2725,post_5112
like_14730,3321,post_5113
like_14731,2785,post_5113
like_14732,3148,post_5113
like_14733,3211,post_5113
like_14734,3378,post_5114
like_14735,3214,post_5114
like_14736,3321,post_5115
like_14737,3188,post_5115
like_14738,2927,post_5116
like_14739,2985,post_5117
like_14740,3304,post_5117
like_14741,2880,post_5117
like_14742,3108,post_5117
like_14743,3084,post_5117
like_14744,2880,post_5118
like_14745,3004,post_5119
like_14746,2864,post_5119
like_14747,2909,post_5119
like_14748,2679,post_5119
like_14749,3226,post_5119
like_14750,3174,post_5119
like_14751,3284,post_5120
like_14752,2916,post_5120
like_14753,2927,post_5121
like_14754,3303,post_5121
like_14755,3078,post_5121
like_14756,2890,post_5121
like_14757,3047,post_5121
like_14758,2754,post_5121
like_14759,2928,post_5122
like_14760,3000,post_5122
like_14761,2960,post_5123
like_14762,2940,post_5124
like_14763,2872,post_5124
like_14764,2750,post_5124
like_14765,3026,post_5124
like_14766,2925,post_5124
like_14767,2749,post_5124
like_14768,2919,post_5125
like_14769,3362,post_5125
like_14770,3232,post_5125
like_14771,2746,post_5126
like_14772,3226,post_5126
like_14773,3220,post_5126
like_14774,3064,post_5126
like_14775,2988,post_5126
like_14776,3108,post_5126
like_14777,2920,post_5127
like_14778,2944,post_5127
like_14779,2897,post_5127
like_14780,2919,post_5127
like_14781,3090,post_5127
like_14782,2912,post_5128
like_14783,3226,post_5129
like_14784,2919,post_5129
like_14785,2679,post_5129
like_14786,2953,post_5130
like_14787,3250,post_5130
like_14788,3014,post_5130
like_14789,3033,post_5131
like_14790,3426,post_5131
like_14791,3047,post_5132
like_14792,2827,post_5132
like_14793,2966,post_5132
like_14794,2750,post_5132
like_14795,2782,post_5133
like_14796,3303,post_5133
like_14797,2916,post_5134
like_14798,2676,post_5134
like_14799,2877,post_5134
like_14800,3226,post_5134
like_14801,3253,post_5135
like_14802,3203,post_5135
like_14803,3256,post_5136
like_14804,3342,post_5136
like_14805,2866,post_5137
like_14806,3047,post_5137
like_14807,2738,post_5137
like_14808,2906,post_5137
like_14809,2866,post_5138
like_14810,2956,post_5138
like_14811,2866,post_5139
like_14812,2919,post_5139
like_14813,3117,post_5139
like_14814,3232,post_5140
like_14815,2987,post_5140
like_14816,2896,post_5140
like_14817,2679,post_5141
like_14818,2966,post_5141
like_14819,3108,post_5142
like_14820,3339,post_5143
like_14821,2865,post_5144
like_14822,3369,post_5144
like_14823,3417,post_5145
like_14824,2986,post_5145
like_14825,2664,post_5145
like_14826,3073,post_5145
like_14827,2916,post_5146
like_14828,3085,post_5146
like_14829,2806,post_5147
like_14830,2689,post_5147
like_14831,2969,post_5148
like_14832,2665,post_5149
like_14833,2984,post_5150
like_14834,3198,post_5150
like_14835,3028,post_5151
like_14836,3020,post_5152
like_14837,3292,post_5152
like_14838,2839,post_5153
like_14839,2756,post_5153
like_14840,2738,post_5154
like_14841,2956,post_5155
like_14842,3304,post_5155
like_14843,3284,post_5155
like_14844,2946,post_5155
like_14845,2961,post_5155
like_14846,2956,post_5156
like_14847,3304,post_5156
like_14848,2681,post_5156
like_14849,2755,post_5156
like_14850,3401,post_5157
like_14851,3427,post_5157
like_14852,3220,post_5158
like_14853,3047,post_5159
like_14854,2698,post_5159
like_14855,2944,post_5159
like_14856,3220,post_5159
like_14857,2669,post_5159
like_14858,2940,post_5159
like_14859,2956,post_5159
like_14860,3184,post_5160
like_14861,2981,post_5160
like_14862,2741,post_5160
like_14863,3364,post_5161
like_14864,3054,post_5161
like_14865,3426,post_5161
like_14866,3033,post_5161
like_14867,2897,post_5162
like_14868,2810,post_5162
like_14869,2867,post_5162
like_14870,2916,post_5162
like_14871,2956,post_5163
like_14872,2766,post_5163
like_14873,2827,post_5163
like_14874,3131,post_5164
like_14875,2732,post_5164
like_14876,3324,post_5165
like_14877,3394,post_5165
like_14878,3073,post_5165
like_14879,2986,post_5166
like_14880,3054,post_5166
like_14881,2679,post_5166
like_14882,2865,post_5167
like_14883,3404,post_5167
like_14884,2935,post_5168
like_14885,3028,post_5168
like_14886,2949,post_5168
like_14887,2892,post_5169
like_14888,2983,post_5170
like_14889,2997,post_5170
like_14890,3066,post_5170
like_14891,3267,post_5171
like_14892,3434,post_5172
like_14893,3198,post_5172
like_14894,3027,post_5172
like_14895,3350,post_5173
like_14896,2720,post_5174
like_14897,3280,post_5174
like_14898,3262,post_5174
like_14899,2730,post_5175
like_14900,3146,post_5176
like_14901,3049,post_5176
like_14902,3344,post_5176
like_14903,3391,post_5176
like_14904,3335,post_5176
like_14905,2661,post_5176
like_14906,3344,post_5177
like_14907,3277,post_5178
like_14908,2706,post_5179
like_14909,2919,post_5179
like_14910,3064,post_5179
like_14911,2925,post_5179
like_14912,2966,post_5180
like_14913,2925,post_5180
like_14914,2909,post_5180
like_14915,2694,post_5180
like_14916,2866,post_5180
like_14917,2981,post_5180
like_14918,2874,post_5181
like_14919,1642,post_5182
like_14920,2989,post_5183
like_14921,2665,post_5183
like_14922,3304,post_5183
like_14923,2960,post_5184
like_14924,3054,post_5185
like_14925,2835,post_5185
like_14926,2815,post_5185
like_14927,2920,post_5185
like_14928,2945,post_5185
like_14929,3387,post_5186
like_14930,2810,post_5186
like_14931,3004,post_5187
like_14932,2956,post_5188
like_14933,2917,post_5188
like_14934,2960,post_5188
like_14935,2907,post_5189
like_14936,2953,post_5189
like_14937,2920,post_5189
like_14938,2919,post_5189
like_14939,2945,post_5189
like_14940,2683,post_5190
like_14941,2907,post_5190
like_14942,3220,post_5191
like_14943,3029,post_5191
like_14944,2750,post_5191
like_14945,2961,post_5192
like_14946,3174,post_5193
like_14947,2880,post_5193
like_14948,3054,post_5193
like_14949,3263,post_5193
like_14950,3065,post_5194
like_14951,2775,post_5195
like_14952,2839,post_5196
like_14953,3023,post_5196
like_14954,2913,post_5196
like_14955,3066,post_5197
like_14956,2871,post_5198
like_14957,3182,post_5198
like_14958,2686,post_5199
like_14959,3115,post_5199
like_14960,3285,post_5200
like_14961,3233,post_5200
like_14962,2990,post_5200
like_14963,3207,post_5200
like_14964,2758,post_5200
like_14965,2739,post_5201
like_14966,3207,post_5201
like_14967,3263,post_5201
like_14968,3412,post_5202
like_14969,3346,post_5202
like_14970,2728,post_5202
like_14971,3233,post_5202
like_14972,3002,post_5203
like_14973,2845,post_5203
like_14974,3207,post_5203
like_14975,3007,post_5203
like_14976,3171,post_5203
like_14977,3001,post_5203
like_14978,3045,post_5204
like_14979,2946,post_5204
like_14980,2909,post_5205
like_14981,3221,post_5206
like_14982,3279,post_5206
like_14983,2932,post_5207
like_14984,3289,post_5207
like_14985,3404,post_5208
like_14986,2665,post_5208
like_14987,2729,post_5209
like_14988,2683,post_5209
like_14989,2800,post_5210
like_14990,2988,post_5211
like_14991,2756,post_5211
like_14992,2738,post_5211
like_14993,2685,post_5212
like_14994,3178,post_5213
like_14995,2882,post_5213
like_14996,2733,post_5213
like_14997,3423,post_5214
like_14998,3382,post_5214
like_14999,2972,post_5214
like_15000,3433,post_5215
like_15001,3387,post_5216
like_15002,2757,post_5216
like_15003,2967,post_5217
like_15004,2934,post_5218
like_15005,3084,post_5219
like_15006,3157,post_5220
like_15007,2938,post_5220
like_15008,2936,post_5221
like_15009,3301,post_5222
like_15010,2676,post_5222
like_15011,3257,post_5222
like_15012,2916,post_5222
like_15013,3119,post_5223
like_15014,3250,post_5223
like_15015,2664,post_5224
like_15016,2821,post_5224
like_15017,2905,post_5224
like_15018,3339,post_5224
like_15019,3078,post_5225
like_15020,3117,post_5225
like_15021,2694,post_5225
like_15022,3257,post_5225
like_15023,2880,post_5225
like_15024,3426,post_5226
like_15025,3054,post_5227
like_15026,2806,post_5227
like_15027,3004,post_5227
like_15028,2664,post_5227
like_15029,3258,post_5228
like_15030,3020,post_5228
like_15031,1666,post_5228
like_15032,2749,post_5229
like_15033,2827,post_5230
like_15034,2919,post_5230
like_15035,2676,post_5230
like_15036,2674,post_5231
like_15037,3344,post_5231
like_15038,2677,post_5232
like_15039,2813,post_5232
like_15040,1419,post_5232
like_15041,3283,post_5233
like_15042,3101,post_5234
like_15043,2976,post_5235
like_15044,3240,post_5235
like_15045,3101,post_5235
like_15046,3406,post_5235
like_15047,3054,post_5236
like_15048,2928,post_5236
like_15049,2945,post_5236
like_15050,2689,post_5236
like_15051,2810,post_5237
like_15052,2694,post_5237
like_15053,2791,post_5238
like_15054,3089,post_5239
like_15055,2756,post_5240
like_15056,2993,post_5240
like_15057,3243,post_5240
like_15058,2807,post_5241
like_15059,2663,post_5241
like_15060,2888,post_5242
like_15061,2851,post_5242
like_15062,3297,post_5243
like_15063,1758,post_5243
like_15064,2784,post_5243
like_15065,3270,post_5244
like_15066,2869,post_5244
like_15067,2863,post_5244
like_15068,3119,post_5245
like_15069,3400,post_5245
like_15070,3114,post_5246
like_15071,2731,post_5246
like_15072,3309,post_5247
like_15073,3382,post_5247
like_15074,2997,post_5248
like_15075,2805,post_5248
like_15076,2933,post_5248
like_15077,3027,post_5249
like_15078,3107,post_5249
like_15079,3206,post_5249
like_15080,2782,post_5250
like_15081,2913,post_5250
like_15082,3387,post_5250
like_15083,2669,post_5250
like_15084,2862,post_5251
like_15085,3232,post_5251
like_15086,2927,post_5251
like_15087,2676,post_5252
like_15088,3142,post_5252
like_15089,2986,post_5252
like_15090,3033,post_5252
like_15091,2960,post_5253
like_15092,3085,post_5253
like_15093,3220,post_5254
like_15094,2669,post_5254
like_15095,3163,post_5255
like_15096,3195,post_5255
like_15097,3166,post_5255
like_15098,2993,post_5255
like_15099,3026,post_5255
like_15100,3090,post_5255
like_15101,3090,post_5256
like_15102,2986,post_5257
like_15103,2924,post_5258
like_15104,2874,post_5258
like_15105,3240,post_5259
like_15106,3116,post_5260
like_15107,3406,post_5260
like_15108,3070,post_5260
like_15109,3360,post_5261
like_15110,2720,post_5261
like_15111,3240,post_5261
like_15112,2992,post_5261
like_15113,2828,post_5261
like_15114,3330,post_5261
like_15115,2951,post_5262
like_15116,3007,post_5262
like_15117,3378,post_5263
like_15118,3267,post_5263
like_15119,2778,post_5263
like_15120,2937,post_5263
like_15121,3035,post_5264
like_15122,2674,post_5264
like_15123,3378,post_5265
like_15124,2742,post_5266
like_15125,3240,post_5266
like_15126,2731,post_5267
like_15127,3226,post_5267
like_15128,2966,post_5267
like_15129,2755,post_5267
like_15130,2919,post_5268
like_15131,2756,post_5268
like_15132,3362,post_5268
like_15133,3435,post_5268
like_15134,3387,post_5268
like_15135,2931,post_5269
like_15136,2773,post_5270
like_15137,2786,post_5271
like_15138,2743,post_5271
like_15139,3168,post_5272
like_15140,2708,post_5272
like_15141,3140,post_5273
like_15142,3063,post_5274
like_15143,3157,post_5275
like_15144,2764,post_5276
like_15145,2927,post_5277
like_15146,2839,post_5277
like_15147,2835,post_5277
like_15148,3084,post_5277
like_15149,3435,post_5277
like_15150,3435,post_5278
like_15151,2966,post_5278
like_15152,2873,post_5279
like_15153,2890,post_5279
like_15154,2775,post_5280
like_15155,2829,post_5280
like_15156,3159,post_5280
like_15157,3359,post_5281
like_15158,3086,post_5281
like_15159,3027,post_5281
like_15160,3233,post_5282
like_15161,3420,post_5282
like_15162,2728,post_5282
like_15163,2892,post_5282
like_15164,2768,post_5282
like_15165,171,post_5283
like_15166,2745,post_5284
like_15167,2738,post_5284
like_15168,2927,post_5284
like_15169,2877,post_5284
like_15170,2864,post_5284
like_15171,2890,post_5285
like_15172,3060,post_5286
like_15173,3287,post_5286
like_15174,3347,post_5286
like_15175,3057,post_5286
like_15176,2875,post_5287
like_15177,2863,post_5288
like_15178,3154,post_5289
like_15179,2951,post_5289
like_15180,2881,post_5289
like_15181,3283,post_5290
like_15182,2670,post_5290
like_15183,3325,post_5290
like_15184,2703,post_5290
like_15185,2958,post_5291
like_15186,2888,post_5292
like_15187,3137,post_5292
like_15188,3061,post_5293
like_15189,2894,post_5294
like_15190,2701,post_5294
like_15191,2933,post_5295
like_15192,3155,post_5295
like_15193,3397,post_5296
like_15194,3109,post_5296
like_15195,2742,post_5296
like_15196,2914,post_5296
like_15197,3384,post_5297
like_15198,3303,post_5298
like_15199,2986,post_5298
like_15200,2738,post_5298
like_15201,2679,post_5298
like_15202,3329,post_5299
like_15203,2881,post_5299
like_15204,3267,post_5300
like_15205,2869,post_5300
like_15206,2951,post_5300
like_15207,3198,post_5301
like_15208,3111,post_5302
like_15209,3225,post_5302
like_15210,3367,post_5302
like_15211,3346,post_5303
like_15212,2662,post_5304
like_15213,2951,post_5304
like_15214,2724,post_5305
like_15215,3203,post_5305
like_15216,3379,post_5305
like_15217,2999,post_5306
like_15218,3102,post_5307
like_15219,2869,post_5307
like_15220,2698,post_5308
like_15221,2916,post_5309
like_15222,3348,post_5310
like_15223,2750,post_5310
like_15224,2782,post_5310
like_15225,2911,post_5310
like_15226,2866,post_5310
like_15227,3232,post_5311
like_15228,2727,post_5312
like_15229,2679,post_5313
like_15230,2837,post_5313
like_15231,3029,post_5314
like_15232,3084,post_5315
like_15233,2928,post_5316
like_15234,2993,post_5316
like_15235,3232,post_5316
like_15236,2773,post_5317
like_15237,3426,post_5317
like_15238,3326,post_5318
like_15239,3296,post_5318
like_15240,3107,post_5319
like_15241,2844,post_5319
like_15242,2825,post_5319
like_15243,2922,post_5320
like_15244,3433,post_5321
like_15245,2679,post_5321
like_15246,3084,post_5322
like_15247,3090,post_5322
like_15248,3220,post_5323
like_15249,2738,post_5323
like_15250,3364,post_5323
like_15251,2906,post_5323
like_15252,3104,post_5323
like_15253,3231,post_5324
like_15254,3167,post_5326
like_15255,3187,post_5326
like_15256,3259,post_5326
like_15257,3232,post_5327
like_15258,2705,post_5327
like_15259,2966,post_5327
like_15260,3238,post_5327
like_15261,2786,post_5327
like_15262,3080,post_5328
like_15263,3363,post_5328
like_15264,3228,post_5328
like_15265,3118,post_5329
like_15266,3043,post_5329
like_15267,2951,post_5329
like_15268,2939,post_5330
like_15269,3132,post_5330
like_15270,3335,post_5330
like_15271,2674,post_5331
like_15272,3206,post_5331
like_15273,3120,post_5331
like_15274,3378,post_5331
like_15275,3364,post_5332
like_15276,2792,post_5333
like_15277,3224,post_5334
like_15278,3035,post_5334
like_15279,3351,post_5334
like_15280,2989,post_5334
like_15281,3321,post_5334
like_15282,2833,post_5335
like_15283,3434,post_5335
like_15284,2720,post_5335
like_15285,3297,post_5335
like_15286,3258,post_5335
like_15287,3297,post_5336
like_15288,3377,post_5337
like_15289,3065,post_5338
like_15290,2839,post_5338
like_15291,3065,post_5339
like_15292,3117,post_5339
like_15293,3226,post_5339
like_15294,2669,post_5339
like_15295,2666,post_5339
like_15296,3339,post_5339
like_15297,3090,post_5340
like_15298,3399,post_5340
like_15299,3098,post_5340
like_15300,3209,post_5341
like_15301,2890,post_5342
like_15302,3426,post_5342
like_15303,3428,post_5342
like_15304,2913,post_5342
like_15305,2871,post_5343
like_15306,3119,post_5344
like_15307,2952,post_5345
like_15308,3109,post_5346
like_15309,2911,post_5347
like_15310,3022,post_5347
like_15311,3276,post_5348
like_15312,3296,post_5349
like_15313,3397,post_5350
like_15314,3297,post_5350
like_15315,3239,post_5350
like_15316,2715,post_5351
like_15317,3335,post_5351
like_15318,3113,post_5352
like_15319,2748,post_5352
like_15320,3170,post_5352
like_15321,3060,post_5352
like_15322,3298,post_5352
like_15323,3296,post_5353
like_15324,2684,post_5354
like_15325,3353,post_5354
like_15326,3296,post_5354
like_15327,2754,post_5355
like_15328,2873,post_5355
like_15329,3216,post_5356
like_15330,3200,post_5356
like_15331,3141,post_5356
like_15332,3218,post_5356
like_15333,2757,post_5357
like_15334,3085,post_5357
like_15335,2777,post_5357
like_15336,3426,post_5358
like_15337,3232,post_5358
like_15338,2919,post_5358
like_15339,3127,post_5359
like_15340,2694,post_5360
like_15341,2800,post_5360
like_15342,2906,post_5361
like_15343,1726,post_5362
like_15344,3041,post_5363
like_15345,3360,post_5363
like_15346,3299,post_5363
like_15347,3212,post_5363
like_15348,3345,post_5363
like_15349,3045,post_5364
like_15350,3396,post_5365
like_15351,3397,post_5365
like_15352,2973,post_5366
like_15353,3378,post_5367
like_15354,2748,post_5367
like_15355,2973,post_5367
like_15356,3182,post_5367
like_15357,3381,post_5367
like_15358,3266,post_5368
like_15359,3081,post_5368
like_15360,3233,post_5369
like_15361,2938,post_5369
like_15362,2997,post_5370
like_15363,2949,post_5370
like_15364,2910,post_5371
like_15365,2750,post_5371
like_15366,3078,post_5372
like_15367,2750,post_5373
like_15368,2759,post_5373
like_15369,2754,post_5374
like_15370,2925,post_5374
like_15371,3399,post_5374
like_15372,2694,post_5374
like_15373,3433,post_5374
like_15374,3108,post_5375
like_15375,3387,post_5375
like_15376,2910,post_5375
like_15377,2916,post_5375
like_15378,3033,post_5375
like_15379,2949,post_5376
like_15380,3189,post_5377
like_15381,2955,post_5377
like_15382,3157,post_5377
like_15383,2829,post_5378
like_15384,3176,post_5378
like_15385,2829,post_5379
like_15386,3146,post_5380
like_15387,3101,post_5380
like_15388,3201,post_5380
like_15389,2970,post_5381
like_15390,2973,post_5381
like_15391,2793,post_5381
like_15392,3049,post_5381
like_15393,3146,post_5381
like_15394,2989,post_5382
like_15395,3344,post_5382
like_15396,3330,post_5382
like_15397,3302,post_5384
like_15398,3097,post_5384
like_15399,3063,post_5384
like_15400,2891,post_5385
like_15401,2874,post_5385
like_15402,2945,post_5386
like_15403,3137,post_5386
like_15404,2749,post_5386
like_15405,2743,post_5386
like_15406,2794,post_5386
like_15407,3036,post_5386
like_15408,2891,post_5386
like_15409,3055,post_5387
like_15410,2772,post_5388
like_15411,2796,post_5389
like_15412,2778,post_5389
like_15413,2833,post_5389
like_15414,3116,post_5389
like_15415,2976,post_5390
like_15416,2672,post_5390
like_15417,2875,post_5390
like_15418,3378,post_5390
like_15419,3285,post_5391
like_15420,3420,post_5392
like_15421,2951,post_5392
like_15422,2900,post_5392
like_15423,2931,post_5393
like_15424,2943,post_5393
like_15425,2912,post_5393
like_15426,3129,post_5394
like_15427,2694,post_5394
like_15428,2872,post_5394
like_15429,3348,post_5394
like_15430,3004,post_5394
like_15431,3056,post_5394
like_15432,2753,post_5395
like_15433,2797,post_5396
like_15434,2753,post_5396
like_15435,3104,post_5397
like_15436,2807,post_5397
like_15437,2854,post_5397
like_15438,2837,post_5398
like_15439,3033,post_5398
like_15440,3394,post_5398
like_15441,3405,post_5399
like_15442,3266,post_5399
like_15443,3398,post_5400
like_15444,3116,post_5401
like_15445,3120,post_5401
like_15446,3277,post_5402
like_15447,3101,post_5402
like_15448,3185,post_5402
like_15449,2716,post_5402
like_15450,3320,post_5402
like_15451,3411,post_5403
like_15452,2716,post_5403
like_15453,3306,post_5403
like_15454,2886,post_5404
like_15455,2786,post_5405
like_15456,3324,post_5405
like_15457,2872,post_5405
like_15458,2738,post_5405
like_15459,2944,post_5406
like_15460,3232,post_5406
like_15461,3119,post_5406
like_15462,3090,post_5406
like_15463,3137,post_5406
like_15464,2666,post_5407
like_15465,3232,post_5407
like_15466,3257,post_5407
like_15467,2663,post_5407
like_15468,2987,post_5407
like_15469,2800,post_5408
like_15470,2777,post_5408
like_15471,2966,post_5408
like_15472,2705,post_5409
like_15473,3056,post_5409
like_15474,3284,post_5409
like_15475,3000,post_5410
like_15476,2925,post_5410
like_15477,2676,post_5410
like_15478,3065,post_5410
like_15479,3168,post_5411
like_15480,3420,post_5411
like_15481,2865,post_5412
like_15482,3385,post_5412
like_15483,3256,post_5412
like_15484,3296,post_5412
like_15485,2718,post_5413
like_15486,3253,post_5413
like_15487,2918,post_5413
like_15488,2791,post_5414
like_15489,2976,post_5415
like_15490,3209,post_5415
like_15491,3263,post_5415
like_15492,2780,post_5416
like_15493,3240,post_5416
like_15494,3252,post_5416
like_15495,3287,post_5416
like_15496,2769,post_5417
like_15497,2888,post_5417
like_15498,2994,post_5417
like_15499,3362,post_5418
like_15500,3123,post_5418
like_15501,3433,post_5418
like_15502,2769,post_5418
like_15503,3052,post_5418
like_15504,3257,post_5419
like_15505,2721,post_5420
like_15506,3077,post_5420
like_15507,3324,post_5421
like_15508,3171,post_5422
like_15509,2751,post_5422
like_15510,3204,post_5423
like_15511,2939,post_5423
like_15512,2765,post_5423
like_15513,3042,post_5424
like_15514,3226,post_5425
like_15515,2940,post_5425
like_15516,2676,post_5425
like_15517,2908,post_5425
like_15518,3301,post_5426
like_15519,2916,post_5426
like_15520,3174,post_5426
like_15521,3284,post_5426
like_15522,2815,post_5427
like_15523,2839,post_5427
like_15524,2755,post_5427
like_15525,2986,post_5427
like_15526,2928,post_5427
like_15527,3348,post_5427
like_15528,2968,post_5428
like_15529,3072,post_5428
like_15530,3342,post_5428
like_15531,2768,post_5428
like_15532,2669,post_5429
like_15533,3387,post_5430
like_15534,2690,post_5431
like_15535,2868,post_5431
like_15536,2682,post_5432
like_15537,2947,post_5432
like_15538,3366,post_5432
like_15539,3296,post_5433
like_15540,3146,post_5433
like_15541,2765,post_5434
like_15542,3214,post_5434
like_15543,3355,post_5435
like_15544,2793,post_5435
like_15545,3360,post_5435
like_15546,3247,post_5436
like_15547,3021,post_5437
like_15548,3280,post_5437
like_15549,2992,post_5437
like_15550,3132,post_5437
like_15551,3247,post_5437
like_15552,3185,post_5437
like_15553,3285,post_5438
like_15554,2738,post_5439
like_15555,3384,post_5439
like_15556,3243,post_5439
like_15557,3026,post_5440
like_15558,3251,post_5441
like_15559,3416,post_5442
like_15560,3116,post_5442
like_15561,3089,post_5443
like_15562,2828,post_5443
like_15563,3089,post_5444
like_15564,3087,post_5445
like_15565,2950,post_5446
like_15566,3219,post_5446
like_15567,2665,post_5446
like_15568,3024,post_5446
like_15569,3087,post_5447
like_15570,3187,post_5447
like_15571,2910,post_5448
like_15572,2966,post_5448
like_15573,3078,post_5448
like_15574,2944,post_5448
like_15575,3022,post_5449
like_15576,3096,post_5449
like_15577,2694,post_5449
like_15578,2966,post_5449
like_15579,2985,post_5450
like_15580,3260,post_5451
like_15581,3046,post_5451
like_15582,3188,post_5451
like_15583,3178,post_5452
like_15584,3224,post_5453
like_15585,2958,post_5453
like_15586,3378,post_5454
like_15587,3017,post_5455
like_15588,3150,post_5455
like_15589,2719,post_5455
like_15590,2958,post_5455
like_15591,2778,post_5456
like_15592,2833,post_5457
like_15593,3076,post_5458
like_15594,3169,post_5458
like_15595,3201,post_5458
like_15596,3320,post_5458
like_15597,3060,post_5458
like_15598,2863,post_5459
like_15599,2674,post_5459
like_15600,2719,post_5459
like_15601,3391,post_5459
like_15602,3434,post_5459
like_15603,3025,post_5460
like_15604,3231,post_5460
like_15605,3119,post_5461
like_15606,2786,post_5461
like_15607,2994,post_5461
like_15608,3435,post_5461
like_15609,3288,post_5462
like_15610,3082,post_5462
like_15611,3035,post_5463
like_15612,2849,post_5463
like_15613,3182,post_5464
like_15614,3132,post_5465
like_15615,3344,post_5465
like_15616,2989,post_5466
like_15617,3364,post_5467
like_15618,2839,post_5467
like_15619,2910,post_5467
like_15620,2916,post_5468
like_15621,3213,post_5468
like_15622,3040,post_5468
like_15623,3027,post_5468
like_15624,3363,post_5469
like_15625,2867,post_5469
like_15626,3078,post_5469
like_15627,3412,post_5470
like_15628,3158,post_5471
like_15629,2988,post_5472
like_15630,2928,post_5473
like_15631,3435,post_5473
like_15632,2905,post_5473
like_15633,2683,post_5473
like_15634,2766,post_5473
like_15635,3113,post_5474
like_15636,2781,post_5474
like_15637,2742,post_5475
like_15638,2808,post_5476
like_15639,2734,post_5476
like_15640,2805,post_5476
like_15641,3053,post_5477
like_15642,3105,post_5477
like_15643,2799,post_5477
like_15644,2987,post_5478
like_15645,2865,post_5479
like_15646,2831,post_5479
like_15647,3335,post_5479
like_15648,2831,post_5480
like_15649,3365,post_5480
like_15650,2865,post_5480
like_15651,2958,post_5480
like_15652,3077,post_5481
like_15653,2886,post_5482
like_15654,3074,post_5483
like_15655,3126,post_5484
like_15656,2949,post_5484
like_15657,3336,post_5484
like_15658,3083,post_5484
like_15659,3322,post_5484
like_15660,2757,post_5485
like_15661,2681,post_5485
like_15662,2931,post_5486
like_15663,2663,post_5487
like_15664,2978,post_5487
like_15665,3251,post_5488
like_15666,2902,post_5488
like_15667,2930,post_5488
like_15668,3297,post_5489
like_15669,3260,post_5489
like_15670,2904,post_5489
like_15671,3113,post_5489
like_15672,3344,post_5490
like_15673,3212,post_5490
like_15674,3351,post_5490
like_15675,3239,post_5490
like_15676,3332,post_5491
like_15677,3145,post_5491
like_15678,3116,post_5491
like_15679,3113,post_5491
like_15680,3280,post_5491
like_15681,3350,post_5491
like_15682,3247,post_5491
like_15683,3419,post_5491
like_15684,2707,post_5492
like_15685,3019,post_5492
like_15686,2668,post_5493
like_15687,2794,post_5494
like_15688,3219,post_5495
like_15689,2932,post_5496
like_15690,3123,post_5497
like_15691,2803,post_5498
like_15692,3026,post_5499
like_15693,3137,post_5499
like_15694,2851,post_5499
like_15695,3219,post_5500
like_15696,2996,post_5500
like_15697,3393,post_5500
like_15698,3393,post_5501
like_15699,2836,post_5501
like_15700,3122,post_5502
like_15701,3216,post_5502
like_15702,2839,post_5503
like_15703,3078,post_5503
like_15704,2966,post_5503
like_15705,2985,post_5503
like_15706,2782,post_5503
like_15707,3040,post_5504
like_15708,3163,post_5505
like_15709,2988,post_5505
like_15710,3153,post_5506
like_15711,3255,post_5507
like_15712,3261,post_5508
like_15713,3332,post_5509
like_15714,3330,post_5509
like_15715,2778,post_5510
like_15716,3277,post_5510
like_15717,3046,post_5511
like_15718,3381,post_5511
like_15719,2793,post_5511
like_15720,3198,post_5512
like_15721,3132,post_5512
like_15722,3381,post_5512
like_15723,3201,post_5512
like_15724,3344,post_5512
like_15725,3055,post_5513
like_15726,3422,post_5514
like_15727,3378,post_5514
like_15728,3306,post_5514
like_15729,3215,post_5514
like_15730,3272,post_5515
like_15731,3422,post_5515
like_15732,2742,post_5515
like_15733,3306,post_5515
like_15734,3381,post_5515
like_15735,2867,post_5516
like_15736,2666,post_5516
like_15737,3339,post_5516
like_15738,2669,post_5517
like_15739,3397,post_5518
like_15740,2950,post_5518
like_15741,3332,post_5519
like_15742,2716,post_5519
like_15743,2793,post_5519
like_15744,3411,post_5519
like_15745,2849,post_5519
like_15746,3101,post_5520
like_15747,3312,post_5521
like_15748,2768,post_5521
like_15749,3101,post_5522
like_15750,3397,post_5522
like_15751,3150,post_5522
like_15752,2973,post_5522
like_15753,3353,post_5522
like_15754,2876,post_5522
like_15755,2770,post_5523
like_15756,2785,post_5523
like_15757,3280,post_5524
like_15758,2863,post_5524
like_15759,3143,post_5525
like_15760,3229,post_5525
like_15761,2944,post_5525
like_15762,2960,post_5525
like_15763,3139,post_5525
like_15764,3068,post_5526
like_15765,3252,post_5526
like_15766,2900,post_5527
like_15767,3334,post_5527
like_15768,3077,post_5527
like_15769,3007,post_5527
like_15770,2730,post_5527
like_15771,3100,post_5528
like_15772,2737,post_5528
like_15773,2947,post_5528
like_15774,3295,post_5528
like_15775,3366,post_5528
like_15776,3012,post_5529
like_15777,2997,post_5529
like_15778,3264,post_5530
like_15779,3328,post_5531
like_15780,3327,post_5531
like_15781,2729,post_5532
like_15782,3195,post_5533
like_15783,3001,post_5534
like_15784,2893,post_5534
like_15785,3168,post_5534
like_15786,3386,post_5535
like_15787,3186,post_5535
like_15788,3154,post_5535
like_15789,2968,post_5536
like_15790,3177,post_5537
like_15791,2779,post_5537
like_15792,2951,post_5538
like_15793,2775,post_5538
like_15794,3285,post_5538
like_15795,3096,post_5539
like_15796,2678,post_5540
like_15797,2822,post_5540
like_15798,2826,post_5541
like_15799,3343,post_5541
like_15800,1656,post_5541
like_15801,3114,post_5542
like_15802,2786,post_5542
like_15803,2988,post_5542
like_15804,2821,post_5542
like_15805,3256,post_5543
like_15806,2775,post_5544
like_15807,2829,post_5544
like_15808,3381,post_5545
like_15809,3419,post_5545
like_15810,2991,post_5545
like_15811,3397,post_5545
like_15812,3082,post_5546
like_15813,3350,post_5547
like_15814,3347,post_5547
like_15815,2869,post_5548
like_15816,3050,post_5549
like_15817,3403,post_5550
like_15818,3396,post_5550
like_15819,3434,post_5550
like_15820,3112,post_5550
like_15821,3051,post_5551
like_15822,3381,post_5551
like_15823,2863,post_5551
like_15824,2778,post_5551
like_15825,3225,post_5552
like_15826,3017,post_5552
like_15827,3274,post_5552
like_15828,2918,post_5553
like_15829,2966,post_5554
like_15830,2680,post_5554
like_15831,3362,post_5555
like_15832,2946,post_5555
like_15833,3387,post_5555
like_15834,3348,post_5555
like_15835,3142,post_5555
like_15836,2994,post_5555
like_15837,3013,post_5556
like_15838,3002,post_5557
like_15839,3103,post_5557
like_15840,3207,post_5558
like_15841,3412,post_5558
like_15842,2662,post_5558
like_15843,3186,post_5558
like_15844,3019,post_5559
like_15845,3412,post_5559
like_15846,3086,post_5559
like_15847,3138,post_5560
like_15848,2803,post_5560
like_15849,3172,post_5561
like_15850,3116,post_5562
like_15851,2937,post_5562
like_15852,2701,post_5562
like_15853,3132,post_5562
like_15854,2661,post_5562
like_15855,3372,post_5563
like_15856,3372,post_5564
like_15857,2732,post_5564
like_15858,3261,post_5565
like_15859,2733,post_5565
like_15860,2894,post_5566
like_15861,3113,post_5566
like_15862,2661,post_5566
like_15863,2950,post_5566
like_15864,2778,post_5567
like_15865,2672,post_5567
like_15866,2708,post_5567
like_15867,2960,post_5569
like_15868,3234,post_5569
like_15869,3226,post_5569
like_15870,3014,post_5569
like_15871,3234,post_5570
like_15872,3417,post_5570
like_15873,3060,post_5571
like_15874,2742,post_5571
like_15875,3411,post_5571
like_15876,3360,post_5572
like_15877,3102,post_5572
like_15878,2840,post_5572
like_15879,2875,post_5572
like_15880,3419,post_5572
like_15881,3172,post_5572
like_15882,2991,post_5572
like_15883,3396,post_5573
like_15884,3272,post_5573
like_15885,3198,post_5573
like_15886,3233,post_5574
like_15887,3191,post_5574
like_15888,3404,post_5575
like_15889,2932,post_5575
like_15890,3049,post_5576
like_15891,3089,post_5576
like_15892,3194,post_5576
like_15893,3247,post_5577
like_15894,3320,post_5577
like_15895,3411,post_5577
like_15896,3219,post_5578
like_15897,3327,post_5579
like_15898,3007,post_5580
like_15899,2739,post_5580
like_15900,3002,post_5580
like_15901,2724,post_5581
like_15902,3017,post_5582
like_15903,3085,post_5583
like_15904,3414,post_5584
like_15905,3234,post_5584
like_15906,2948,post_5584
like_15907,3184,post_5584
like_15908,3023,post_5584
like_15909,3085,post_5584
like_15910,2742,post_5585
like_15911,2782,post_5586
like_15912,3033,post_5587
like_15913,3174,post_5587
like_15914,2944,post_5587
like_15915,2777,post_5587
like_15916,3301,post_5587
like_15917,2877,post_5587
like_15918,3096,post_5587
like_15919,3363,post_5587
like_15920,2718,post_5588
like_15921,2932,post_5588
like_15922,3136,post_5589
like_15923,2675,post_5589
like_15924,2718,post_5589
like_15925,2843,post_5589
like_15926,3321,post_5590
like_15927,3345,post_5590
like_15928,2894,post_5591
like_15929,3035,post_5591
like_15930,3051,post_5591
like_15931,3291,post_5591
like_15932,3146,post_5592
like_15933,3419,post_5593
like_15934,3106,post_5593
like_15935,3422,post_5593
like_15936,2753,post_5593
like_15937,3337,post_5594
like_15938,2799,post_5595
like_15939,3354,post_5595
like_15940,3360,post_5596
like_15941,2770,post_5596
like_15942,3106,post_5596
like_15943,3152,post_5596
like_15944,3120,post_5596
like_15945,2778,post_5597
like_15946,3179,post_5598
like_15947,3272,post_5598
like_15948,3320,post_5598
like_15949,2694,post_5599
like_15950,2724,post_5600
like_15951,3366,post_5600
like_15952,3321,post_5600
like_15953,3434,post_5601
like_15954,1505,post_5602
like_15955,3291,post_5603
like_15956,3391,post_5604
like_15957,3347,post_5604
like_15958,3295,post_5605
like_15959,3048,post_5606
like_15960,3013,post_5607
like_15961,3366,post_5608
like_15962,3072,post_5609
like_15963,2803,post_5609
like_15964,2730,post_5609
like_15965,3374,post_5610
like_15966,2716,post_5611
like_15967,3046,post_5611
like_15968,3345,post_5611
like_15969,3188,post_5611
like_15970,2974,post_5612
like_15971,2943,post_5612
like_15972,2839,post_5612
like_15973,2762,post_5613
like_15974,3221,post_5614
like_15975,3335,post_5615
like_15976,3053,post_5616
like_15977,3027,post_5617
like_15978,2686,post_5617
like_15979,3302,post_5617
like_15980,3034,post_5617
like_15981,2895,post_5617
like_15982,3105,post_5618
like_15983,3141,post_5618
like_15984,3337,post_5619
like_15985,2738,post_5620
like_15986,2743,post_5620
like_15987,2679,post_5620
like_15988,2910,post_5620
like_15989,2679,post_5621
like_15990,2907,post_5621
like_15991,3213,post_5621
like_15992,3327,post_5622
like_15993,2999,post_5623
like_15994,3057,post_5623
like_15995,3410,post_5624
like_15996,3285,post_5624
like_15997,3410,post_5625
like_15998,3355,post_5626
like_15999,3397,post_5627
like_16000,2833,post_5628
like_16001,3274,post_5629
like_16002,3024,post_5629
like_16003,3101,post_5630
like_16004,3320,post_5630
like_16005,3274,post_5630
like_16006,2872,post_5631
like_16007,3142,post_5631
like_16008,3232,post_5632
like_16009,3174,post_5632
like_16010,3184,post_5632
like_16011,3078,post_5632
like_16012,2694,post_5632
like_16013,2884,post_5633
like_16014,2960,post_5634
like_16015,2680,post_5634
like_16016,3231,post_5635
like_16017,3392,post_5637
like_16018,3137,post_5637
like_16019,3025,post_5637
like_16020,3229,post_5638
like_16021,2738,post_5638
like_16022,2683,post_5639
like_16023,2940,post_5639
like_16024,2915,post_5639
like_16025,3257,post_5640
like_16026,3137,post_5640
like_16027,2800,post_5641
like_16028,2683,post_5641
like_16029,2711,post_5642
like_16030,3176,post_5643
like_16031,3162,post_5643
like_16032,3415,post_5643
like_16033,3077,post_5644
like_16034,2662,post_5644
like_16035,3302,post_5644
like_16036,2698,post_5645
like_16037,3193,post_5645
like_16038,3362,post_5645
like_16039,3288,post_5646
like_16040,3035,post_5646
like_16041,2718,post_5647
like_16042,3359,post_5647
like_16043,2806,post_5648
like_16044,3052,post_5648
like_16045,3433,post_5649
like_16046,2849,post_5650
like_16047,2742,post_5651
like_16048,3332,post_5652
like_16049,3070,post_5652
like_16050,3038,post_5652
like_16051,3239,post_5652
like_16052,2748,post_5652
like_16053,2719,post_5653
like_16054,3291,post_5653
like_16055,3041,post_5653
like_16056,3224,post_5653
like_16057,3207,post_5654
like_16058,3223,post_5654
like_16059,2690,post_5655
like_16060,3435,post_5656
like_16061,3001,post_5657
like_16062,1450,post_5658
like_16063,3244,post_5659
like_16064,3434,post_5660
like_16065,2765,post_5660
like_16066,3240,post_5660
like_16067,2992,post_5661
like_16068,3239,post_5661
like_16069,2736,post_5662
like_16070,2771,post_5662
like_16071,3187,post_5663
like_16072,3195,post_5664
like_16073,3033,post_5664
like_16074,3180,post_5665
like_16075,3280,post_5666
like_16076,3021,post_5666
like_16077,2674,post_5667
like_16078,3187,post_5668
like_16079,3136,post_5669
like_16080,3385,post_5669
like_16081,3188,post_5669
like_16082,3411,post_5670
like_16083,3280,post_5670
like_16084,2955,post_5671
like_16085,2843,post_5671
like_16086,2758,post_5672
like_16087,2668,post_5673
like_16088,2807,post_5674
like_16089,3123,post_5674
like_16090,3362,post_5674
like_16091,2968,post_5675
like_16092,2675,post_5676
like_16093,3404,post_5676
like_16094,3018,post_5677
like_16095,3089,post_5678
like_16096,3051,post_5678
like_16097,3360,post_5678
like_16098,2716,post_5678
like_16099,3060,post_5679
like_16100,3332,post_5680
like_16101,3378,post_5680
like_16102,2875,post_5680
like_16103,2701,post_5680
like_16104,2936,post_5680
like_16105,3274,post_5680
like_16106,3350,post_5680
like_16107,3377,post_5681
like_16108,3320,post_5681
like_16109,2828,post_5681
like_16110,2937,post_5682
like_16111,3072,post_5683
like_16112,3020,post_5683
like_16113,1450,post_5684
like_16114,2941,post_5684
like_16115,2822,post_5684
like_16116,1534,post_5684
like_16117,2918,post_5685
like_16118,2816,post_5686
like_16119,2770,post_5687
like_16120,3101,post_5687
like_16121,2765,post_5688
like_16122,3247,post_5688
like_16123,3070,post_5688
like_16124,2722,post_5688
like_16125,3081,post_5689
like_16126,3297,post_5690
like_16127,3101,post_5690
like_16128,3316,post_5691
like_16129,2936,post_5692
like_16130,3407,post_5693
like_16131,3227,post_5694
like_16132,3080,post_5694
like_16133,2980,post_5695
like_16134,2869,post_5695
like_16135,2863,post_5695
like_16136,3141,post_5696
like_16137,2976,post_5697
like_16138,3378,post_5697
like_16139,3291,post_5697
like_16140,2876,post_5697
like_16141,2733,post_5698
like_16142,3254,post_5698
like_16143,3422,post_5698
like_16144,3412,post_5699
like_16145,2728,post_5699
like_16146,3422,post_5700
like_16147,3353,post_5701
like_16148,3396,post_5701
like_16149,3076,post_5701
like_16150,3422,post_5701
like_16151,3145,post_5701
like_16152,2858,post_5702
like_16153,2715,post_5703
like_16154,3205,post_5703
like_16155,3434,post_5704
like_16156,3145,post_5705
like_16157,2939,post_5705
like_16158,2764,post_5706
like_16159,3136,post_5707
like_16160,2780,post_5708
like_16161,2996,post_5708
like_16162,3374,post_5708
like_16163,2661,post_5709
like_16164,3252,post_5709
like_16165,3261,post_5710
like_16166,3185,post_5710
like_16167,2828,post_5710
like_16168,3082,post_5710
like_16169,3360,post_5710
like_16170,3391,post_5710
like_16171,3116,post_5710
like_16172,2875,post_5710
like_16173,3350,post_5711
like_16174,3291,post_5711
like_16175,3254,post_5711
like_16176,2992,post_5712
like_16177,2701,post_5712
like_16178,3347,post_5712
like_16179,3201,post_5712
like_16180,3261,post_5712
like_16181,3332,post_5712
like_16182,3297,post_5712
like_16183,3017,post_5713
like_16184,3076,post_5713
like_16185,3136,post_5714
like_16186,3309,post_5715
like_16187,3314,post_5715
like_16188,2699,post_5715
like_16189,3073,post_5716
like_16190,2877,post_5717
like_16191,2676,post_5717
like_16192,2916,post_5718
like_16193,3387,post_5718
like_16194,3324,post_5718
like_16195,2779,post_5719
like_16196,3086,post_5719
like_16197,2829,post_5719
like_16198,3233,post_5719
like_16199,2763,post_5720
like_16200,3184,post_5720
like_16201,3262,post_5721
like_16202,3353,post_5722
like_16203,3002,post_5722
like_16204,3051,post_5723
like_16205,3146,post_5723
like_16206,2892,post_5723
like_16207,2976,post_5724
like_16208,58,post_5725
like_16209,2937,post_5726
like_16210,3169,post_5726
like_16211,3252,post_5726
like_16212,3272,post_5726
like_16213,2712,post_5726
like_16214,2742,post_5727
like_16215,2904,post_5727
like_16216,2936,post_5728
like_16217,3017,post_5728
like_16218,2939,post_5728
like_16219,2951,post_5728
like_16220,2923,post_5729
like_16221,3228,post_5730
like_16222,3026,post_5730
like_16223,2874,post_5730
like_16224,3394,post_5730
like_16225,2945,post_5731
like_16226,3220,post_5731
like_16227,3078,post_5731
like_16228,2761,post_5732
like_16229,3315,post_5732
like_16230,2915,post_5732
like_16231,2934,post_5733
like_16232,3001,post_5734
like_16233,2820,post_5734
like_16234,3415,post_5734
like_16235,3100,post_5734
like_16236,3351,post_5735
like_16237,3344,post_5735
like_16238,3411,post_5735
like_16239,3051,post_5736
like_16240,2674,post_5736
like_16241,3280,post_5736
like_16242,3132,post_5736
like_16243,3169,post_5737
like_16244,2793,post_5737
like_16245,2863,post_5738
like_16246,3416,post_5739
like_16247,2979,post_5739
like_16248,3287,post_5740
like_16249,2937,post_5740
like_16250,3320,post_5741
like_16251,2785,post_5742
like_16252,3106,post_5742
like_16253,2833,post_5743
like_16254,3391,post_5743
like_16255,3406,post_5743
like_16256,3051,post_5743
like_16257,2712,post_5743
like_16258,3045,post_5744
like_16259,3193,post_5745
like_16260,2948,post_5745
like_16261,3195,post_5745
like_16262,3373,post_5746
like_16263,3292,post_5747
like_16264,3097,post_5747
like_16265,3021,post_5747
like_16266,3292,post_5748
like_16267,3014,post_5749
like_16268,3042,post_5749
like_16269,2695,post_5749
like_16270,3090,post_5749
like_16271,2961,post_5750
like_16272,2746,post_5750
like_16273,3072,post_5751
like_16274,2894,post_5752
like_16275,3082,post_5752
like_16276,3116,post_5752
like_16277,2785,post_5752
like_16278,2894,post_5753
like_16279,3298,post_5753
like_16280,2780,post_5754
like_16281,3266,post_5755
like_16282,2724,post_5755
like_16283,3325,post_5756
like_16284,2949,post_5757
like_16285,2670,post_5758
like_16286,2879,post_5758
like_16287,2703,post_5758
like_16288,3151,post_5759
like_16289,3224,post_5760
like_16290,3076,post_5761
like_16291,3309,post_5762
like_16292,3362,post_5763
like_16293,3169,post_5764
like_16294,3239,post_5764
like_16295,3267,post_5764
like_16296,2662,post_5764
like_16297,3394,post_5765
like_16298,2703,post_5766
like_16299,3283,post_5766
like_16300,3311,post_5766
like_16301,2834,post_5766
like_16302,2767,post_5766
like_16303,2693,post_5767
like_16304,2833,post_5767
like_16305,2764,post_5768
like_16306,3046,post_5768
like_16307,2863,post_5769
like_16308,3039,post_5770
like_16309,3406,post_5770
like_16310,3060,post_5770
like_16311,2716,post_5770
like_16312,3102,post_5770
like_16313,2793,post_5770
like_16314,2991,post_5771
like_16315,2733,post_5771
like_16316,3377,post_5771
like_16317,2672,post_5771
like_16318,3051,post_5772
like_16319,3197,post_5773
like_16320,3203,post_5773
like_16321,3406,post_5774
like_16322,3116,post_5774
like_16323,3066,post_5775
like_16324,3107,post_5776
like_16325,3113,post_5776
like_16326,2679,post_5777
like_16327,2673,post_5777
like_16328,2913,post_5777
like_16329,2956,post_5778
like_16330,2750,post_5778
like_16331,2944,post_5778
like_16332,2703,post_5779
like_16333,3393,post_5780
like_16334,3279,post_5780
like_16335,2781,post_5780
like_16336,3275,post_5781
like_16337,3060,post_5782
like_16338,2772,post_5782
like_16339,2700,post_5782
like_16340,990,post_5782
like_16341,2819,post_5782
like_16342,3072,post_5783
like_16343,3335,post_5784
like_16344,3211,post_5784
like_16345,2991,post_5784
like_16346,3335,post_5785
like_16347,3211,post_5786
like_16348,3302,post_5786
like_16349,3224,post_5786
like_16350,3373,post_5787
like_16351,3060,post_5788
like_16352,2708,post_5788
like_16353,3101,post_5789
like_16354,3179,post_5789
like_16355,2823,post_5789
like_16356,3294,post_5790
like_16357,3366,post_5791
like_16358,3215,post_5792
like_16359,3330,post_5792
like_16360,3278,post_5792
like_16361,2712,post_5792
like_16362,3278,post_5793
like_16363,2742,post_5793
like_16364,3330,post_5794
like_16365,3150,post_5794
like_16366,3126,post_5795
like_16367,3219,post_5796
like_16368,2686,post_5796
like_16369,3087,post_5796
like_16370,2955,post_5797
like_16371,3425,post_5798
like_16372,3376,post_5798
like_16373,2993,post_5799
like_16374,2905,post_5799
like_16375,2755,post_5799
like_16376,3426,post_5799
like_16377,3363,post_5799
like_16378,3348,post_5799
like_16379,2985,post_5799
like_16380,2669,post_5799
like_16381,3033,post_5800
like_16382,2944,post_5801
like_16383,2985,post_5801
like_16384,2906,post_5801
like_16385,2956,post_5801
like_16386,3222,post_5802
like_16387,2979,post_5802
like_16388,3292,post_5803
like_16389,2668,post_5803
like_16390,3190,post_5803
like_16391,3097,post_5804
like_16392,3072,post_5805
like_16393,3072,post_5806
like_16394,3302,post_5807
like_16395,2720,post_5808
like_16396,3345,post_5808
like_16397,3355,post_5808
like_16398,3416,post_5808
like_16399,3351,post_5809
like_16400,3252,post_5809
like_16401,2976,post_5809
like_16402,2901,post_5809
like_16403,3239,post_5809
like_16404,2748,post_5809
like_16405,3416,post_5810
like_16406,2904,post_5811
like_16407,3320,post_5812
like_16408,3140,post_5812
like_16409,3058,post_5813
like_16410,2904,post_5813
like_16411,3198,post_5813
like_16412,3162,post_5814
like_16413,2739,post_5814
like_16414,3295,post_5814
like_16415,2716,post_5815
like_16416,3051,post_5815
like_16417,3060,post_5815
like_16418,2770,post_5816
like_16419,3146,post_5816
like_16420,2863,post_5816
like_16421,2920,post_5817
like_16422,3426,post_5818
like_16423,2749,post_5818
like_16424,3054,post_5818
like_16425,3099,post_5819
like_16426,2894,post_5820
like_16427,3280,post_5821
like_16428,2793,post_5821
like_16429,3272,post_5821
like_16430,3070,post_5821
like_16431,3239,post_5822
like_16432,3101,post_5822
like_16433,3224,post_5822
like_16434,3344,post_5822
like_16435,2770,post_5823
like_16436,2796,post_5823
like_16437,3188,post_5824
like_16438,3306,post_5825
like_16439,3101,post_5825
like_16440,3182,post_5825
like_16441,2720,post_5826
like_16442,3141,post_5827
like_16443,3200,post_5827
like_16444,2719,post_5828
like_16445,3320,post_5828
like_16446,3406,post_5828
like_16447,3345,post_5829
like_16448,3176,post_5830
like_16449,2779,post_5830
like_16450,3285,post_5830
like_16451,3082,post_5831
like_16452,3264,post_5832
like_16453,3256,post_5832
like_16454,3369,post_5832
like_16455,2932,post_5832
like_16456,3366,post_5833
like_16457,3207,post_5833
like_16458,3101,post_5834
like_16459,3212,post_5834
like_16460,3406,post_5834
like_16461,2687,post_5834
like_16462,3345,post_5835
like_16463,3386,post_5835
like_16464,2941,post_5836
like_16465,2810,post_5837
like_16466,2839,post_5837
like_16467,2890,post_5837
like_16468,3315,post_5838
like_16469,2679,post_5838
like_16470,3096,post_5838
like_16471,3004,post_5838
like_16472,3390,post_5838
like_16473,2750,post_5839
like_16474,2872,post_5839
like_16475,2717,post_5839
like_16476,2956,post_5840
like_16477,2680,post_5840
like_16478,3096,post_5840
like_16479,2800,post_5840
like_16480,2850,post_5840
like_16481,2967,post_5841
like_16482,3114,post_5842
like_16483,2969,post_5843
like_16484,2988,post_5843
like_16485,2679,post_5843
like_16486,2758,post_5844
like_16487,3210,post_5845
like_16488,2779,post_5846
like_16489,3346,post_5846
like_16490,2900,post_5846
like_16491,3412,post_5847
like_16492,3076,post_5848
like_16493,3060,post_5848
like_16494,3063,post_5849
like_16495,2933,post_5849
like_16496,3256,post_5850
like_16497,2955,post_5850
like_16498,3366,post_5851
like_16499,3154,post_5851
like_16500,3233,post_5851
like_16501,2724,post_5851
like_16502,3103,post_5852
like_16503,3086,post_5852
like_16504,3007,post_5852
like_16505,3180,post_5853
like_16506,3331,post_5854
like_16507,2868,post_5854
like_16508,2939,post_5854
like_16509,3211,post_5855
like_16510,2677,post_5856
like_16511,3274,post_5856
like_16512,3425,post_5857
like_16513,3401,post_5857
like_16514,3402,post_5857
like_16515,3320,post_5858
like_16516,3172,post_5859
like_16517,3182,post_5859
like_16518,2778,post_5859
like_16519,3152,post_5859
like_16520,2828,post_5860
like_16521,3039,post_5860
like_16522,3112,post_5860
like_16523,3272,post_5860
like_16524,3346,post_5861
like_16525,3140,post_5861
like_16526,2668,post_5862
like_16527,3419,post_5863
like_16528,3049,post_5864
like_16529,3267,post_5865
like_16530,2982,post_5866
like_16531,3327,post_5867
like_16532,2694,post_5868
like_16533,2679,post_5868
like_16534,2843,post_5869
like_16535,2730,post_5869
like_16536,3253,post_5869
like_16537,2865,post_5870
like_16538,2795,post_5870
like_16539,3225,post_5871
like_16540,3019,post_5871
like_16541,2869,post_5872
like_16542,2989,post_5872
like_16543,3355,post_5872
like_16544,3174,post_5873
like_16545,2928,post_5873
like_16546,2683,post_5873
like_16547,2974,post_5873
like_16548,3036,post_5873
like_16549,2960,post_5873
like_16550,2928,post_5874
like_16551,2905,post_5874
like_16552,2777,post_5874
like_16553,2906,post_5874
like_16554,3324,post_5875
like_16555,3394,post_5875
like_16556,3248,post_5876
like_16557,2771,post_5876
like_16558,3387,post_5877
like_16559,3035,post_5878
like_16560,3434,post_5879
like_16561,3082,post_5879
like_16562,3120,post_5879
like_16563,2863,post_5879
like_16564,3231,post_5880
like_16565,3137,post_5880
like_16566,3256,post_5881
like_16567,3198,post_5881
like_16568,3137,post_5882
like_16569,2944,post_5882
like_16570,3333,post_5882
like_16571,2786,post_5882
like_16572,3333,post_5883
like_16573,2950,post_5884
like_16574,3369,post_5884
like_16575,3259,post_5884
like_16576,3279,post_5885
like_16577,2778,post_5886
like_16578,3287,post_5886
like_16579,3225,post_5886
like_16580,3281,post_5886
like_16581,3403,post_5887
like_16582,3116,post_5887
like_16583,3291,post_5887
like_16584,3170,post_5888
like_16585,2849,post_5888
like_16586,3262,post_5888
like_16587,3422,post_5888
like_16588,2687,post_5889
like_16589,3265,post_5889
like_16590,3391,post_5889
like_16591,3247,post_5889
like_16592,2753,post_5889
like_16593,3316,post_5890
like_16594,3060,post_5891
like_16595,3266,post_5892
like_16596,2912,post_5893
like_16597,2909,post_5893
like_16598,3387,post_5893
like_16599,3433,post_5893
like_16600,3339,post_5894
like_16601,2926,post_5895
like_16602,3256,post_5895
like_16603,3425,post_5896
like_16604,2894,post_5897
like_16605,3320,post_5897
like_16606,3332,post_5897
like_16607,3261,post_5897
like_16608,3101,post_5897
like_16609,3225,post_5898
like_16610,3263,post_5898
like_16611,3148,post_5899
like_16612,2675,post_5900
like_16613,3061,post_5901
like_16614,3391,post_5902
like_16615,3299,post_5902
like_16616,3120,post_5902
like_16617,2951,post_5902
like_16618,3299,post_5903
like_16619,3268,post_5904
like_16620,3187,post_5905
like_16621,3136,post_5906
like_16622,3329,post_5906
like_16623,3207,post_5907
like_16624,3420,post_5907
like_16625,3079,post_5908
like_16626,3350,post_5909
like_16627,3152,post_5909
like_16628,2748,post_5909
like_16629,3179,post_5909
like_16630,2951,post_5909
like_16631,3198,post_5909
like_16632,3182,post_5910
like_16633,3179,post_5910
like_16634,3201,post_5910
like_16635,3101,post_5910
like_16636,1405,post_5911
like_16637,3241,post_5911
like_16638,3103,post_5912
like_16639,2766,post_5913
like_16640,2821,post_5913
like_16641,2960,post_5914
like_16642,3023,post_5914
like_16643,3295,post_5915
like_16644,3366,post_5915
like_16645,3019,post_5915
like_16646,3154,post_5915
like_16647,3210,post_5915
like_16648,3391,post_5916
like_16649,2863,post_5916
like_16650,2863,post_5917
like_16651,3243,post_5918
like_16652,3047,post_5918
like_16653,2679,post_5918
like_16654,2729,post_5918
like_16655,2906,post_5918
like_16656,2994,post_5919
like_16657,3047,post_5919
like_16658,3324,post_5919
like_16659,2741,post_5919
like_16660,3196,post_5920
like_16661,3145,post_5921
like_16662,3252,post_5921
like_16663,3116,post_5921
like_16664,3330,post_5921
like_16665,3247,post_5922
like_16666,3145,post_5923
like_16667,2674,post_5923
like_16668,3051,post_5923
like_16669,3351,post_5923
like_16670,3007,post_5924
like_16671,2779,post_5924
like_16672,3410,post_5924
like_16673,2728,post_5924
like_16674,3086,post_5924
like_16675,3110,post_5925
like_16676,3017,post_5926
like_16677,3111,post_5926
like_16678,3172,post_5926
like_16679,3325,post_5927
like_16680,3008,post_5927
like_16681,2836,post_5928
like_16682,3402,post_5929
like_16683,3256,post_5929
like_16684,2680,post_5930
like_16685,2782,post_5930
like_16686,2986,post_5930
like_16687,3300,post_5930
like_16688,2986,post_5931
like_16689,2754,post_5931
like_16690,3104,post_5931
like_16691,2689,post_5931
like_16692,2815,post_5931
like_16693,3026,post_5931
like_16694,3226,post_5932
like_16695,2969,post_5932
like_16696,2943,post_5932
like_16697,3300,post_5932
like_16698,3284,post_5932
like_16699,2896,post_5932
like_16700,3376,post_5933
like_16701,3042,post_5934
like_16702,2926,post_5935
like_16703,3114,post_5936
like_16704,2700,post_5937
like_16705,2760,post_5938
like_16706,1758,post_5938
like_16707,3279,post_5938
like_16708,2994,post_5939
like_16709,2988,post_5939
like_16710,2873,post_5939
like_16711,3054,post_5940
like_16712,2986,post_5940
like_16713,3247,post_5941
like_16714,2863,post_5941
like_16715,2901,post_5941
like_16716,3386,post_5941
like_16717,2830,post_5941
like_16718,3082,post_5941
like_16719,3206,post_5942
like_16720,3051,post_5942
like_16721,3148,post_5942
like_16722,3291,post_5943
like_16723,2708,post_5943
like_16724,3406,post_5943
like_16725,3035,post_5943
like_16726,3344,post_5943
like_16727,3381,post_5944
like_16728,2674,post_5944
like_16729,3240,post_5944
like_16730,3261,post_5944
like_16731,2966,post_5945
like_16732,3022,post_5945
like_16733,2786,post_5945
like_16734,3195,post_5946
like_16735,3842,post_5948
like_16736,3448,post_5948
like_16737,3449,post_5949
like_16738,3760,post_5949
like_16739,3842,post_5949
like_16740,3799,post_5950
like_16741,3513,post_5950
like_16742,3938,post_5951
like_16743,3949,post_5952
like_16744,3753,post_5953
like_16745,3738,post_5954
like_16746,3859,post_5954
like_16747,3859,post_5955
like_16748,3582,post_5955
like_16749,3861,post_5956
like_16750,3904,post_5956
like_16751,3849,post_5956
like_16752,3742,post_5956
like_16753,3743,post_5957
like_16754,3819,post_5957
like_16755,3538,post_5957
like_16756,3624,post_5958
like_16757,3814,post_5958
like_16758,3490,post_5958
like_16759,3682,post_5959
like_16760,3679,post_5959
like_16761,3838,post_5960
like_16762,3693,post_5960
like_16763,3674,post_5961
like_16764,3684,post_5961
like_16765,3804,post_5962
like_16766,3576,post_5964
like_16767,3861,post_5966
like_16768,3677,post_5966
like_16769,3547,post_5966
like_16770,3867,post_5967
like_16771,3753,post_5968
like_16772,3722,post_5968
like_16773,3633,post_5969
like_16774,3938,post_5969
like_16775,3586,post_5969
like_16776,1085,post_5969
like_16777,3800,post_5969
like_16778,3830,post_5969
like_16779,3674,post_5970
like_16780,1085,post_5970
like_16781,3586,post_5970
like_16782,3800,post_5970
like_16783,3938,post_5971
like_16784,3703,post_5971
like_16785,3718,post_5972
like_16786,3951,post_5972
like_16787,3758,post_5973
like_16788,3443,post_5974
like_16789,3630,post_5975
like_16790,3634,post_5975
like_16791,3968,post_5976
like_16792,3824,post_5977
like_16793,3576,post_5977
like_16794,3680,post_5978
like_16795,3945,post_5979
like_16796,3895,post_5979
like_16797,3554,post_5979
like_16798,3774,post_5980
like_16799,3957,post_5980
like_16800,3460,post_5981
like_16801,3602,post_5981
like_16802,3533,post_5982
like_16803,3830,post_5982
like_16804,3568,post_5983
like_16805,3459,post_5984
like_16806,3753,post_5985
like_16807,3852,post_5986
like_16808,3902,post_5986
like_16809,3482,post_5987
like_16810,3739,post_5988
like_16811,3945,post_5989
like_16812,3926,post_5990
like_16813,3851,post_5990
like_16814,3966,post_5991
like_16815,3759,post_5992
like_16816,3465,post_5992
like_16817,3565,post_5993
like_16818,3766,post_5994
like_16819,3791,post_5994
like_16820,3967,post_5994
like_16821,3898,post_5995
like_16822,3919,post_5995
like_16823,3594,post_5995
like_16824,3449,post_5996
like_16825,3883,post_5997
like_16826,3553,post_5998
like_16827,3521,post_5998
like_16828,3685,post_5998
like_16829,3724,post_5999
like_16830,3568,post_6000
like_16831,3627,post_6001
like_16832,3900,post_6002
like_16833,3925,post_6003
like_16834,3551,post_6003
like_16835,3530,post_6003
like_16836,3496,post_6003
like_16837,3604,post_6004
like_16838,3860,post_6004
like_16839,3938,post_6004
like_16840,3858,post_6004
like_16841,3830,post_6005
like_16842,3825,post_6006
like_16843,3665,post_6006
like_16844,3676,post_6006
like_16845,3814,post_6007
like_16846,3480,post_6008
like_16847,3545,post_6008
like_16848,3930,post_6009
like_16849,3711,post_6010
like_16850,3584,post_6010
like_16851,3690,post_6011
like_16852,3583,post_6011
like_16853,3705,post_6011
like_16854,3860,post_6012
like_16855,3448,post_6013
like_16856,3948,post_6013
like_16857,3860,post_6013
like_16858,3872,post_6013
like_16859,3934,post_6013
like_16860,3550,post_6014
like_16861,3750,post_6014
like_16862,3684,post_6014
like_16863,3492,post_6014
like_16864,3722,post_6014
like_16865,3658,post_6015
like_16866,3542,post_6015
like_16867,3921,post_6016
like_16868,3705,post_6016
like_16869,3483,post_6017
like_16870,3834,post_6017
like_16871,3534,post_6017
like_16872,3719,post_6017
like_16873,3535,post_6017
like_16874,3508,post_6018
like_16875,3960,post_6018
like_16876,3674,post_6019
like_16877,3651,post_6019
like_16878,3864,post_6020
like_16879,3779,post_6021
like_16880,3551,post_6022
like_16881,3723,post_6022
like_16882,3442,post_6023
like_16883,3840,post_6023
like_16884,3810,post_6024
like_16885,3593,post_6024
like_16886,3680,post_6024
like_16887,3506,post_6025
like_16888,3644,post_6026
like_16889,3722,post_6026
like_16890,3791,post_6026
like_16891,3855,post_6027
like_16892,3855,post_6028
like_16893,3869,post_6028
like_16894,3668,post_6029
like_16895,3464,post_6029
like_16896,3724,post_6030
like_16897,3763,post_6031
like_16898,3724,post_6031
like_16899,3830,post_6032
like_16900,3800,post_6032
like_16901,3952,post_6033
like_16902,3799,post_6033
like_16903,3674,post_6034
like_16904,3707,post_6034
like_16905,3604,post_6035
like_16906,3596,post_6035
like_16907,3545,post_6035
like_16908,3485,post_6035
like_16909,3938,post_6035
like_16910,3460,post_6036
like_16911,3506,post_6036
like_16912,3566,post_6036
like_16913,3649,post_6037
like_16914,3581,post_6037
like_16915,3438,post_6038
like_16916,3860,post_6039
like_16917,3579,post_6040
like_16918,3470,post_6041
like_16919,3470,post_6042
like_16920,3753,post_6042
like_16921,3907,post_6042
like_16922,3802,post_6042
like_16923,3907,post_6043
like_16924,3930,post_6044
like_16925,3438,post_6044
like_16926,3649,post_6045
like_16927,3695,post_6045
like_16928,3898,post_6045
like_16929,3516,post_6045
like_16930,3535,post_6046
like_16931,3873,post_6047
like_16932,3501,post_6047
like_16933,3520,post_6048
like_16934,3573,post_6048
like_16935,3475,post_6048
like_16936,3862,post_6048
like_16937,3563,post_6048
like_16938,3713,post_6049
like_16939,3850,post_6049
like_16940,3472,post_6049
like_16941,3926,post_6050
like_16942,3966,post_6051
like_16943,3596,post_6052
like_16944,3829,post_6053
like_16945,3945,post_6053
like_16946,3487,post_6054
like_16947,3446,post_6055
like_16948,3662,post_6055
like_16949,3499,post_6056
like_16950,3501,post_6057
like_16951,3564,post_6058
like_16952,3568,post_6058
like_16953,3866,post_6059
like_16954,3624,post_6060
like_16955,3901,post_6061
like_16956,3725,post_6062
like_16957,3743,post_6062
like_16958,3690,post_6063
like_16959,3895,post_6063
like_16960,3734,post_6064
like_16961,3971,post_6064
like_16962,3471,post_6064
like_16963,3743,post_6065
like_16964,3725,post_6065
like_16965,3538,post_6065
like_16966,3852,post_6066
like_16967,3940,post_6067
like_16968,3475,post_6067
like_16969,3674,post_6068
like_16970,3841,post_6069
like_16971,3838,post_6070
like_16972,3518,post_6070
like_16973,3734,post_6070
like_16974,3604,post_6070
like_16975,3450,post_6071
like_16976,3531,post_6072
like_16977,3677,post_6073
like_16978,3779,post_6073
like_16979,3693,post_6073
like_16980,3547,post_6074
like_16981,3737,post_6074
like_16982,3897,post_6074
like_16983,3566,post_6075
like_16984,3536,post_6075
like_16985,3797,post_6076
like_16986,3961,post_6077
like_16987,3487,post_6077
like_16988,3925,post_6077
like_16989,3573,post_6078
like_16990,3705,post_6079
like_16991,3521,post_6079
like_16992,3598,post_6079
like_16993,3945,post_6080
like_16994,3680,post_6080
like_16995,3829,post_6080
like_16996,3529,post_6080
like_16997,3915,post_6080
like_16998,3510,post_6080
like_16999,3758,post_6081
like_17000,3492,post_6082
like_17001,3817,post_6082
like_17002,3540,post_6082
like_17003,3731,post_6083
like_17004,3488,post_6083
like_17005,3456,post_6083
like_17006,3687,post_6083
like_17007,3527,post_6083
like_17008,3506,post_6084
like_17009,3804,post_6085
like_17010,3691,post_6086
like_17011,3830,post_6086
like_17012,3945,post_6087
like_17013,3649,post_6088
like_17014,3523,post_6088
like_17015,3639,post_6088
like_17016,3594,post_6088
like_17017,3516,post_6088
like_17018,3830,post_6089
like_17019,3825,post_6090
like_17020,3534,post_6090
like_17021,3532,post_6090
like_17022,3756,post_6091
like_17023,3637,post_6091
like_17024,3477,post_6091
like_17025,3487,post_6092
like_17026,3912,post_6093
like_17027,3558,post_6094
like_17028,3623,post_6094
like_17029,3564,post_6094
like_17030,3947,post_6095
like_17031,3969,post_6096
like_17032,3822,post_6096
like_17033,3794,post_6096
like_17034,3918,post_6098
like_17035,3899,post_6098
like_17036,3822,post_6099
like_17037,3526,post_6100
like_17038,3702,post_6100
like_17039,3521,post_6101
like_17040,3640,post_6102
like_17041,3672,post_6103
like_17042,3872,post_6103
like_17043,3642,post_6104
like_17044,3573,post_6104
like_17045,3488,post_6104
like_17046,3574,post_6104
like_17047,3596,post_6104
like_17048,3756,post_6105
like_17049,3456,post_6105
like_17050,3633,post_6106
like_17051,1085,post_6106
like_17052,3944,post_6106
like_17053,3604,post_6107
like_17054,3860,post_6107
like_17055,3838,post_6107
like_17056,3683,post_6107
like_17057,3957,post_6108
like_17058,3546,post_6109
like_17059,3585,post_6109
like_17060,3649,post_6110
like_17061,3898,post_6110
like_17062,3752,post_6111
like_17063,3443,post_6111
like_17064,3825,post_6112
like_17065,3466,post_6112
like_17066,3758,post_6112
like_17067,3869,post_6112
like_17068,3764,post_6113
like_17069,3490,post_6114
like_17070,3938,post_6115
like_17071,3641,post_6116
like_17072,3455,post_6117
like_17073,3862,post_6117
like_17074,3827,post_6117
like_17075,3592,post_6118
like_17076,3944,post_6119
like_17077,3722,post_6119
like_17078,3608,post_6119
like_17079,3713,post_6120
like_17080,3486,post_6121
like_17081,3706,post_6121
like_17082,3506,post_6121
like_17083,3979,post_6122
like_17084,3506,post_6123
like_17085,3758,post_6123
like_17086,3558,post_6123
like_17087,3568,post_6123
like_17088,3782,post_6124
like_17089,3581,post_6125
like_17090,3883,post_6125
like_17091,3562,post_6125
like_17092,3898,post_6125
like_17093,3857,post_6126
like_17094,3473,post_6126
like_17095,3692,post_6127
like_17096,3779,post_6127
like_17097,3525,post_6127
like_17098,3828,post_6127
like_17099,3456,post_6127
like_17100,3790,post_6127
like_17101,3557,post_6128
like_17102,3627,post_6128
like_17103,3521,post_6129
like_17104,3521,post_6130
like_17105,3710,post_6131
like_17106,3498,post_6131
like_17107,3555,post_6132
like_17108,3583,post_6132
like_17109,3818,post_6133
like_17110,3738,post_6134
like_17111,3634,post_6134
like_17112,3452,post_6135
like_17113,3640,post_6136
like_17114,3605,post_6136
like_17115,3518,post_6136
like_17116,3938,post_6136
like_17117,3860,post_6136
like_17118,3828,post_6136
like_17119,3627,post_6136
like_17120,3721,post_6137
like_17121,3604,post_6138
like_17122,3514,post_6138
like_17123,3662,post_6139
like_17124,3933,post_6140
like_17125,3521,post_6141
like_17126,3968,post_6142
like_17127,3721,post_6142
like_17128,3660,post_6143
like_17129,3953,post_6143
like_17130,3462,post_6144
like_17131,3930,post_6145
like_17132,3893,post_6146
like_17133,3649,post_6147
like_17134,3562,post_6147
like_17135,3481,post_6147
like_17136,3652,post_6148
like_17137,3758,post_6148
like_17138,3521,post_6149
like_17139,3815,post_6149
like_17140,3638,post_6150
like_17141,3848,post_6150
like_17142,3513,post_6150
like_17143,3690,post_6151
like_17144,3568,post_6151
like_17145,3825,post_6152
like_17146,3577,post_6153
like_17147,3851,post_6153
like_17148,3456,post_6153
like_17149,3880,post_6154
like_17150,3648,post_6155
like_17151,3906,post_6155
like_17152,3721,post_6156
like_17153,3690,post_6157
like_17154,3782,post_6158
like_17155,3786,post_6158
like_17156,3947,post_6158
like_17157,3535,post_6158
like_17158,3601,post_6158
like_17159,3949,post_6159
like_17160,3550,post_6160
like_17161,3495,post_6160
like_17162,3721,post_6160
like_17163,857,post_6161
like_17164,3916,post_6161
like_17165,3592,post_6161
like_17166,3839,post_6161
like_17167,3545,post_6162
like_17168,3962,post_6163
like_17169,3739,post_6164
like_17170,3728,post_6165
like_17171,3521,post_6165
like_17172,3713,post_6165
like_17173,3829,post_6166
like_17174,3584,post_6167
like_17175,3791,post_6168
like_17176,3962,post_6169
like_17177,1085,post_6169
like_17178,3830,post_6169
like_17179,3586,post_6170
like_17180,3830,post_6170
like_17181,3971,post_6170
like_17182,3469,post_6171
like_17183,3557,post_6172
like_17184,3710,post_6173
like_17185,3659,post_6174
like_17186,3918,post_6175
like_17187,3649,post_6176
like_17188,3938,post_6177
like_17189,3967,post_6178
like_17190,3920,post_6178
like_17191,3731,post_6179
like_17192,3640,post_6179
like_17193,3870,post_6180
like_17194,3794,post_6180
like_17195,3506,post_6181
like_17196,3553,post_6182
like_17197,3747,post_6182
like_17198,3472,post_6182
like_17199,3508,post_6182
like_17200,3607,post_6182
like_17201,3482,post_6182
like_17202,3698,post_6182
like_17203,3685,post_6182
like_17204,3617,post_6183
like_17205,3623,post_6183
like_17206,3782,post_6183
like_17207,3680,post_6183
like_17208,3568,post_6183
like_17209,3459,post_6183
like_17210,3558,post_6184
like_17211,3932,post_6185
like_17212,3758,post_6186
like_17213,3620,post_6186
like_17214,3581,post_6187
like_17215,3639,post_6187
like_17216,3633,post_6189
like_17217,3456,post_6189
like_17218,1085,post_6189
like_17219,3858,post_6189
like_17220,3466,post_6190
like_17221,3825,post_6190
like_17222,3720,post_6191
like_17223,3545,post_6192
like_17224,3641,post_6193
like_17225,3791,post_6193
like_17226,3587,post_6193
like_17227,3920,post_6193
like_17228,3967,post_6193
like_17229,3948,post_6194
like_17230,3830,post_6195
like_17231,3633,post_6195
like_17232,3756,post_6195
like_17233,3819,post_6196
like_17234,3892,post_6196
like_17235,3576,post_6197
like_17236,3604,post_6197
like_17237,3891,post_6197
like_17238,3596,post_6197
like_17239,3610,post_6198
like_17240,3775,post_6199
like_17241,3780,post_6199
like_17242,3948,post_6200
like_17243,3441,post_6201
like_17244,3713,post_6202
like_17245,3500,post_6203
like_17246,3960,post_6203
like_17247,3825,post_6204
like_17248,3489,post_6204
like_17249,3590,post_6205
like_17250,3599,post_6205
like_17251,3629,post_6205
like_17252,3886,post_6206
like_17253,3842,post_6206
like_17254,3495,post_6206
like_17255,3829,post_6207
like_17256,3945,post_6207
like_17257,3469,post_6207
like_17258,3813,post_6208
like_17259,3557,post_6209
like_17260,3948,post_6210
like_17261,3499,post_6211
like_17262,3604,post_6212
like_17263,3928,post_6212
like_17264,3930,post_6212
like_17265,3575,post_6212
like_17266,3804,post_6212
like_17267,3530,post_6213
like_17268,3979,post_6214
like_17269,3544,post_6214
like_17270,3456,post_6214
like_17271,3604,post_6215
like_17272,3596,post_6215
like_17273,3837,post_6216
like_17274,3836,post_6216
like_17275,3825,post_6217
like_17276,3604,post_6218
like_17277,3948,post_6218
like_17278,3539,post_6219
like_17279,3536,post_6220
like_17280,3554,post_6221
like_17281,3645,post_6221
like_17282,3593,post_6221
like_17283,3833,post_6221
like_17284,3485,post_6222
like_17285,3545,post_6222
like_17286,3949,post_6223
like_17287,3549,post_6223
like_17288,3447,post_6223
like_17289,3830,post_6224
like_17290,3525,post_6224
like_17291,3756,post_6224
like_17292,3944,post_6224
like_17293,3578,post_6224
like_17294,1085,post_6225
like_17295,3484,post_6225
like_17296,3966,post_6225
like_17297,3621,post_6225
like_17298,3540,post_6226
like_17299,3563,post_6226
like_17300,3971,post_6226
like_17301,3598,post_6227
like_17302,3635,post_6228
like_17303,3966,post_6229
like_17304,3596,post_6229
like_17305,3556,post_6230
like_17306,3721,post_6231
like_17307,3621,post_6231
like_17308,3617,post_6232
like_17309,3494,post_6232
like_17310,3539,post_6232
like_17311,3955,post_6232
like_17312,3617,post_6233
like_17313,3895,post_6233
like_17314,3830,post_6234
like_17315,3560,post_6234
like_17316,3540,post_6235
like_17317,3693,post_6235
like_17318,3480,post_6235
like_17319,3712,post_6235
like_17320,3577,post_6235
like_17321,3449,post_6235
like_17322,3667,post_6236
like_17323,3677,post_6237
like_17324,3970,post_6238
like_17325,3586,post_6238
like_17326,3948,post_6238
like_17327,3608,post_6239
like_17328,3523,post_6240
like_17329,3639,post_6240
like_17330,3481,post_6240
like_17331,3883,post_6240
like_17332,3500,post_6241
like_17333,3492,post_6242
like_17334,3553,post_6243
like_17335,3439,post_6244
like_17336,3616,post_6244
like_17337,3813,post_6245
like_17338,3774,post_6246
like_17339,3759,post_6246
like_17340,3830,post_6247
like_17341,3557,post_6247
like_17342,3605,post_6248
like_17343,3527,post_6248
like_17344,3654,post_6249
like_17345,3891,post_6250
like_17346,3494,post_6251
like_17347,3763,post_6251
like_17348,3615,post_6251
like_17349,3591,post_6252
like_17350,3930,post_6253
like_17351,3488,post_6253
like_17352,3514,post_6254
like_17353,3579,post_6255
like_17354,3753,post_6257
like_17355,3636,post_6257
like_17356,3455,post_6257
like_17357,3921,post_6257
like_17358,3969,post_6258
like_17359,3903,post_6258
like_17360,3648,post_6258
like_17361,3810,post_6258
like_17362,3794,post_6258
like_17363,3586,post_6259
like_17364,3608,post_6260
like_17365,3636,post_6260
like_17366,3951,post_6261
like_17367,3822,post_6261
like_17368,3815,post_6262
like_17369,3932,post_6263
like_17370,3744,post_6264
like_17371,3758,post_6265
like_17372,3947,post_6265
like_17373,3969,post_6265
like_17374,3810,post_6266
like_17375,3593,post_6267
like_17376,3787,post_6268
like_17377,3689,post_6269
like_17378,3948,post_6269
like_17379,3773,post_6270
like_17380,3778,post_6270
like_17381,3876,post_6270
like_17382,3907,post_6270
like_17383,567,post_6271
like_17384,3539,post_6272
like_17385,3868,post_6273
like_17386,3529,post_6274
like_17387,3956,post_6274
like_17388,3745,post_6275
like_17389,3553,post_6276
like_17390,3722,post_6276
like_17391,3753,post_6276
like_17392,3629,post_6276
like_17393,3790,post_6278
like_17394,3574,post_6279
like_17395,3610,post_6280
like_17396,3954,post_6281
like_17397,3861,post_6281
like_17398,3456,post_6282
like_17399,3640,post_6282
like_17400,3611,post_6282
like_17401,3495,post_6283
like_17402,3929,post_6283
like_17403,3656,post_6283
like_17404,3442,post_6284
like_17405,3948,post_6285
like_17406,3667,post_6285
like_17407,3512,post_6286
like_17408,3449,post_6286
like_17409,3945,post_6287
like_17410,3937,post_6287
like_17411,3726,post_6287
like_17412,3874,post_6288
like_17413,3921,post_6289
like_17414,3629,post_6289
like_17415,3735,post_6290
like_17416,3797,post_6291
like_17417,3849,post_6292
like_17418,3657,post_6293
like_17419,3830,post_6294
like_17420,3717,post_6294
like_17421,3606,post_6295
like_17422,3727,post_6295
like_17423,3949,post_6295
like_17424,3846,post_6296
like_17425,3964,post_6297
like_17426,3960,post_6297
like_17427,3547,post_6297
like_17428,3696,post_6298
like_17429,3918,post_6300
like_17430,3938,post_6301
like_17431,3831,post_6301
like_17432,3596,post_6301
like_17433,3830,post_6302
like_17434,3596,post_6302
like_17435,3787,post_6303
like_17436,3738,post_6304
like_17437,3529,post_6304
like_17438,3553,post_6305
like_17439,3722,post_6305
like_17440,3483,post_6306
like_17441,3830,post_6307
like_17442,3703,post_6307
like_17443,3625,post_6308
like_17444,3938,post_6308
like_17445,3656,post_6308
like_17446,3968,post_6309
like_17447,3633,post_6309
like_17448,3545,post_6309
like_17449,3477,post_6309
like_17450,3476,post_6310
like_17451,3759,post_6310
like_17452,3708,post_6310
like_17453,3810,post_6311
like_17454,3969,post_6311
like_17455,3476,post_6312
like_17456,3830,post_6313
like_17457,3529,post_6314
like_17458,3574,post_6315
like_17459,3646,post_6316
like_17460,3924,post_6316
like_17461,3915,post_6317
like_17462,3930,post_6318
like_17463,3791,post_6319
like_17464,3809,post_6319
like_17465,3532,post_6320
like_17466,3764,post_6320
like_17467,3927,post_6320
like_17468,3623,post_6321
like_17469,3455,post_6322
like_17470,3629,post_6322
like_17471,3710,post_6322
like_17472,3534,post_6323
like_17473,3604,post_6323
like_17474,3459,post_6323
like_17475,3855,post_6324
like_17476,3727,post_6324
like_17477,3779,post_6325
like_17478,3950,post_6325
like_17479,3756,post_6325
like_17480,3526,post_6326
like_17481,3465,post_6327
like_17482,3957,post_6327
like_17483,3579,post_6327
like_17484,3544,post_6328
like_17485,3660,post_6328
like_17486,3454,post_6328
like_17487,3496,post_6328
like_17488,3655,post_6329
like_17489,3696,post_6329
like_17490,3803,post_6330
like_17491,3617,post_6330
like_17492,3829,post_6330
like_17493,3753,post_6331
like_17494,3772,post_6332
like_17495,3610,post_6332
like_17496,3596,post_6333
like_17497,3946,post_6334
like_17498,3786,post_6335
like_17499,3623,post_6336
like_17500,3931,post_6336
like_17501,3960,post_6337
like_17502,3438,post_6338
like_17503,3973,post_6338
like_17504,3966,post_6339
like_17505,3782,post_6340
like_17506,3751,post_6341
like_17507,3632,post_6341
like_17508,3633,post_6342
like_17509,3720,post_6343
like_17510,3653,post_6343
like_17511,3918,post_6343
like_17512,3737,post_6344
like_17513,3832,post_6344
like_17514,3766,post_6345
like_17515,3776,post_6345
like_17516,3920,post_6345
like_17517,3882,post_6346
like_17518,3818,post_6347
like_17519,3825,post_6347
like_17520,3900,post_6348
like_17521,3463,post_6348
like_17522,3900,post_6349
like_17523,3706,post_6349
like_17524,3855,post_6350
like_17525,3750,post_6351
like_17526,3470,post_6352
like_17527,3577,post_6353
like_17528,3844,post_6355
like_17529,3824,post_6356
like_17530,3885,post_6357
like_17531,3921,post_6358
like_17532,3680,post_6359
like_17533,3555,post_6359
like_17534,3672,post_6360
like_17535,3640,post_6360
like_17536,3845,post_6360
like_17537,3557,post_6360
like_17538,3916,post_6361
like_17539,3449,post_6361
like_17540,3950,post_6361
like_17541,3440,post_6361
like_17542,3624,post_6362
like_17543,3905,post_6362
like_17544,3789,post_6363
like_17545,3544,post_6364
like_17546,3508,post_6365
like_17547,3593,post_6366
like_17548,3568,post_6367
like_17549,3546,post_6368
like_17550,3745,post_6369
like_17551,3669,post_6370
like_17552,3662,post_6371
like_17553,3599,post_6372
like_17554,3907,post_6372
like_17555,3740,post_6372
like_17556,3648,post_6373
like_17557,3694,post_6373
like_17558,3484,post_6374
like_17559,3593,post_6375
like_17560,3725,post_6376
like_17561,3874,post_6376
like_17562,3912,post_6376
like_17563,3511,post_6378
like_17564,3622,post_6378
like_17565,3906,post_6379
like_17566,3764,post_6379
like_17567,3714,post_6380
like_17568,3486,post_6380
like_17569,3870,post_6380
like_17570,3906,post_6380
like_17571,3617,post_6381
like_17572,3539,post_6381
like_17573,3535,post_6381
like_17574,3873,post_6382
like_17575,3612,post_6383
like_17576,3468,post_6384
like_17577,3558,post_6385
like_17578,3778,post_6386
like_17579,3553,post_6386
like_17580,3722,post_6386
like_17581,3455,post_6386
like_17582,3966,post_6387
like_17583,3658,post_6387
like_17584,3555,post_6388
like_17585,3821,post_6389
like_17586,3633,post_6390
like_17587,3674,post_6390
like_17588,3962,post_6390
like_17589,3656,post_6390
like_17590,3883,post_6390
like_17591,3790,post_6390
like_17592,3586,post_6391
like_17593,3604,post_6391
like_17594,3970,post_6392
like_17595,3734,post_6392
like_17596,3670,post_6392
like_17597,3502,post_6392
like_17598,3824,post_6393
like_17599,3456,post_6393
like_17600,3518,post_6394
like_17601,3640,post_6394
like_17602,3528,post_6394
like_17603,3810,post_6395
like_17604,3631,post_6395
like_17605,3591,post_6395
like_17606,3568,post_6396
like_17607,3617,post_6396
like_17608,3881,post_6396
like_17609,3821,post_6396
like_17610,3802,post_6397
like_17611,3675,post_6398
like_17612,3675,post_6399
like_17613,3926,post_6400
like_17614,3462,post_6400
like_17615,3930,post_6401
like_17616,3944,post_6402
like_17617,3586,post_6403
like_17618,3677,post_6403
like_17619,3504,post_6403
like_17620,3850,post_6404
like_17621,3684,post_6405
like_17622,3625,post_6405
like_17623,3788,post_6406
like_17624,3948,post_6407
like_17625,3438,post_6408
like_17626,3825,post_6409
like_17627,3799,post_6410
like_17628,3485,post_6411
like_17629,3746,post_6412
like_17630,3953,post_6413
like_17631,3610,post_6413
like_17632,3674,post_6413
like_17633,3772,post_6413
like_17634,3592,post_6413
like_17635,3918,post_6414
like_17636,3742,post_6415
like_17637,3444,post_6415
like_17638,3835,post_6416
like_17639,3651,post_6417
like_17640,3491,post_6417
like_17641,3750,post_6417
like_17642,3448,post_6417
like_17643,3604,post_6418
like_17644,3471,post_6418
like_17645,3545,post_6419
like_17646,3902,post_6419
like_17647,3918,post_6421
like_17648,3643,post_6422
like_17649,3515,post_6422
like_17650,3725,post_6424
like_17651,3790,post_6425
like_17652,3545,post_6425
like_17653,3640,post_6425
like_17654,3938,post_6425
like_17655,3870,post_6426
like_17656,3738,post_6426
like_17657,3861,post_6426
like_17658,3543,post_6426
like_17659,3938,post_6427
like_17660,3640,post_6428
like_17661,3605,post_6428
like_17662,3830,post_6428
like_17663,3495,post_6428
like_17664,3454,post_6429
like_17665,3526,post_6430
like_17666,3490,post_6431
like_17667,3446,post_6431
like_17668,3894,post_6431
like_17669,3813,post_6432
like_17670,3911,post_6432
like_17671,3442,post_6433
like_17672,3906,post_6434
like_17673,3645,post_6434
like_17674,3623,post_6434
like_17675,3568,post_6434
like_17676,3511,post_6434
like_17677,3558,post_6434
like_17678,3442,post_6435
like_17679,3608,post_6435
like_17680,3815,post_6435
like_17681,3567,post_6436
like_17682,3593,post_6437
like_17683,3583,post_6438
like_17684,3870,post_6438
like_17685,3604,post_6438
like_17686,3680,post_6438
like_17687,3859,post_6439
like_17688,3903,post_6439
like_17689,3718,post_6439
like_17690,3917,post_6440
like_17691,3522,post_6441
like_17692,3512,post_6442
like_17693,3567,post_6443
like_17694,3538,post_6443
like_17695,3912,post_6443
like_17696,3887,post_6444
like_17697,3442,post_6445
like_17698,3629,post_6445
like_17699,3702,post_6446
like_17700,3605,post_6447
like_17701,3824,post_6447
like_17702,3617,post_6448
like_17703,3564,post_6448
like_17704,3622,post_6448
like_17705,3918,post_6449
like_17706,3830,post_6450
like_17707,3670,post_6450
like_17708,3866,post_6451
like_17709,3834,post_6451
like_17710,3468,post_6451
like_17711,3764,post_6451
like_17712,3534,post_6451
like_17713,3792,post_6452
like_17714,3680,post_6452
like_17715,3671,post_6452
like_17716,3481,post_6453
like_17717,3516,post_6453
like_17718,3695,post_6453
like_17719,3562,post_6453
like_17720,3687,post_6454
like_17721,3488,post_6454
like_17722,3456,post_6454
like_17723,3801,post_6455
like_17724,3525,post_6456
like_17725,3455,post_6456
like_17726,3674,post_6457
like_17727,3931,post_6458
like_17728,3674,post_6459
like_17729,3950,post_6459
like_17730,3592,post_6459
like_17731,3938,post_6460
like_17732,3539,post_6461
like_17733,3488,post_6462
like_17734,3838,post_6462
like_17735,3541,post_6463
like_17736,3836,post_6464
like_17737,3963,post_6465
like_17738,3580,post_6465
like_17739,3612,post_6466
like_17740,3718,post_6467
like_17741,3548,post_6468
like_17742,3523,post_6469
like_17743,3695,post_6469
like_17744,3613,post_6469
like_17745,3774,post_6470
like_17746,3757,post_6470
like_17747,3957,post_6470
like_17748,3718,post_6471
like_17749,3714,post_6471
like_17750,3680,post_6471
like_17751,3584,post_6471
like_17752,3809,post_6472
like_17753,3966,post_6473
like_17754,3762,post_6473
like_17755,3804,post_6474
like_17756,3951,post_6475
like_17757,3870,post_6475
like_17758,3458,post_6475
like_17759,3849,post_6476
like_17760,3861,post_6476
like_17761,3580,post_6477
like_17762,3662,post_6477
like_17763,3490,post_6477
like_17764,3558,post_6478
like_17765,3869,post_6478
like_17766,3931,post_6478
like_17767,3705,post_6479
like_17768,3521,post_6479
like_17769,3455,post_6479
like_17770,3842,post_6480
like_17771,3661,post_6480
like_17772,3511,post_6481
like_17773,3833,post_6481
like_17774,3924,post_6481
like_17775,3701,post_6482
like_17776,3669,post_6483
like_17777,3700,post_6483
like_17778,3830,post_6483
like_17779,3567,post_6484
like_17780,3892,post_6484
like_17781,3604,post_6485
like_17782,3794,post_6486
like_17783,3915,post_6486
like_17784,3510,post_6487
like_17785,3592,post_6488
like_17786,3871,post_6489
like_17787,3789,post_6490
like_17788,3848,post_6491
like_17789,3830,post_6492
like_17790,3562,post_6492
like_17791,3523,post_6492
like_17792,3696,post_6493
like_17793,3835,post_6494
like_17794,3442,post_6494
like_17795,3710,post_6495
like_17796,3802,post_6495
like_17797,3536,post_6496
like_17798,3787,post_6497
like_17799,3789,post_6497
like_17800,3751,post_6497
like_17801,3593,post_6498
like_17802,3551,post_6499
like_17803,3487,post_6499
like_17804,3559,post_6500
like_17805,3611,post_6500
like_17806,3672,post_6500
like_17807,3475,post_6500
like_17808,3821,post_6501
like_17809,3535,post_6501
like_17810,3610,post_6501
like_17811,3672,post_6502
like_17812,3633,post_6502
like_17813,3795,post_6503
like_17814,3877,post_6504
like_17815,3887,post_6505
like_17816,3638,post_6506
like_17817,3513,post_6506
like_17818,3716,post_6506
like_17819,3799,post_6506
like_17820,3587,post_6507
like_17821,3762,post_6508
like_17822,3521,post_6510
like_17823,3442,post_6510
like_17824,3752,post_6511
like_17825,3488,post_6512
like_17826,3518,post_6512
like_17827,3605,post_6512
like_17828,3930,post_6512
like_17829,3633,post_6513
like_17830,3586,post_6513
like_17831,3721,post_6513
like_17832,3456,post_6513
like_17833,3851,post_6513
like_17834,3963,post_6514
like_17835,3475,post_6515
like_17836,3966,post_6515
like_17837,3471,post_6515
like_17838,3442,post_6516
like_17839,3645,post_6516
like_17840,3561,post_6517
like_17841,3830,post_6518
like_17842,3889,post_6519
like_17843,3577,post_6519
like_17844,3495,post_6519
like_17845,3577,post_6520
like_17846,3554,post_6521
like_17847,3690,post_6522
like_17848,3782,post_6523
like_17849,3786,post_6523
like_17850,3495,post_6524
like_17851,3877,post_6524
like_17852,3633,post_6524
like_17853,3851,post_6524
like_17854,3651,post_6524
like_17855,3683,post_6524
like_17856,3674,post_6524
like_17857,3651,post_6525
like_17858,3938,post_6525
like_17859,3944,post_6525
like_17860,3624,post_6526
like_17861,3682,post_6526
like_17862,3522,post_6527
like_17863,3810,post_6528
like_17864,3646,post_6529
like_17865,3896,post_6529
like_17866,3969,post_6529
like_17867,3711,post_6529
like_17868,3870,post_6529
like_17869,3591,post_6529
like_17870,3638,post_6530
like_17871,3775,post_6531
like_17872,3861,post_6532
like_17873,3733,post_6532
like_17874,3680,post_6533
like_17875,3690,post_6533
like_17876,3823,post_6534
like_17877,3945,post_6535
like_17878,3532,post_6535
like_17879,3899,post_6536
like_17880,3918,post_6536
like_17881,3701,post_6536
like_17882,3975,post_6536
like_17883,3571,post_6536
like_17884,3558,post_6537
like_17885,3515,post_6537
like_17886,3503,post_6538
like_17887,3664,post_6539
like_17888,3723,post_6540
like_17889,3938,post_6541
like_17890,3894,post_6542
like_17891,3939,post_6542
like_17892,3546,post_6542
like_17893,3806,post_6542
like_17894,3836,post_6543
like_17895,3500,post_6543
like_17896,3571,post_6544
like_17897,3687,post_6545
like_17898,3920,post_6546
like_17899,3550,post_6547
like_17900,3506,post_6548
like_17901,3620,post_6548
like_17902,3620,post_6549
like_17903,3584,post_6549
like_17904,3826,post_6549
like_17905,3619,post_6550
like_17906,3475,post_6551
like_17907,3633,post_6551
like_17908,3780,post_6552
like_17909,3586,post_6552
like_17910,3466,post_6553
like_17911,3906,post_6554
like_17912,3584,post_6554
like_17913,3836,post_6556
like_17914,3759,post_6556
like_17915,3900,post_6557
like_17916,3924,post_6557
like_17917,3826,post_6557
like_17918,3740,post_6558
like_17919,3495,post_6559
like_17920,3674,post_6560
like_17921,3997,post_6562
like_17922,3994,post_6562
like_17923,3988,post_6563
like_17924,4023,post_6563
like_17925,4017,post_6564
like_17926,3993,post_6566
like_17927,4017,post_6567
like_17928,4033,post_6567
like_17929,4012,post_6568
like_17930,4030,post_6569
like_17931,4011,post_6570
like_17932,3991,post_6570
like_17933,4007,post_6571
like_17934,4025,post_6571
like_17935,4031,post_6572
like_17936,3989,post_6572
like_17937,4000,post_6573
like_17938,4017,post_6573
like_17939,3985,post_6574
like_17940,3995,post_6574
like_17941,4004,post_6574
like_17942,4030,post_6574
like_17943,3988,post_6574
like_17944,3997,post_6575
like_17945,3993,post_6576
like_17946,4028,post_6577
like_17947,4019,post_6578
like_17948,4005,post_6579
like_17949,3997,post_6579
like_17950,4009,post_6579
like_17951,4005,post_6580
like_17952,4036,post_6580
like_17953,3998,post_6580
like_17954,4033,post_6581
like_17955,4017,post_6581
like_17956,4029,post_6582
like_17957,4031,post_6583
like_17958,4030,post_6584
like_17959,3982,post_6584
like_17960,3995,post_6585
like_17961,3993,post_6585
like_17962,4030,post_6585
like_17963,3998,post_6586
like_17964,4027,post_6587
like_17965,4025,post_6588
like_17966,4016,post_6588
like_17967,3997,post_6590
like_17968,4019,post_6590
like_17969,594,post_6592
like_17970,3987,post_6593
like_17971,4031,post_6594
like_17972,4038,post_6594
like_17973,4004,post_6594
like_17974,3995,post_6595
like_17975,3990,post_6597
like_17976,4007,post_6597
like_17977,4025,post_6597
like_17978,3983,post_6598
like_17979,3986,post_6598
like_17980,4026,post_6598
like_17981,3994,post_6599
like_17982,3981,post_6599
like_17983,3981,post_6600
like_17984,3998,post_6600
like_17985,4027,post_6601
like_17986,4002,post_6601
like_17987,4026,post_6602
like_17988,3981,post_6604
like_17989,4038,post_6604
like_17990,4016,post_6606
like_17991,4007,post_6606
like_17992,3990,post_6606
like_17993,4021,post_6607
like_17994,4031,post_6608
like_17995,3996,post_6609
like_17996,4001,post_6610
like_17997,4021,post_6611
like_17998,4011,post_6612
like_17999,4027,post_6613
like_18000,4000,post_6614
like_18001,3986,post_6614
like_18002,4023,post_6615
like_18003,3999,post_6617
like_18004,4020,post_6618
like_18005,4027,post_6619
