post_id,user_id,topic_circle,engagement_seed
post_1,0,107_circle3,1
post_2,1,0_circle15,1
post_3,2,0_circle10,1
post_4,3,0_circle15,1
post_5,4,general,1
post_6,5,0_circle16,1
post_7,6,0_circle15,1
post_8,7,0_circle15,1
post_9,8,general,1
post_10,9,0_circle15,3
post_11,9,0_circle16,3
post_12,10,0_circle15,1
post_13,11,general,1
post_14,12,0_circle21,1
post_15,13,0_circle11,2
post_16,13,0_circle11,2
post_17,14,0_circle10,1
post_18,15,0_circle15,1
post_19,16,0_circle15,1
post_20,17,0_circle19,1
post_21,18,general,1
post_22,19,general,1
post_23,20,0_circle19,1
post_24,21,0_circle15,3
post_25,21,0_circle15,3
post_26,21,0_circle15,3
post_27,22,0_circle15,1
post_28,23,0_circle15,1
post_29,24,0_circle16,1
post_30,25,0_circle15,3
post_31,25,0_circle15,3
post_32,25,0_circle15,3
post_33,26,0_circle15,3
post_34,26,0_circle15,3
post_35,27,general,1
post_36,28,0_circle23,1
post_37,29,0_circle0,1
post_38,30,general,1
post_39,31,0_circle15,1
post_40,32,0_circle6,1
post_41,33,0_circle19,1
post_42,34,0_circle16,1
post_43,35,0_circle6,1
post_44,36,0_circle15,1
post_45,37,0_circle16,1
post_46,38,0_circle15,1
post_47,39,0_circle15,1
post_48,40,0_circle15,2
post_49,41,0_circle19,1
post_50,41,0_circle6,1
post_51,42,0_circle10,1
post_52,43,general,1
post_53,44,0_circle19,1
post_54,45,0_circle15,1
post_55,46,0_circle7,1
post_56,47,0_circle15,1
post_57,48,0_circle16,1
post_58,49,0_circle15,1
post_59,50,0_circle15,1
post_60,51,0_circle3,1
post_61,52,0_circle17,1
post_62,53,general,2
post_63,53,general,2
post_64,54,0_circle0,1
post_65,55,0_circle15,1
post_66,56,0_circle15,4
post_67,56,0_circle15,4
post_68,56,0_circle15,4
post_69,57,0_circle16,1
post_70,58,0_circle16,1
post_71,59,0_circle4,1
post_72,60,0_circle15,1
post_73,61,0_circle0,1
post_74,62,0_circle15,2
post_75,63,0_circle15,1
post_76,64,0_circle15,1
post_77,65,0_circle15,1
post_78,66,0_circle11,1
post_79,67,0_circle15,4
post_80,67,0_circle15,4
post_81,67,0_circle15,4
post_82,68,0_circle13,1
post_83,69,0_circle15,1
post_84,70,0_circle11,1
post_85,71,0_circle0,1
post_86,72,0_circle15,1
post_87,72,0_circle15,1
post_88,73,0_circle9,1
post_89,74,0_circle9,1
post_90,75,general,1
post_91,76,0_circle11,1
post_92,77,0_circle15,1
post_93,78,general,1
post_94,79,0_circle15,1
post_95,80,0_circle16,1
post_96,81,0_circle0,1
post_97,82,0_circle15,2
post_98,83,0_circle3,1
post_99,84,0_circle4,1
post_100,85,0_circle16,1
post_101,86,0_circle13,1
post_102,87,0_circle15,1
post_103,88,general,1
post_104,89,0_circle15,1
post_105,90,0_circle17,1
post_106,91,general,1
post_107,92,0_circle16,1
post_108,93,0_circle19,1
post_109,94,0_circle16,1
post_110,94,0_circle16,1
post_111,95,0_circle15,1
post_112,96,0_circle15,1
post_113,97,0_circle0,1
post_114,98,0_circle15,2
post_115,99,0_circle2,1
post_116,100,general,1
post_117,101,0_circle16,1
post_118,102,general,1
post_119,103,0_circle15,1
post_120,104,0_circle15,2
post_121,105,0_circle15,1
post_122,106,general,1
post_123,107,1684_circle8,2
post_124,107,414_circle1,2
post_125,108,0_circle15,1
post_126,109,0_circle15,2
post_127,110,0_circle0,1
post_128,111,0_circle6,1
post_129,112,general,1
post_130,113,0_circle11,2
post_131,114,0_circle15,1
post_132,115,0_circle19,1
post_133,116,0_circle2,1
post_134,117,0_circle15,1
post_135,118,0_circle11,2
post_136,118,0_circle11,2
post_137,119,0_circle15,3
post_138,119,0_circle15,3
post_139,119,0_circle15,3
post_140,120,general,1
post_141,121,0_circle15,1
post_142,122,0_circle15,3
post_143,122,0_circle4,3
post_144,123,0_circle15,1
post_145,124,0_circle15,1
post_146,125,0_circle15,1
post_147,126,0_circle17,1
post_148,127,0_circle15,1
post_149,128,0_circle15,2
post_150,128,0_circle15,2
post_151,129,0_circle15,1
post_152,130,general,1
post_153,131,0_circle13,1
post_154,132,0_circle0,1
post_155,133,0_circle15,1
post_156,134,0_circle11,1
post_157,135,0_circle15,1
post_158,136,0_circle15,6
post_159,136,1912_circle1,6
post_160,136,1912_circle33,6
post_161,136,1912_circle38,6
post_162,137,0_circle19,1
post_163,138,0_circle13,1
post_164,139,0_circle15,1
post_165,140,0_circle2,1
post_166,141,0_circle15,2
post_167,141,0_circle15,2
post_168,142,0_circle15,2
post_169,143,0_circle13,1
post_170,144,0_circle2,1
post_171,145,0_circle17,1
post_172,146,0_circle15,1
post_173,147,0_circle2,1
post_174,148,0_circle15,1
post_175,149,0_circle23,1
post_176,150,0_circle2,1
post_177,151,0_circle11,1
post_178,152,0_circle15,1
post_179,153,general,1
post_180,154,0_circle9,1
post_181,155,0_circle2,1
post_182,156,0_circle4,1
post_183,157,0_circle15,1
post_184,158,0_circle11,1
post_185,159,general,1
post_186,160,general,1
post_187,161,0_circle11,1
post_188,162,0_circle23,1
post_189,163,0_circle0,1
post_190,164,0_circle9,1
post_191,165,0_circle11,1
post_192,166,general,1
post_193,167,general,1
post_194,168,0_circle15,1
post_195,169,0_circle15,2
post_196,170,0_circle15,2
post_197,171,0_circle15,1
post_198,172,0_circle15,2
post_199,173,0_circle1,1
post_200,174,0_circle20,1
post_201,175,0_circle14,1
post_202,176,0_circle15,1
post_203,177,0_circle18,1
post_204,178,general,1
post_205,179,0_circle17,1
post_206,180,0_circle16,1
post_207,181,general,1
post_208,182,general,1
post_209,183,0_circle0,1
post_210,184,general,1
post_211,185,0_circle15,2
post_212,186,0_circle15,2
post_213,187,0_circle16,1
post_214,188,0_circle15,2
post_215,189,0_circle15,1
post_216,190,0_circle15,1
post_217,191,general,1
post_218,192,0_circle6,1
post_219,193,0_circle0,1
post_220,194,0_circle16,1
post_221,195,general,1
post_222,196,0_circle15,1
post_223,197,0_circle15,1
post_224,198,0_circle15,1
post_225,199,0_circle11,2
post_226,200,0_circle15,3
post_227,200,0_circle15,3
post_228,201,general,1
post_229,202,0_circle16,1
post_230,203,0_circle11,3
post_231,203,0_circle11,3
post_232,204,0_circle9,1
post_233,204,0_circle9,1
post_234,205,general,1
post_235,206,0_circle9,1
post_236,207,0_circle15,1
post_237,208,0_circle15,1
post_238,209,0_circle6,1
post_239,210,0_circle17,1
post_240,211,0_circle11,2
post_241,211,0_circle11,2
post_242,212,0_circle11,1
post_243,213,0_circle15,2
post_244,213,0_circle15,2
post_245,214,0_circle19,1
post_246,215,0_circle0,1
post_247,216,0_circle10,1
post_248,217,general,1
post_249,218,0_circle11,1
post_250,219,0_circle15,1
post_251,220,0_circle20,1
post_252,221,general,1
post_253,222,0_circle0,1
post_254,223,0_circle4,2
post_255,223,0_circle4,2
post_256,224,0_circle15,2
post_257,224,0_circle15,2
post_258,225,0_circle7,1
post_259,226,general,1
post_260,227,0_circle14,1
post_261,228,general,1
post_262,229,0_circle0,1
post_263,230,general,1
post_264,231,general,1
post_265,232,general,1
post_266,232,general,1
post_267,233,0_circle15,1
post_268,234,general,1
post_269,235,0_circle11,1
post_270,236,0_circle15,2
post_271,236,0_circle4,2
post_272,237,0_circle3,1
post_273,238,0_circle11,1
post_274,239,0_circle4,3
post_275,239,0_circle4,3
post_276,240,0_circle11,1
post_277,241,general,1
post_278,242,0_circle15,1
post_279,243,general,1
post_280,244,0_circle20,1
post_281,245,0_circle0,1
post_282,246,0_circle15,1
post_283,247,0_circle15,1
post_284,248,0_circle15,1
post_285,249,0_circle16,1
post_286,249,0_circle16,1
post_287,250,0_circle4,1
post_288,251,0_circle15,1
post_289,252,0_circle11,3
post_290,252,0_circle11,3
post_291,252,0_circle11,3
post_292,253,0_circle0,1
post_293,254,0_circle16,1
post_294,255,0_circle15,1
post_295,256,0_circle15,1
post_296,257,0_circle4,1
post_297,258,0_circle16,1
post_298,259,0_circle0,1
post_299,260,general,1
post_300,261,0_circle15,2
post_301,262,0_circle20,1
post_302,263,general,1
post_303,264,0_circle0,1
post_304,265,0_circle11,2
post_305,266,0_circle16,1
post_306,267,0_circle22,1
post_307,268,0_circle4,1
post_308,269,0_circle15,1
post_309,270,0_circle2,1
post_310,271,0_circle15,3
post_311,271,0_circle15,3
post_312,272,general,2
post_313,272,general,2
post_314,273,general,1
post_315,274,0_circle15,1
post_316,275,general,1
post_317,276,0_circle15,1
post_318,277,0_circle15,3
post_319,277,0_circle15,3
post_320,278,0_circle12,1
post_321,279,0_circle9,1
post_322,280,0_circle15,2
post_323,280,0_circle4,2
post_324,281,0_circle15,1
post_325,282,0_circle20,1
post_326,283,general,1
post_327,284,general,1
post_328,285,0_circle15,2
post_329,286,0_circle15,1
post_330,287,general,1
post_331,288,0_circle15,1
post_332,289,0_circle6,1
post_333,290,0_circle15,1
post_334,291,0_circle15,2
post_335,292,0_circle9,1
post_336,293,0_circle20,1
post_337,294,0_circle15,1
post_338,295,0_circle4,1
post_339,296,general,1
post_340,297,0_circle15,1
post_341,298,0_circle0,1
post_342,299,0_circle16,1
post_343,300,general,1
post_344,301,0_circle15,1
post_345,302,general,1
post_346,303,0_circle15,1
post_347,304,0_circle15,3
post_348,304,0_circle15,3
post_349,305,general,1
post_350,306,general,1
post_351,307,general,1
post_352,308,0_circle11,1
post_353,309,0_circle15,1
post_354,310,0_circle6,1
post_355,311,0_circle11,1
post_356,312,0_circle19,2
post_357,313,0_circle11,2
post_358,314,0_circle15,1
post_359,315,0_circle15,3
post_360,315,0_circle15,3
post_361,315,0_circle15,3
post_362,316,0_circle15,1
post_363,317,0_circle15,1
post_364,318,0_circle15,1
post_365,319,0_circle15,1
post_366,320,general,1
post_367,321,0_circle6,1
post_368,322,0_circle15,3
post_369,322,0_circle15,3
post_370,322,0_circle15,3
post_371,323,0_circle15,2
post_372,323,0_circle15,2
post_373,324,0_circle11,2
post_374,324,0_circle11,2
post_375,325,0_circle15,2
post_376,325,0_circle15,2
post_377,326,0_circle19,1
post_378,327,0_circle2,1
post_379,328,0_circle15,1
post_380,329,general,2
post_381,330,0_circle16,1
post_382,331,0_circle11,1
post_383,332,0_circle11,2
post_384,333,0_circle19,1
post_385,334,0_circle0,2
post_386,334,0_circle0,2
post_387,335,general,1
post_388,336,0_circle9,1
post_389,337,0_circle6,1
post_390,338,0_circle15,1
post_391,339,0_circle15,2
post_392,340,0_circle15,1
post_393,341,0_circle15,1
post_394,342,0_circle15,2
post_395,343,0_circle19,1
post_396,344,0_circle4,1
post_397,345,0_circle15,1
post_398,346,general,2
post_399,347,0_circle15,1
post_400,348,107_circle3,3
post_401,348,414_circle0,3
post_402,349,348_circle1,1
post_403,350,348_circle1,1
post_404,351,348_circle6,1
post_405,352,348_circle1,1
post_406,352,348_circle11,1
post_407,353,348_circle1,5
post_408,353,348_circle11,5
post_409,353,348_circle1,5
post_410,353,348_circle11,5
post_411,354,348_circle1,2
post_412,355,348_circle1,2
post_413,355,348_circle13,2
post_414,356,348_circle1,1
post_415,357,348_circle1,1
post_416,358,348_circle6,1
post_417,359,348_circle1,2
post_418,360,348_circle1,2
post_419,361,348_circle1,1
post_420,362,348_circle1,1
post_421,363,107_circle3,4
post_422,363,348_circle1,4
post_423,363,348_circle11,4
post_424,364,348_circle6,1
post_425,365,348_circle11,1
post_426,366,107_circle3,4
post_427,366,348_circle0,4
post_428,367,348_circle1,2
post_429,368,348_circle1,2
post_430,368,348_circle11,2
post_431,369,348_circle1,2
post_432,369,348_circle7,2
post_433,370,348_circle1,3
post_434,370,348_circle11,3
post_435,370,348_circle13,3
post_436,371,348_circle1,1
post_437,372,348_circle1,1
post_438,373,348_circle0,4
post_439,373,348_circle1,4
post_440,374,348_circle1,3
post_441,374,348_circle11,3
post_442,375,348_circle1,1
post_443,376,348_circle0,6
post_444,376,348_circle1,6
post_445,376,348_circle11,6
post_446,377,348_circle1,1
post_447,378,348_circle1,3
post_448,378,348_circle11,3
post_449,378,348_circle7,3
post_450,379,348_circle1,1
post_451,380,348_circle1,1
post_452,381,348_circle1,1
post_453,382,348_circle1,1
post_454,383,348_circle1,1
post_455,384,general,1
post_456,385,348_circle1,1
post_457,386,general,1
post_458,387,348_circle0,2
post_459,388,348_circle0,2
post_460,389,107_circle1,2
post_461,390,348_circle1,1
post_462,391,348_circle0,3
post_463,391,348_circle1,3
post_464,392,348_circle1,2
post_465,393,348_circle6,1
post_466,394,348_circle1,2
post_467,394,348_circle11,2
post_468,395,348_circle1,4
post_469,395,348_circle11,4
post_470,396,348_circle1,2
post_471,397,348_circle1,2
post_472,398,348_circle1,2
post_473,398,348_circle11,2
post_474,399,348_circle6,1
post_475,400,348_circle0,3
post_476,400,348_circle1,3
post_477,401,general,1
post_478,402,348_circle1,3
post_479,402,348_circle11,3
post_480,402,348_circle13,3
post_481,403,348_circle1,1
post_482,404,348_circle1,3
post_483,404,348_circle11,3
post_484,405,348_circle1,1
post_485,406,348_circle1,1
post_486,407,348_circle1,1
post_487,408,348_circle0,3
post_488,408,348_circle1,3
post_489,409,348_circle1,2
post_490,410,348_circle1,1
post_491,411,348_circle10,1
post_492,412,348_circle1,4
post_493,412,348_circle11,4
post_494,413,348_circle1,1
post_495,414,107_circle6,3
post_496,414,348_circle0,3
post_497,414,348_circle1,3
post_498,415,348_circle1,2
post_499,416,348_circle1,1
post_500,417,348_circle1,3
post_501,417,348_circle11,3
post_502,417,348_circle1,3
post_503,418,348_circle1,1
post_504,419,348_circle1,3
post_505,419,348_circle11,3
post_506,420,107_circle3,2
post_507,420,348_circle1,2
post_508,421,348_circle1,1
post_509,422,348_circle1,3
post_510,422,414_circle6,3
post_511,423,348_circle1,3
post_512,423,348_circle11,3
post_513,423,414_circle1,3
post_514,424,348_circle1,1
post_515,425,348_circle1,1
post_516,426,348_circle1,1
post_517,427,348_circle11,1
post_518,428,107_circle3,5
post_519,428,1912_circle10,5
post_520,428,1912_circle21,5
post_521,429,348_circle1,1
post_522,430,348_circle1,2
post_523,431,348_circle0,3
post_524,431,348_circle1,3
post_525,432,348_circle1,3
post_526,432,348_circle11,3
post_527,433,348_circle1,1
post_528,434,348_circle1,2
post_529,434,348_circle11,2
post_530,435,348_circle1,1
post_531,436,348_circle1,3
post_532,436,348_circle11,3
post_533,436,348_circle8,3
post_534,437,348_circle1,1
post_535,438,348_circle1,3
post_536,438,348_circle11,3
post_537,438,348_circle13,3
post_538,439,348_circle1,2
post_539,440,348_circle1,1
post_540,441,348_circle6,1
post_541,442,348_circle1,1
post_542,443,general,1
post_543,444,348_circle1,2
post_544,445,348_circle1,2
post_545,446,348_circle1,1
post_546,447,348_circle6,1
post_547,448,348_circle1,1
post_548,449,348_circle1,1
post_549,450,348_circle0,1
post_550,450,348_circle1,1
post_551,451,348_circle1,1
post_552,451,348_circle11,1
post_553,452,348_circle0,2
post_554,453,348_circle1,1
post_555,454,348_circle6,1
post_556,455,348_circle1,2
post_557,456,348_circle1,3
post_558,456,348_circle11,3
post_559,456,348_circle2,3
post_560,457,348_circle1,1
post_561,458,348_circle1,2
post_562,459,348_circle1,1
post_563,460,348_circle1,3
post_564,460,348_circle11,3
post_565,460,348_circle13,3
post_566,461,348_circle0,3
post_567,461,348_circle1,3
post_568,462,348_circle1,1
post_569,463,348_circle0,2
post_570,464,general,1
post_571,465,348_circle1,4
post_572,465,348_circle11,4
post_573,465,348_circle12,4
post_574,466,348_circle1,1
post_575,467,348_circle1,1
post_576,468,348_circle10,1
post_577,469,348_circle1,1
post_578,470,348_circle1,1
post_579,471,348_circle1,2
post_580,472,348_circle1,1
post_581,473,348_circle1,2
post_582,473,348_circle11,2
post_583,474,348_circle1,1
post_584,475,348_circle0,5
post_585,475,348_circle1,5
post_586,475,348_circle11,5
post_587,476,348_circle1,1
post_588,477,348_circle1,1
post_589,478,348_circle1,1
post_590,479,348_circle1,2
post_591,480,348_circle1,1
post_592,481,348_circle1,2
post_593,481,348_circle13,2
post_594,482,348_circle1,2
post_595,483,348_circle1,10
post_596,483,348_circle11,10
post_597,483,414_circle1,10
post_598,483,414_circle6,10
post_599,484,348_circle1,5
post_600,484,348_circle11,5
post_601,484,348_circle2,5
post_602,484,348_circle1,5
post_603,485,348_circle1,1
post_604,486,348_circle1,1
post_605,487,348_circle1,2
post_606,487,348_circle11,2
post_607,488,348_circle1,2
post_608,489,348_circle1,1
post_609,490,348_circle1,1
post_610,491,348_circle1,1
post_611,492,348_circle1,3
post_612,492,348_circle11,3
post_613,493,348_circle1,3
post_614,493,348_circle11,3
post_615,494,348_circle1,1
post_616,494,348_circle11,1
post_617,495,348_circle1,1
post_618,495,348_circle11,1
post_619,496,348_circle1,2
post_620,496,348_circle11,2
post_621,497,348_circle1,4
post_622,497,348_circle11,4
post_623,498,348_circle10,1
post_624,499,348_circle1,1
post_625,500,348_circle0,4
post_626,500,348_circle1,4
post_627,500,348_circle11,4
post_628,501,348_circle6,1
post_629,502,348_circle1,1
post_630,503,348_circle1,3
post_631,503,348_circle11,3
post_632,503,348_circle2,3
post_633,504,348_circle1,2
post_634,504,348_circle13,2
post_635,505,348_circle1,1
post_636,506,348_circle1,3
post_637,506,348_circle11,3
post_638,507,348_circle1,3
post_639,507,348_circle11,3
post_640,507,348_circle13,3
post_641,508,348_circle1,1
post_642,509,348_circle1,1
post_643,510,348_circle1,2
post_644,511,348_circle1,2
post_645,512,348_circle1,2
post_646,512,348_circle11,2
post_647,513,348_circle0,4
post_648,513,348_circle1,4
post_649,513,348_circle11,4
post_650,514,348_circle1,3
post_651,514,348_circle11,3
post_652,515,348_circle1,3
post_653,515,348_circle11,3
post_654,515,348_circle13,3
post_655,516,348_circle1,1
post_656,517,107_circle3,5
post_657,517,348_circle0,5
post_658,517,348_circle1,5
post_659,517,348_circle11,5
post_660,518,348_circle1,1
post_661,519,348_circle1,1
post_662,520,348_circle1,2
post_663,521,348_circle1,1
post_664,522,348_circle1,1
post_665,523,348_circle1,2
post_666,524,348_circle0,3
post_667,524,348_circle1,3
post_668,525,348_circle0,3
post_669,525,348_circle1,3
post_670,526,107_circle6,4
post_671,526,348_circle1,4
post_672,526,348_circle11,4
post_673,527,348_circle1,2
post_674,527,348_circle11,2
post_675,528,348_circle1,1
post_676,529,348_circle1,1
post_677,530,348_circle1,1
post_678,531,348_circle1,2
post_679,532,348_circle1,1
post_680,533,348_circle1,1
post_681,534,348_circle1,1
post_682,535,348_circle1,1
post_683,536,348_circle1,1
post_684,537,348_circle1,2
post_685,538,348_circle1,4
post_686,538,348_circle11,4
post_687,539,348_circle1,1
post_688,540,348_circle1,1
post_689,541,348_circle1,1
post_690,542,348_circle1,3
post_691,542,348_circle11,3
post_692,543,348_circle1,1
post_693,544,348_circle1,3
post_694,544,348_circle11,3
post_695,544,348_circle13,3
post_696,545,348_circle1,2
post_697,546,348_circle1,2
post_698,546,348_circle13,2
post_699,547,348_circle1,2
post_700,548,348_circle1,2
post_701,548,348_circle13,2
post_702,549,348_circle11,1
post_703,550,general,1
post_704,551,348_circle1,1
post_705,552,general,1
post_706,553,348_circle1,4
post_707,553,348_circle11,4
post_708,553,348_circle13,4
post_709,554,348_circle1,1
post_710,555,348_circle1,2
post_711,556,348_circle1,2
post_712,557,348_circle1,2
post_713,557,348_circle13,2
post_714,558,348_circle1,1
post_715,559,348_circle1,4
post_716,559,348_circle11,4
post_717,559,414_circle1,4
post_718,560,348_circle1,2
post_719,561,348_circle1,4
post_720,561,348_circle11,4
post_721,562,348_circle1,1
post_722,563,107_circle1,4
post_723,563,107_circle3,4
post_724,564,348_circle6,1
post_725,565,348_circle1,1
post_726,566,107_circle3,4
post_727,566,348_circle1,4
post_728,567,348_circle1,3
post_729,567,348_circle11,3
post_730,567,414_circle1,3
post_731,568,348_circle1,1
post_732,569,348_circle1,1
post_733,570,348_circle1,2
post_734,571,348_circle1,1
post_735,572,348_circle1,1
post_736,573,414_circle6,2
post_737,574,414_circle6,1
post_738,575,414_circle6,1
post_739,576,414_circle4,1
post_740,577,414_circle4,1
post_741,578,414_circle4,1
post_742,579,414_circle3,2
post_743,580,414_circle1,4
post_744,580,414_circle1,4
post_745,580,414_circle1,4
post_746,581,general,1
post_747,582,414_circle4,1
post_748,583,414_circle4,1
post_749,584,414_circle5,1
post_750,585,general,1
post_751,586,general,1
post_752,587,general,1
post_753,588,414_circle6,1
post_754,589,414_circle6,1
post_755,590,414_circle1,1
post_756,591,414_circle1,2
post_757,591,414_circle1,2
post_758,592,414_circle3,2
post_759,593,general,1
post_760,594,3980_circle6,1
post_761,595,414_circle4,1
post_762,596,414_circle6,2
post_763,596,414_circle6,2
post_764,597,414_circle3,1
post_765,598,414_circle6,1
post_766,599,414_circle4,1
post_767,600,414_circle4,1
post_768,600,414_circle4,1
post_769,601,414_circle1,2
post_770,602,414_circle5,1
post_771,603,414_circle3,1
post_772,604,414_circle1,2
post_773,605,414_circle6,1
post_774,606,107_circle3,4
post_775,606,414_circle1,4
post_776,607,414_circle1,1
post_777,608,general,1
post_778,609,414_circle6,2
post_779,610,general,1
post_780,611,414_circle3,1
post_781,612,414_circle6,1
post_782,613,general,1
post_783,614,414_circle1,2
post_784,615,414_circle4,1
post_785,616,414_circle5,1
post_786,617,414_circle6,1
post_787,618,414_circle6,1
post_788,618,414_circle6,1
post_789,619,414_circle6,2
post_790,619,414_circle6,2
post_791,620,414_circle6,1
post_792,621,414_circle6,1
post_793,622,414_circle6,1
post_794,623,414_circle6,1
post_795,624,general,1
post_796,625,414_circle6,1
post_797,626,414_circle6,1
post_798,627,414_circle4,1
post_799,628,414_circle4,1
post_800,629,414_circle6,1
post_801,630,414_circle6,2
post_802,631,414_circle5,1
post_803,632,414_circle4,1
post_804,633,414_circle6,1
post_805,634,general,1
post_806,635,414_circle4,1
post_807,636,414_circle6,1
post_808,636,414_circle6,1
post_809,637,414_circle1,5
post_810,637,414_circle6,5
post_811,637,414_circle1,5
post_812,638,414_circle6,1
post_813,639,414_circle5,1
post_814,640,414_circle4,1
post_815,641,414_circle1,3
post_816,641,414_circle6,3
post_817,642,general,1
post_818,643,414_circle4,1
post_819,643,414_circle4,1
post_820,644,414_circle6,1
post_821,645,general,2
post_822,645,general,2
post_823,646,general,1
post_824,647,414_circle4,1
post_825,648,general,1
post_826,649,414_circle2,1
post_827,650,414_circle4,1
post_828,650,414_circle4,1
post_829,651,107_circle3,3
post_830,651,414_circle1,3
post_831,652,general,1
post_832,653,414_circle6,2
post_833,654,414_circle6,2
post_834,654,414_circle6,2
post_835,655,414_circle6,1
post_836,656,general,1
post_837,657,414_circle6,1
post_838,658,414_circle4,1
post_839,658,414_circle4,1
post_840,659,414_circle4,1
post_841,660,414_circle5,1
post_842,661,414_circle4,1
post_843,661,414_circle4,1
post_844,662,414_circle4,1
post_845,663,414_circle6,1
post_846,664,414_circle6,1
post_847,665,414_circle4,1
post_848,666,414_circle6,1
post_849,667,414_circle2,1
post_850,668,414_circle1,1
post_851,669,414_circle1,2
post_852,670,414_circle4,1
post_853,671,general,1
post_854,672,414_circle6,1
post_855,673,general,1
post_856,674,414_circle1,1
post_857,675,414_circle4,1
post_858,676,414_circle1,1
post_859,677,414_circle3,1
post_860,678,414_circle5,2
post_861,679,414_circle5,1
post_862,680,414_circle6,2
post_863,680,414_circle6,2
post_864,681,414_circle4,1
post_865,682,414_circle5,1
post_866,683,414_circle1,2
post_867,683,414_circle1,2
post_868,684,414_circle3,1
post_869,685,414_circle6,1
post_870,686,general,1
post_871,687,686_circle0,2
post_872,688,686_circle4,2
post_873,689,686_circle2,1
post_874,690,686_circle9,1
post_875,691,686_circle1,1
post_876,692,686_circle3,1
post_877,693,686_circle4,1
post_878,694,686_circle13,3
post_879,694,686_circle4,3
post_880,694,686_circle9,3
post_881,695,686_circle4,2
post_882,695,686_circle9,2
post_883,696,686_circle4,2
post_884,697,686_circle0,3
post_885,697,686_circle13,3
post_886,697,686_circle4,3
post_887,698,686_circle0,2
post_888,699,686_circle2,1
post_889,700,686_circle0,1
post_890,701,686_circle4,1
post_891,702,686_circle11,1
post_892,703,686_circle0,2
post_893,704,686_circle8,1
post_894,705,686_circle0,3
post_895,705,686_circle11,3
post_896,706,686_circle4,1
post_897,707,686_circle2,1
post_898,708,686_circle0,2
post_899,708,686_circle12,2
post_900,709,686_circle0,1
post_901,710,686_circle3,1
post_902,711,686_circle9,1
post_903,712,686_circle2,1
post_904,713,686_circle4,3
post_905,713,686_circle9,3
post_906,713,698_circle0,3
post_907,714,686_circle11,1
post_908,715,686_circle3,1
post_909,716,686_circle0,1
post_910,717,686_circle0,1
post_911,718,686_circle0,2
post_912,718,686_circle4,2
post_913,719,686_circle0,3
post_914,719,686_circle12,3
post_915,720,686_circle0,1
post_916,721,686_circle6,1
post_917,722,686_circle1,1
post_918,723,686_circle9,1
post_919,724,686_circle4,2
post_920,725,686_circle11,1
post_921,726,686_circle4,2
post_922,727,686_circle9,2
post_923,728,686_circle0,2
post_924,728,686_circle12,2
post_925,729,686_circle3,1
post_926,730,686_circle0,1
post_927,731,686_circle4,2
post_928,732,686_circle2,1
post_929,733,686_circle1,1
post_930,734,686_circle9,1
post_931,735,686_circle3,1
post_932,736,686_circle1,1
post_933,737,686_circle0,1
post_934,738,686_circle9,1
post_935,739,686_circle0,2
post_936,740,686_circle8,1
post_937,741,686_circle0,1
post_938,742,686_circle1,1
post_939,743,686_circle1,1
post_940,744,686_circle7,1
post_941,745,686_circle0,3
post_942,745,686_circle12,3
post_943,746,686_circle1,1
post_944,747,686_circle0,3
post_945,747,686_circle1,3
post_946,747,686_circle12,3
post_947,748,686_circle0,1
post_948,749,686_circle13,1
post_949,750,686_circle8,1
post_950,751,686_circle9,1
post_951,752,686_circle4,2
post_952,753,686_circle3,1
post_953,754,686_circle0,2
post_954,754,686_circle4,2
post_955,755,686_circle0,1
post_956,756,686_circle9,1
post_957,757,686_circle1,1
post_958,758,686_circle0,1
post_959,759,686_circle0,1
post_960,760,686_circle4,2
post_961,761,686_circle3,1
post_962,762,686_circle3,1
post_963,763,686_circle0,1
post_964,764,686_circle0,2
post_965,765,686_circle0,1
post_966,766,686_circle4,2
post_967,766,686_circle9,2
post_968,767,686_circle2,1
post_969,768,686_circle1,1
post_970,769,686_circle0,1
post_971,770,686_circle0,2
post_972,770,686_circle12,2
post_973,771,686_circle1,1
post_974,772,686_circle13,1
post_975,773,686_circle4,2
post_976,773,686_circle4,2
post_977,774,686_circle0,2
post_978,775,686_circle0,1
post_979,776,686_circle2,1
post_980,777,686_circle4,1
post_981,778,686_circle4,1
post_982,779,686_circle0,1
post_983,780,686_circle0,2
post_984,780,686_circle13,2
post_985,781,686_circle0,3
post_986,781,686_circle12,3
post_987,782,686_circle0,1
post_988,783,686_circle0,1
post_989,784,686_circle9,2
post_990,785,686_circle7,1
post_991,786,686_circle1,1
post_992,787,686_circle0,2
post_993,787,686_circle12,2
post_994,788,686_circle2,1
post_995,789,686_circle1,1
post_996,790,686_circle0,1
post_997,791,686_circle11,1
post_998,792,686_circle0,1
post_999,793,686_circle0,1
post_1000,794,686_circle9,1
post_1001,795,686_circle9,1
post_1002,796,686_circle2,1
post_1003,797,686_circle0,2
post_1004,797,686_circle12,2
post_1005,798,686_circle0,1
post_1006,799,686_circle12,1
post_1007,800,686_circle13,2
post_1008,801,686_circle13,1
post_1009,802,686_circle11,1
post_1010,803,686_circle0,1
post_1011,804,686_circle0,1
post_1012,805,686_circle0,3
post_1013,805,686_circle11,3
post_1014,806,686_circle1,1
post_1015,807,686_circle0,1
post_1016,808,686_circle0,1
post_1017,809,686_circle0,1
post_1018,810,686_circle2,2
post_1019,811,686_circle3,1
post_1020,812,686_circle0,1
post_1021,813,686_circle1,1
post_1022,814,686_circle0,2
post_1023,814,686_circle12,2
post_1024,815,686_circle0,2
post_1025,816,686_circle1,1
post_1026,817,686_circle0,1
post_1027,817,686_circle4,1
post_1028,818,686_circle11,1
post_1029,819,686_circle0,2
post_1030,819,686_circle2,2
post_1031,820,686_circle0,2
post_1032,821,686_circle12,1
post_1033,822,686_circle11,1
post_1034,823,686_circle0,3
post_1035,823,686_circle13,3
post_1036,824,686_circle0,3
post_1037,824,686_circle13,3
post_1038,824,686_circle4,3
post_1039,825,686_circle3,1
post_1040,826,686_circle12,1
post_1041,827,686_circle0,2
post_1042,828,686_circle0,4
post_1043,828,686_circle13,4
post_1044,829,686_circle9,2
post_1045,830,686_circle0,3
post_1046,830,686_circle4,3
post_1047,830,686_circle9,3
post_1048,831,686_circle0,1
post_1049,832,686_circle0,1
post_1050,833,686_circle1,1
post_1051,834,686_circle4,2
post_1052,834,686_circle4,2
post_1053,835,686_circle0,1
post_1054,836,686_circle0,1
post_1055,837,686_circle0,1
post_1056,838,686_circle0,1
post_1057,839,686_circle11,1
post_1058,840,686_circle0,2
post_1059,841,686_circle0,1
post_1060,842,686_circle9,2
post_1061,843,686_circle0,1
post_1062,844,686_circle4,1
post_1063,845,686_circle4,1
post_1064,846,686_circle7,1
post_1065,847,686_circle4,2
post_1066,848,686_circle9,1
post_1067,849,686_circle0,2
post_1068,849,686_circle12,2
post_1069,850,686_circle1,1
post_1070,851,686_circle5,1
post_1071,852,686_circle0,1
post_1072,853,686_circle4,2
post_1073,853,686_circle9,2
post_1074,854,686_circle1,1
post_1075,855,686_circle10,1
post_1076,856,686_circle0,2
post_1077,856,686_circle13,2
post_1078,857,698_circle6,1
post_1079,858,698_circle5,1
post_1080,859,general,1
post_1081,860,1684_circle1,1
post_1082,861,general,1
post_1083,862,698_circle10,1
post_1084,863,698_circle1,1
post_1085,864,698_circle1,1
post_1086,865,698_circle10,1
post_1087,866,698_circle5,1
post_1088,867,698_circle8,1
post_1089,868,698_circle10,1
post_1090,869,general,1
post_1091,870,698_circle5,1
post_1092,871,698_circle10,1
post_1093,872,698_circle8,1
post_1094,873,698_circle8,1
post_1095,874,698_circle8,1
post_1096,875,698_circle1,1
post_1097,876,698_circle1,1
post_1098,877,698_circle8,1
post_1099,878,698_circle1,1
post_1100,879,698_circle5,1
post_1101,880,698_circle2,1
post_1102,881,698_circle5,1
post_1103,882,698_circle1,1
post_1104,883,698_circle12,1
post_1105,884,698_circle1,1
post_1106,885,698_circle8,1
post_1107,886,698_circle1,1
post_1108,887,698_circle8,1
post_1109,888,698_circle1,1
post_1110,889,698_circle1,1
post_1111,890,general,1
post_1112,891,general,1
post_1113,892,general,1
post_1114,893,698_circle1,1
post_1115,894,general,1
post_1116,895,698_circle5,1
post_1117,896,general,6
post_1118,896,general,6
post_1119,896,general,6
post_1120,897,general,3
post_1121,897,general,3
post_1122,898,general,2
post_1123,899,107_circle7,1
post_1124,900,general,1
post_1125,901,107_circle8,2
post_1126,901,107_circle8,2
post_1127,902,general,2
post_1128,902,general,2
post_1129,903,107_circle8,2
post_1130,903,107_circle8,2
post_1131,904,general,1
post_1132,905,general,1
post_1133,906,107_circle6,4
post_1134,906,107_circle6,4
post_1135,907,general,1
post_1136,908,107_circle6,2
post_1137,909,general,1
post_1138,910,107_circle8,1
post_1139,911,general,1
post_1140,912,107_circle7,1
post_1141,913,107_circle2,2
post_1142,914,107_circle3,1
post_1143,915,107_circle3,2
post_1144,916,107_circle6,6
post_1145,916,107_circle6,6
post_1146,916,107_circle6,6
post_1147,916,107_circle6,6
post_1148,917,general,6
post_1149,917,general,6
post_1150,917,general,6
post_1151,918,general,1
post_1152,919,general,2
post_1153,920,107_circle6,1
post_1154,921,107_circle6,5
post_1155,921,107_circle6,5
post_1156,921,107_circle6,5
post_1157,922,107_circle6,2
post_1158,923,107_circle6,1
post_1159,924,general,2
post_1160,925,107_circle6,7
post_1161,925,107_circle6,7
post_1162,925,107_circle6,7
post_1163,925,107_circle6,7
post_1164,925,107_circle6,7
post_1165,926,107_circle6,1
post_1166,927,107_circle6,3
post_1167,927,107_circle6,3
post_1168,928,general,1
post_1169,929,107_circle6,1
post_1170,930,general,3
post_1171,930,general,3
post_1172,930,general,3
post_1173,931,general,1
post_1174,932,general,3
post_1175,932,general,3
post_1176,933,general,1
post_1177,934,107_circle6,4
post_1178,934,107_circle6,4
post_1179,935,general,1
post_1180,936,general,2
post_1181,937,general,1
post_1182,938,107_circle8,2
post_1183,938,107_circle8,2
post_1184,939,general,1
post_1185,940,general,1
post_1186,941,general,3
post_1187,941,general,3
post_1188,942,general,3
post_1189,942,general,3
post_1190,942,general,3
post_1191,943,general,1
post_1192,944,general,2
post_1193,945,general,1
post_1194,946,107_circle6,7
post_1195,946,107_circle6,7
post_1196,946,107_circle6,7
post_1197,946,107_circle6,7
post_1198,947,107_circle6,5
post_1199,947,107_circle6,5
post_1200,947,107_circle6,5
post_1201,947,107_circle6,5
post_1202,948,general,2
post_1203,949,general,1
post_1204,950,107_circle1,1
post_1205,951,107_circle6,1
post_1206,952,107_circle6,4
post_1207,952,107_circle6,4
post_1208,952,107_circle6,4
post_1209,953,general,5
post_1210,953,general,5
post_1211,953,general,5
post_1212,954,general,3
post_1213,954,general,3
post_1214,954,general,3
post_1215,955,107_circle0,1
post_1216,956,general,1
post_1217,957,general,3
post_1218,957,general,3
post_1219,957,general,3
post_1220,958,107_circle8,1
post_1221,958,107_circle8,1
post_1222,959,general,2
post_1223,959,general,2
post_1224,960,general,5
post_1225,960,general,5
post_1226,960,general,5
post_1227,961,107_circle6,1
post_1228,962,general,2
post_1229,963,107_circle8,2
post_1230,963,107_circle8,2
post_1231,964,general,2
post_1232,965,general,1
post_1233,966,107_circle6,5
post_1234,966,107_circle6,5
post_1235,966,107_circle6,5
post_1236,967,107_circle6,5
post_1237,967,107_circle6,5
post_1238,967,107_circle6,5
post_1239,968,107_circle7,2
post_1240,969,general,2
post_1241,970,general,1
post_1242,971,107_circle5,2
post_1243,971,107_circle5,2
post_1244,972,general,1
post_1245,973,general,1
post_1246,974,general,1
post_1247,975,general,3
post_1248,975,general,3
post_1249,976,107_circle3,1
post_1250,976,107_circle3,1
post_1251,977,general,2
post_1252,978,107_circle6,5
post_1253,978,107_circle6,5
post_1254,978,107_circle6,5
post_1255,978,107_circle6,5
post_1256,979,107_circle4,1
post_1257,980,107_circle6,6
post_1258,980,107_circle6,6
post_1259,980,107_circle6,6
post_1260,980,107_circle6,6
post_1261,981,general,2
post_1262,982,107_circle6,3
post_1263,982,107_circle6,3
post_1264,983,107_circle6,3
post_1265,983,107_circle6,3
post_1266,983,107_circle6,3
post_1267,984,general,2
post_1268,985,general,1
post_1269,986,general,1
post_1270,987,107_circle2,1
post_1271,988,general,2
post_1272,989,general,2
post_1273,990,107_circle6,2
post_1274,991,107_circle6,1
post_1275,992,107_circle8,2
post_1276,992,107_circle8,2
post_1277,993,general,7
post_1278,993,general,7
post_1279,993,general,7
post_1280,993,general,7
post_1281,994,general,2
post_1282,994,general,2
post_1283,995,general,3
post_1284,995,general,3
post_1285,996,107_circle6,1
post_1286,997,general,4
post_1287,997,general,4
post_1288,998,general,1
post_1289,999,general,4
post_1290,999,general,4
post_1291,1000,general,1
post_1292,1001,107_circle7,2
post_1293,1002,general,1
post_1294,1003,107_circle6,4
post_1295,1003,107_circle6,4
post_1296,1004,general,5
post_1297,1004,general,5
post_1298,1004,general,5
post_1299,1005,general,1
post_1300,1006,107_circle6,6
post_1301,1006,107_circle6,6
post_1302,1006,107_circle6,6
post_1303,1006,107_circle6,6
post_1304,1007,general,1
post_1305,1008,107_circle6,1
post_1306,1009,general,3
post_1307,1009,general,3
post_1308,1010,general,2
post_1309,1010,general,2
post_1310,1011,general,2
post_1311,1011,general,2
post_1312,1012,107_circle7,2
post_1313,1013,107_circle1,1
post_1314,1014,general,4
post_1315,1014,general,4
post_1316,1015,107_circle5,2
post_1317,1015,107_circle5,2
post_1318,1016,107_circle4,1
post_1319,1017,107_circle6,6
post_1320,1017,107_circle6,6
post_1321,1017,107_circle6,6
post_1322,1017,107_circle6,6
post_1323,1018,107_circle5,3
post_1324,1018,107_circle5,3
post_1325,1019,general,3
post_1326,1019,general,3
post_1327,1020,general,3
post_1328,1020,general,3
post_1329,1020,general,3
post_1330,1021,general,3
post_1331,1021,general,3
post_1332,1021,general,3
post_1333,1022,general,1
post_1334,1023,general,1
post_1335,1024,general,4
post_1336,1024,general,4
post_1337,1025,107_circle3,2
post_1338,1026,107_circle6,4
post_1339,1026,107_circle6,4
post_1340,1027,general,1
post_1341,1028,107_circle6,3
post_1342,1028,107_circle6,3
post_1343,1029,107_circle6,4
post_1344,1029,107_circle6,4
post_1345,1030,107_circle0,1
post_1346,1031,107_circle1,1
post_1347,1032,general,4
post_1348,1032,general,4
post_1349,1032,general,4
post_1350,1033,general,1
post_1351,1034,107_circle6,1
post_1352,1035,107_circle2,2
post_1353,1036,107_circle5,3
post_1354,1036,107_circle5,3
post_1355,1036,107_circle5,3
post_1356,1037,general,2
post_1357,1037,general,2
post_1358,1038,107_circle7,1
post_1359,1039,107_circle6,2
post_1360,1040,general,3
post_1361,1040,general,3
post_1362,1041,general,2
post_1363,1042,general,1
post_1364,1043,107_circle0,1
post_1365,1044,general,2
post_1366,1045,107_circle0,1
post_1367,1046,general,1
post_1368,1047,general,3
post_1369,1047,general,3
post_1370,1048,107_circle6,5
post_1371,1048,107_circle6,5
post_1372,1048,107_circle6,5
post_1373,1048,107_circle6,5
post_1374,1049,107_circle6,4
post_1375,1049,107_circle6,4
post_1376,1050,107_circle6,1
post_1377,1051,general,2
post_1378,1052,107_circle2,3
post_1379,1052,107_circle2,3
post_1380,1053,107_circle4,1
post_1381,1054,107_circle6,3
post_1382,1054,107_circle6,3
post_1383,1054,107_circle6,3
post_1384,1055,107_circle6,1
post_1385,1056,107_circle6,3
post_1386,1056,107_circle6,3
post_1387,1056,107_circle6,3
post_1388,1057,107_circle4,1
post_1389,1058,107_circle6,1
post_1390,1059,107_circle6,7
post_1391,1059,107_circle6,7
post_1392,1059,107_circle6,7
post_1393,1059,107_circle6,7
post_1394,1060,107_circle5,3
post_1395,1060,107_circle5,3
post_1396,1061,general,1
post_1397,1062,107_circle7,1
post_1398,1062,107_circle7,1
post_1399,1063,general,1
post_1400,1064,general,2
post_1401,1065,general,1
post_1402,1066,general,3
post_1403,1066,general,3
post_1404,1067,general,4
post_1405,1067,general,4
post_1406,1067,general,4
post_1407,1068,107_circle6,2
post_1408,1068,107_circle6,2
post_1409,1069,107_circle6,1
post_1410,1070,general,4
post_1411,1070,general,4
post_1412,1070,general,4
post_1413,1071,general,1
post_1414,1072,general,2
post_1415,1072,general,2
post_1416,1073,107_circle6,1
post_1417,1074,107_circle6,3
post_1418,1074,107_circle6,3
post_1419,1075,107_circle6,4
post_1420,1075,107_circle6,4
post_1421,1076,107_circle6,6
post_1422,1076,107_circle6,6
post_1423,1076,107_circle6,6
post_1424,1076,107_circle6,6
post_1425,1077,107_circle6,1
post_1426,1078,general,8
post_1427,1078,general,8
post_1428,1078,general,8
post_1429,1078,general,8
post_1430,1079,107_circle6,5
post_1431,1079,107_circle6,5
post_1432,1079,107_circle6,5
post_1433,1080,107_circle3,3
post_1434,1080,107_circle3,3
post_1435,1080,107_circle3,3
post_1436,1081,general,2
post_1437,1082,general,3
post_1438,1082,general,3
post_1439,1083,general,5
post_1440,1083,general,5
post_1441,1083,general,5
post_1442,1083,general,5
post_1443,1084,107_circle6,1
post_1444,1085,107_circle6,3
post_1445,1085,3437_circle19,3
post_1446,1086,107_circle6,9
post_1447,1086,107_circle6,9
post_1448,1086,107_circle6,9
post_1449,1086,107_circle6,9
post_1450,1086,107_circle6,9
post_1451,1087,107_circle1,1
post_1452,1088,107_circle6,1
post_1453,1089,107_circle6,1
post_1454,1090,general,1
post_1455,1091,general,1
post_1456,1092,107_circle6,2
post_1457,1093,general,1
post_1458,1094,general,1
post_1459,1095,general,1
post_1460,1096,general,1
post_1461,1097,107_circle8,2
post_1462,1097,107_circle8,2
post_1463,1098,107_circle6,1
post_1464,1099,107_circle5,3
post_1465,1099,107_circle5,3
post_1466,1099,107_circle5,3
post_1467,1100,general,3
post_1468,1100,general,3
post_1469,1101,107_circle6,5
post_1470,1101,107_circle6,5
post_1471,1101,107_circle6,5
post_1472,1102,general,3
post_1473,1102,general,3
post_1474,1102,general,3
post_1475,1103,general,1
post_1476,1104,general,5
post_1477,1104,general,5
post_1478,1104,general,5
post_1479,1104,general,5
post_1480,1105,general,1
post_1481,1106,general,2
post_1482,1107,107_circle6,6
post_1483,1107,107_circle6,6
post_1484,1107,107_circle6,6
post_1485,1108,general,2
post_1486,1109,general,2
post_1487,1110,107_circle6,3
post_1488,1110,107_circle6,3
post_1489,1111,107_circle0,1
post_1490,1112,107_circle6,3
post_1491,1112,107_circle6,3
post_1492,1113,107_circle3,2
post_1493,1114,107_circle3,2
post_1494,1115,107_circle5,2
post_1495,1116,107_circle6,2
post_1496,1117,general,5
post_1497,1117,general,5
post_1498,1117,general,5
post_1499,1118,107_circle8,2
post_1500,1119,general,1
post_1501,1120,107_circle5,3
post_1502,1120,107_circle5,3
post_1503,1121,general,1
post_1504,1122,general,2
post_1505,1123,107_circle6,3
post_1506,1123,107_circle6,3
post_1507,1124,107_circle6,6
post_1508,1124,107_circle6,6
post_1509,1124,107_circle6,6
post_1510,1124,107_circle6,6
post_1511,1125,general,5
post_1512,1125,general,5
post_1513,1125,general,5
post_1514,1125,general,5
post_1515,1126,107_circle6,8
post_1516,1126,107_circle6,8
post_1517,1126,107_circle6,8
post_1518,1126,107_circle6,8
post_1519,1127,general,1
post_1520,1128,107_circle6,4
post_1521,1128,107_circle6,4
post_1522,1129,general,3
post_1523,1129,general,3
post_1524,1130,general,3
post_1525,1130,general,3
post_1526,1131,general,2
post_1527,1131,general,2
post_1528,1132,107_circle6,6
post_1529,1132,107_circle6,6
post_1530,1132,107_circle6,6
post_1531,1132,107_circle6,6
post_1532,1133,107_circle7,1
post_1533,1134,general,1
post_1534,1135,107_circle6,3
post_1535,1135,107_circle6,3
post_1536,1135,107_circle6,3
post_1537,1136,general,2
post_1538,1136,general,2
post_1539,1137,107_circle8,2
post_1540,1137,107_circle8,2
post_1541,1138,107_circle4,1
post_1542,1139,general,1
post_1543,1140,107_circle6,1
post_1544,1141,general,1
post_1545,1142,107_circle3,2
post_1546,1142,107_circle3,2
post_1547,1143,107_circle5,1
post_1548,1144,107_circle1,1
post_1549,1145,107_circle6,1
post_1550,1146,107_circle6,6
post_1551,1146,107_circle6,6
post_1552,1146,107_circle6,6
post_1553,1146,107_circle6,6
post_1554,1147,general,1
post_1555,1148,general,3
post_1556,1148,general,3
post_1557,1149,107_circle6,5
post_1558,1149,107_circle6,5
post_1559,1149,107_circle6,5
post_1560,1150,general,1
post_1561,1151,107_circle6,1
post_1562,1152,general,1
post_1563,1153,general,6
post_1564,1153,general,6
post_1565,1153,general,6
post_1566,1153,general,6
post_1567,1154,general,1
post_1568,1155,107_circle3,2
post_1569,1156,general,4
post_1570,1156,general,4
post_1571,1157,general,1
post_1572,1158,107_circle5,3
post_1573,1158,107_circle5,3
post_1574,1159,general,3
post_1575,1159,general,3
post_1576,1159,general,3
post_1577,1160,general,4
post_1578,1160,general,4
post_1579,1161,107_circle6,1
post_1580,1162,general,1
post_1581,1163,general,4
post_1582,1163,general,4
post_1583,1164,general,2
post_1584,1165,107_circle6,2
post_1585,1166,general,3
post_1586,1166,general,3
post_1587,1167,general,2
post_1588,1168,general,1
post_1589,1169,general,1
post_1590,1170,general,2
post_1591,1171,1684_circle15,1
post_1592,1171,1684_circle15,1
post_1593,1172,107_circle6,5
post_1594,1172,107_circle6,5
post_1595,1172,107_circle6,5
post_1596,1173,general,5
post_1597,1173,general,5
post_1598,1173,general,5
post_1599,1174,107_circle1,1
post_1600,1175,general,6
post_1601,1175,general,6
post_1602,1175,general,6
post_1603,1176,general,1
post_1604,1177,107_circle4,1
post_1605,1178,107_circle6,1
post_1606,1179,107_circle3,2
post_1607,1180,general,2
post_1608,1181,107_circle6,4
post_1609,1181,107_circle6,4
post_1610,1182,107_circle6,3
post_1611,1182,107_circle6,3
post_1612,1183,107_circle2,2
post_1613,1184,107_circle6,7
post_1614,1184,107_circle6,7
post_1615,1184,107_circle6,7
post_1616,1184,107_circle6,7
post_1617,1184,107_circle6,7
post_1618,1185,general,7
post_1619,1185,general,7
post_1620,1185,general,7
post_1621,1185,general,7
post_1622,1185,general,7
post_1623,1186,107_circle8,1
post_1624,1187,general,1
post_1625,1188,general,2
post_1626,1189,general,2
post_1627,1189,general,2
post_1628,1190,general,2
post_1629,1190,general,2
post_1630,1191,107_circle6,5
post_1631,1191,107_circle6,5
post_1632,1191,107_circle6,5
post_1633,1192,general,4
post_1634,1192,general,4
post_1635,1193,107_circle6,1
post_1636,1194,general,1
post_1637,1195,107_circle6,2
post_1638,1195,107_circle6,2
post_1639,1196,general,2
post_1640,1197,107_circle0,1
post_1641,1198,107_circle6,4
post_1642,1198,107_circle6,4
post_1643,1198,107_circle6,4
post_1644,1199,general,9
post_1645,1199,general,9
post_1646,1199,general,9
post_1647,1199,general,9
post_1648,1200,general,1
post_1649,1201,107_circle6,3
post_1650,1201,107_circle6,3
post_1651,1201,107_circle6,3
post_1652,1202,general,1
post_1653,1203,general,1
post_1654,1204,general,5
post_1655,1204,general,5
post_1656,1204,general,5
post_1657,1205,general,5
post_1658,1205,general,5
post_1659,1205,general,5
post_1660,1206,general,1
post_1661,1207,general,3
post_1662,1207,general,3
post_1663,1207,general,3
post_1664,1208,general,1
post_1665,1209,107_circle6,4
post_1666,1209,107_circle6,4
post_1667,1210,general,2
post_1668,1210,general,2
post_1669,1211,107_circle6,7
post_1670,1211,107_circle6,7
post_1671,1211,107_circle6,7
post_1672,1211,107_circle6,7
post_1673,1212,general,2
post_1674,1212,general,2
post_1675,1213,general,1
post_1676,1214,107_circle6,5
post_1677,1214,107_circle6,5
post_1678,1214,107_circle6,5
post_1679,1215,107_circle5,2
post_1680,1215,107_circle5,2
post_1681,1216,107_circle8,2
post_1682,1216,107_circle8,2
post_1683,1217,general,2
post_1684,1218,general,1
post_1685,1219,107_circle6,3
post_1686,1219,107_circle6,3
post_1687,1220,general,1
post_1688,1221,general,3
post_1689,1221,general,3
post_1690,1222,general,6
post_1691,1222,general,6
post_1692,1222,general,6
post_1693,1223,107_circle3,1
post_1694,1223,107_circle3,1
post_1695,1224,general,1
post_1696,1225,general,2
post_1697,1225,general,2
post_1698,1226,general,2
post_1699,1226,general,2
post_1700,1227,107_circle5,4
post_1701,1227,107_circle5,4
post_1702,1228,general,1
post_1703,1229,general,2
post_1704,1229,general,2
post_1705,1230,general,5
post_1706,1230,general,5
post_1707,1230,general,5
post_1708,1231,107_circle5,3
post_1709,1231,107_circle5,3
post_1710,1232,107_circle8,2
post_1711,1233,general,1
post_1712,1234,general,1
post_1713,1235,general,5
post_1714,1235,general,5
post_1715,1235,general,5
post_1716,1236,general,2
post_1717,1237,107_circle3,3
post_1718,1237,107_circle3,3
post_1719,1237,107_circle3,3
post_1720,1238,107_circle6,7
post_1721,1238,107_circle6,7
post_1722,1238,107_circle6,7
post_1723,1238,107_circle6,7
post_1724,1238,107_circle6,7
post_1725,1239,general,1
post_1726,1240,general,1
post_1727,1241,general,1
post_1728,1242,107_circle6,4
post_1729,1242,107_circle6,4
post_1730,1242,107_circle6,4
post_1731,1243,107_circle6,5
post_1732,1243,107_circle6,5
post_1733,1243,107_circle6,5
post_1734,1243,107_circle6,5
post_1735,1244,general,1
post_1736,1245,general,2
post_1737,1246,general,2
post_1738,1247,general,1
post_1739,1247,general,1
post_1740,1248,general,1
post_1741,1249,general,1
post_1742,1250,107_circle6,6
post_1743,1250,107_circle6,6
post_1744,1250,107_circle6,6
post_1745,1251,107_circle1,1
post_1746,1252,107_circle0,1
post_1747,1253,general,1
post_1748,1254,107_circle0,1
post_1749,1255,general,5
post_1750,1255,general,5
post_1751,1255,general,5
post_1752,1256,general,6
post_1753,1256,general,6
post_1754,1256,general,6
post_1755,1256,general,6
post_1756,1257,107_circle5,3
post_1757,1257,107_circle5,3
post_1758,1258,general,2
post_1759,1259,general,2
post_1760,1259,general,2
post_1761,1260,general,2
post_1762,1261,107_circle5,3
post_1763,1261,107_circle5,3
post_1764,1262,107_circle7,1
post_1765,1263,107_circle2,1
post_1766,1264,general,1
post_1767,1265,107_circle6,2
post_1768,1265,107_circle6,2
post_1769,1266,general,1
post_1770,1267,107_circle6,5
post_1771,1267,107_circle6,5
post_1772,1267,107_circle6,5
post_1773,1267,107_circle6,5
post_1774,1268,general,1
post_1775,1269,107_circle6,6
post_1776,1269,107_circle6,6
post_1777,1269,107_circle6,6
post_1778,1269,107_circle6,6
post_1779,1270,general,1
post_1780,1271,107_circle6,4
post_1781,1271,107_circle6,4
post_1782,1272,107_circle6,4
post_1783,1272,107_circle6,4
post_1784,1273,general,3
post_1785,1273,general,3
post_1786,1274,general,1
post_1787,1275,general,3
post_1788,1275,general,3
post_1789,1275,general,3
post_1790,1276,general,1
post_1791,1277,general,5
post_1792,1277,general,5
post_1793,1277,general,5
post_1794,1278,107_circle6,2
post_1795,1279,general,2
post_1796,1279,general,2
post_1797,1280,general,4
post_1798,1280,general,4
post_1799,1281,general,2
post_1800,1282,general,3
post_1801,1282,general,3
post_1802,1283,107_circle6,2
post_1803,1283,107_circle6,2
post_1804,1284,general,3
post_1805,1284,general,3
post_1806,1285,general,3
post_1807,1285,general,3
post_1808,1286,general,1
post_1809,1286,general,1
post_1810,1287,general,3
post_1811,1287,general,3
post_1812,1288,107_circle6,4
post_1813,1288,107_circle6,4
post_1814,1289,general,4
post_1815,1289,general,4
post_1816,1290,107_circle6,4
post_1817,1290,107_circle6,4
post_1818,1290,107_circle6,4
post_1819,1291,107_circle6,5
post_1820,1291,107_circle6,5
post_1821,1291,107_circle6,5
post_1822,1292,general,3
post_1823,1292,general,3
post_1824,1293,107_circle6,2
post_1825,1293,107_circle6,2
post_1826,1294,general,1
post_1827,1295,general,1
post_1828,1296,general,1
post_1829,1297,general,1
post_1830,1298,general,3
post_1831,1298,general,3
post_1832,1299,general,2
post_1833,1300,general,2
post_1834,1301,107_circle6,1
post_1835,1302,general,5
post_1836,1302,general,5
post_1837,1302,general,5
post_1838,1303,general,2
post_1839,1304,general,2
post_1840,1304,general,2
post_1841,1305,107_circle6,5
post_1842,1305,107_circle6,5
post_1843,1305,107_circle6,5
post_1844,1306,general,2
post_1845,1307,general,2
post_1846,1308,general,1
post_1847,1309,general,2
post_1848,1310,general,2
post_1849,1311,general,1
post_1850,1311,general,1
post_1851,1312,107_circle6,4
post_1852,1312,107_circle6,4
post_1853,1313,general,2
post_1854,1314,107_circle8,2
post_1855,1314,107_circle8,2
post_1856,1315,general,2
post_1857,1316,general,2
post_1858,1316,general,2
post_1859,1317,107_circle6,1
post_1860,1318,general,2
post_1861,1319,107_circle8,2
post_1862,1320,107_circle3,3
post_1863,1320,107_circle3,3
post_1864,1321,107_circle6,1
post_1865,1321,107_circle6,1
post_1866,1322,general,4
post_1867,1322,general,4
post_1868,1323,general,4
post_1869,1323,general,4
post_1870,1323,general,4
post_1871,1324,general,2
post_1872,1324,general,2
post_1873,1325,general,1
post_1874,1326,general,1
post_1875,1327,107_circle6,2
post_1876,1328,107_circle6,1
post_1877,1329,107_circle6,6
post_1878,1329,107_circle6,6
post_1879,1329,107_circle6,6
post_1880,1329,107_circle6,6
post_1881,1330,107_circle6,5
post_1882,1330,107_circle6,5
post_1883,1330,107_circle6,5
post_1884,1331,general,6
post_1885,1331,general,6
post_1886,1331,general,6
post_1887,1332,107_circle3,2
post_1888,1332,107_circle3,2
post_1889,1333,107_circle8,2
post_1890,1333,107_circle8,2
post_1891,1334,107_circle6,4
post_1892,1334,107_circle6,4
post_1893,1335,general,6
post_1894,1335,general,6
post_1895,1335,general,6
post_1896,1335,general,6
post_1897,1336,general,3
post_1898,1336,general,3
post_1899,1337,107_circle7,2
post_1900,1338,general,3
post_1901,1338,general,3
post_1902,1339,107_circle6,4
post_1903,1339,107_circle6,4
post_1904,1340,general,3
post_1905,1340,general,3
post_1906,1341,general,5
post_1907,1341,general,5
post_1908,1341,general,5
post_1909,1342,general,1
post_1910,1343,general,2
post_1911,1344,107_circle6,4
post_1912,1344,107_circle6,4
post_1913,1344,107_circle6,4
post_1914,1345,general,4
post_1915,1345,general,4
post_1916,1345,general,4
post_1917,1346,general,1
post_1918,1347,general,3
post_1919,1347,general,3
post_1920,1348,general,2
post_1921,1348,general,2
post_1922,1349,general,2
post_1923,1350,general,2
post_1924,1351,107_circle6,3
post_1925,1351,107_circle6,3
post_1926,1352,107_circle6,10
post_1927,1352,107_circle6,10
post_1928,1352,107_circle6,10
post_1929,1352,107_circle6,10
post_1930,1353,general,1
post_1931,1354,general,1
post_1932,1355,general,2
post_1933,1356,general,1
post_1934,1357,general,2
post_1935,1357,general,2
post_1936,1358,general,4
post_1937,1358,general,4
post_1938,1359,general,4
post_1939,1359,general,4
post_1940,1359,general,4
post_1941,1360,107_circle6,2
post_1942,1360,107_circle6,2
post_1943,1361,107_circle6,6
post_1944,1361,107_circle6,6
post_1945,1361,107_circle6,6
post_1946,1361,107_circle6,6
post_1947,1362,general,1
post_1948,1363,107_circle8,1
post_1949,1364,general,1
post_1950,1365,107_circle6,2
post_1951,1365,107_circle6,2
post_1952,1366,general,3
post_1953,1366,general,3
post_1954,1366,general,3
post_1955,1367,107_circle6,7
post_1956,1367,107_circle6,7
post_1957,1367,107_circle6,7
post_1958,1367,107_circle6,7
post_1959,1368,107_circle0,1
post_1960,1369,107_circle6,3
post_1961,1369,107_circle6,3
post_1962,1370,general,5
post_1963,1370,general,5
post_1964,1370,general,5
post_1965,1370,general,5
post_1966,1371,107_circle8,2
post_1967,1371,107_circle8,2
post_1968,1372,general,1
post_1969,1373,general,3
post_1970,1373,general,3
post_1971,1374,general,2
post_1972,1375,107_circle6,3
post_1973,1375,107_circle6,3
post_1974,1376,107_circle6,8
post_1975,1376,107_circle6,8
post_1976,1376,107_circle6,8
post_1977,1376,107_circle6,8
post_1978,1377,107_circle6,8
post_1979,1377,107_circle6,8
post_1980,1377,107_circle6,8
post_1981,1377,107_circle6,8
post_1982,1377,107_circle6,8
post_1983,1378,107_circle8,2
post_1984,1378,107_circle8,2
post_1985,1379,107_circle5,3
post_1986,1379,107_circle5,3
post_1987,1379,107_circle5,3
post_1988,1380,107_circle6,4
post_1989,1380,107_circle6,4
post_1990,1380,107_circle6,4
post_1991,1381,107_circle5,2
post_1992,1381,107_circle5,2
post_1993,1382,general,2
post_1994,1382,general,2
post_1995,1383,general,1
post_1996,1384,107_circle0,1
post_1997,1385,107_circle1,1
post_1998,1386,general,1
post_1999,1387,107_circle3,1
post_2000,1388,general,4
post_2001,1388,general,4
post_2002,1389,general,2
post_2003,1389,general,2
post_2004,1390,107_circle6,8
post_2005,1390,107_circle6,8
post_2006,1390,107_circle6,8
post_2007,1390,107_circle6,8
post_2008,1391,107_circle6,7
post_2009,1391,107_circle6,7
post_2010,1391,107_circle6,7
post_2011,1391,107_circle6,7
post_2012,1392,general,2
post_2013,1393,general,3
post_2014,1393,general,3
post_2015,1393,general,3
post_2016,1394,general,1
post_2017,1395,107_circle7,1
post_2018,1396,general,3
post_2019,1396,general,3
post_2020,1397,general,1
post_2021,1398,107_circle6,2
post_2022,1399,general,8
post_2023,1399,general,8
post_2024,1399,general,8
post_2025,1399,general,8
post_2026,1400,general,1
post_2027,1401,general,1
post_2028,1402,107_circle6,3
post_2029,1402,107_circle6,3
post_2030,1403,107_circle4,1
post_2031,1404,general,2
post_2032,1405,107_circle6,3
post_2033,1405,1684_circle0,3
post_2034,1405,107_circle6,3
post_2035,1406,general,2
post_2036,1406,general,2
post_2037,1407,general,2
post_2038,1408,107_circle3,2
post_2039,1409,general,5
post_2040,1409,general,5
post_2041,1409,general,5
post_2042,1410,107_circle1,1
post_2043,1411,107_circle6,1
post_2044,1412,general,1
post_2045,1413,107_circle5,3
post_2046,1413,107_circle5,3
post_2047,1413,107_circle5,3
post_2048,1414,general,1
post_2049,1415,general,2
post_2050,1416,107_circle6,5
post_2051,1416,107_circle6,5
post_2052,1416,107_circle6,5
post_2053,1416,107_circle6,5
post_2054,1417,general,1
post_2055,1418,107_circle5,1
post_2056,1419,1684_circle8,1
post_2057,1419,1684_circle8,1
post_2058,1420,107_circle6,6
post_2059,1420,107_circle6,6
post_2060,1420,107_circle6,6
post_2061,1421,107_circle1,1
post_2062,1421,107_circle6,1
post_2063,1422,107_circle6,1
post_2064,1423,107_circle5,3
post_2065,1423,107_circle5,3
post_2066,1424,107_circle8,1
post_2067,1425,general,2
post_2068,1425,general,2
post_2069,1426,general,3
post_2070,1426,general,3
post_2071,1427,general,3
post_2072,1427,general,3
post_2073,1428,general,2
post_2074,1429,107_circle2,2
post_2075,1429,107_circle2,2
post_2076,1430,general,1
post_2077,1431,107_circle6,9
post_2078,1431,107_circle6,9
post_2079,1431,107_circle6,9
post_2080,1431,107_circle6,9
post_2081,1432,general,3
post_2082,1432,general,3
post_2083,1433,general,1
post_2084,1434,general,1
post_2085,1435,107_circle6,3
post_2086,1435,107_circle6,3
post_2087,1436,107_circle5,2
post_2088,1437,general,3
post_2089,1437,general,3
post_2090,1437,general,3
post_2091,1438,general,2
post_2092,1439,107_circle7,1
post_2093,1440,general,2
post_2094,1441,107_circle6,1
post_2095,1442,107_circle7,1
post_2096,1443,general,1
post_2097,1444,107_circle2,2
post_2098,1445,107_circle6,1
post_2099,1446,general,2
post_2100,1447,107_circle6,6
post_2101,1447,107_circle6,6
post_2102,1447,107_circle6,6
post_2103,1447,107_circle6,6
post_2104,1448,107_circle5,3
post_2105,1448,107_circle5,3
post_2106,1448,107_circle5,3
post_2107,1449,107_circle6,4
post_2108,1449,107_circle6,4
post_2109,1450,107_circle6,1
post_2110,1450,1684_circle8,1
post_2111,1451,general,2
post_2112,1451,general,2
post_2113,1452,107_circle8,2
post_2114,1452,107_circle8,2
post_2115,1453,general,2
post_2116,1453,general,2
post_2117,1454,general,3
post_2118,1454,general,3
post_2119,1455,general,1
post_2120,1456,general,6
post_2121,1456,general,6
post_2122,1456,general,6
post_2123,1457,general,3
post_2124,1457,general,3
post_2125,1457,general,3
post_2126,1458,107_circle6,2
post_2127,1458,107_circle6,2
post_2128,1459,general,5
post_2129,1459,general,5
post_2130,1459,general,5
post_2131,1460,107_circle6,2
post_2132,1461,general,1
post_2133,1462,general,4
post_2134,1462,general,4
post_2135,1463,general,1
post_2136,1464,general,2
post_2137,1465,1912_circle10,5
post_2138,1465,1912_circle15,5
post_2139,1465,1912_circle35,5
post_2140,1466,general,1
post_2141,1467,107_circle6,5
post_2142,1467,107_circle6,5
post_2143,1467,107_circle6,5
post_2144,1468,107_circle8,2
post_2145,1469,107_circle2,3
post_2146,1469,107_circle2,3
post_2147,1470,107_circle6,3
post_2148,1470,107_circle6,3
post_2149,1471,107_circle6,7
post_2150,1471,107_circle6,7
post_2151,1471,107_circle6,7
post_2152,1471,107_circle6,7
post_2153,1472,general,4
post_2154,1472,general,4
post_2155,1473,general,3
post_2156,1473,general,3
post_2157,1474,general,1
post_2158,1475,general,3
post_2159,1475,general,3
post_2160,1476,general,1
post_2161,1477,107_circle6,1
post_2162,1478,general,1
post_2163,1479,general,4
post_2164,1479,general,4
post_2165,1480,107_circle6,4
post_2166,1480,107_circle6,4
post_2167,1480,107_circle6,4
post_2168,1481,general,1
post_2169,1482,general,2
post_2170,1482,general,2
post_2171,1483,general,4
post_2172,1483,general,4
post_2173,1483,general,4
post_2174,1484,107_circle6,1
post_2175,1485,107_circle6,2
post_2176,1486,general,1
post_2177,1487,107_circle3,3
post_2178,1487,107_circle3,3
post_2179,1487,107_circle3,3
post_2180,1488,general,6
post_2181,1488,general,6
post_2182,1488,general,6
post_2183,1488,general,6
post_2184,1489,general,1
post_2185,1490,general,1
post_2186,1491,107_circle6,5
post_2187,1491,107_circle6,5
post_2188,1491,107_circle6,5
post_2189,1492,general,1
post_2190,1493,general,2
post_2191,1494,107_circle6,2
post_2192,1495,general,3
post_2193,1495,general,3
post_2194,1496,general,2
post_2195,1496,general,2
post_2196,1497,general,2
post_2197,1497,general,2
post_2198,1498,general,1
post_2199,1499,general,1
post_2200,1500,general,2
post_2201,1501,general,1
post_2202,1502,general,3
post_2203,1502,general,3
post_2204,1502,general,3
post_2205,1503,general,2
post_2206,1503,general,2
post_2207,1504,107_circle2,3
post_2208,1504,107_circle2,3
post_2209,1504,107_circle2,3
post_2210,1505,107_circle6,3
post_2211,1505,1684_circle8,3
post_2212,1506,general,1
post_2213,1507,general,2
post_2214,1508,general,2
post_2215,1509,107_circle6,6
post_2216,1509,107_circle6,6
post_2217,1509,107_circle6,6
post_2218,1510,general,1
post_2219,1511,general,2
post_2220,1512,general,2
post_2221,1513,107_circle6,3
post_2222,1513,107_circle6,3
post_2223,1513,107_circle6,3
post_2224,1514,general,2
post_2225,1514,general,2
post_2226,1515,107_circle5,3
post_2227,1515,107_circle5,3
post_2228,1516,107_circle6,7
post_2229,1516,107_circle6,7
post_2230,1516,107_circle6,7
post_2231,1516,107_circle6,7
post_2232,1517,107_circle6,2
post_2233,1518,general,1
post_2234,1519,107_circle6,2
post_2235,1520,107_circle6,5
post_2236,1520,107_circle6,5
post_2237,1520,107_circle6,5
post_2238,1520,107_circle6,5
post_2239,1521,107_circle6,1
post_2240,1522,107_circle6,7
post_2241,1522,107_circle6,7
post_2242,1522,107_circle6,7
post_2243,1522,107_circle6,7
post_2244,1523,107_circle6,3
post_2245,1523,107_circle6,3
post_2246,1524,107_circle6,2
post_2247,1525,general,3
post_2248,1525,general,3
post_2249,1525,general,3
post_2250,1526,general,1
post_2251,1526,general,1
post_2252,1527,general,1
post_2253,1528,107_circle6,3
post_2254,1528,107_circle6,3
post_2255,1528,107_circle6,3
post_2256,1529,general,2
post_2257,1530,general,5
post_2258,1530,general,5
post_2259,1530,general,5
post_2260,1531,107_circle2,1
post_2261,1531,107_circle2,1
post_2262,1532,107_circle6,2
post_2263,1533,107_circle8,2
post_2264,1533,107_circle8,2
post_2265,1534,107_circle6,2
post_2266,1535,107_circle6,3
post_2267,1535,107_circle6,3
post_2268,1536,general,4
post_2269,1536,general,4
post_2270,1537,107_circle6,1
post_2271,1538,general,3
post_2272,1538,general,3
post_2273,1539,107_circle6,4
post_2274,1539,107_circle6,4
post_2275,1539,107_circle6,4
post_2276,1540,107_circle6,3
post_2277,1540,107_circle6,3
post_2278,1540,107_circle6,3
post_2279,1541,general,2
post_2280,1542,107_circle2,3
post_2281,1542,107_circle2,3
post_2282,1543,general,2
post_2283,1544,107_circle6,1
post_2284,1545,general,2
post_2285,1546,general,1
post_2286,1547,107_circle6,5
post_2287,1547,107_circle6,5
post_2288,1547,107_circle6,5
post_2289,1548,107_circle8,2
post_2290,1549,107_circle1,2
post_2291,1550,general,2
post_2292,1550,general,2
post_2293,1551,107_circle6,7
post_2294,1551,107_circle6,7
post_2295,1551,107_circle6,7
post_2296,1551,107_circle6,7
post_2297,1552,general,1
post_2298,1553,107_circle6,2
post_2299,1554,107_circle6,7
post_2300,1554,107_circle6,7
post_2301,1554,107_circle6,7
post_2302,1554,107_circle6,7
post_2303,1555,107_circle1,2
post_2304,1556,general,1
post_2305,1556,general,1
post_2306,1557,107_circle6,7
post_2307,1557,107_circle6,7
post_2308,1557,107_circle6,7
post_2309,1557,107_circle6,7
post_2310,1558,107_circle6,1
post_2311,1559,107_circle6,8
post_2312,1559,107_circle6,8
post_2313,1559,107_circle6,8
post_2314,1559,107_circle6,8
post_2315,1560,general,1
post_2316,1561,107_circle6,1
post_2317,1562,107_circle7,1
post_2318,1563,107_circle6,5
post_2319,1563,107_circle6,5
post_2320,1563,107_circle6,5
post_2321,1564,107_circle6,1
post_2322,1565,general,2
post_2323,1565,general,2
post_2324,1566,general,1
post_2325,1567,general,2
post_2326,1568,107_circle8,2
post_2327,1569,general,2
post_2328,1569,general,2
post_2329,1570,general,5
post_2330,1570,general,5
post_2331,1570,general,5
post_2332,1570,general,5
post_2333,1571,general,3
post_2334,1571,general,3
post_2335,1572,107_circle6,2
post_2336,1573,general,4
post_2337,1573,general,4
post_2338,1573,general,4
post_2339,1574,107_circle3,3
post_2340,1574,107_circle3,3
post_2341,1575,general,1
post_2342,1576,general,3
post_2343,1576,general,3
post_2344,1577,1912_circle35,7
post_2345,1577,1912_circle38,7
post_2346,1577,1912_circle35,7
post_2347,1577,1912_circle38,7
post_2348,1578,general,2
post_2349,1578,general,2
post_2350,1579,107_circle6,1
post_2351,1580,107_circle6,4
post_2352,1580,107_circle6,4
post_2353,1581,general,1
post_2354,1582,general,2
post_2355,1583,general,4
post_2356,1583,general,4
post_2357,1584,107_circle6,9
post_2358,1584,107_circle6,9
post_2359,1584,107_circle6,9
post_2360,1584,107_circle6,9
post_2361,1585,107_circle6,1
post_2362,1586,general,1
post_2363,1587,general,3
post_2364,1587,general,3
post_2365,1587,general,3
post_2366,1588,107_circle6,1
post_2367,1589,107_circle6,9
post_2368,1589,107_circle6,9
post_2369,1589,107_circle6,9
post_2370,1589,107_circle6,9
post_2371,1590,general,4
post_2372,1590,general,4
post_2373,1590,general,4
post_2374,1591,107_circle5,4
post_2375,1591,107_circle5,4
post_2376,1592,general,1
post_2377,1593,107_circle6,2
post_2378,1594,107_circle6,1
post_2379,1595,general,2
post_2380,1596,general,4
post_2381,1596,general,4
post_2382,1597,107_circle6,5
post_2383,1597,107_circle6,5
post_2384,1597,107_circle6,5
post_2385,1598,general,6
post_2386,1598,general,6
post_2387,1598,general,6
post_2388,1598,general,6
post_2389,1599,general,1
post_2390,1600,107_circle6,5
post_2391,1600,107_circle6,5
post_2392,1600,107_circle6,5
post_2393,1601,107_circle8,2
post_2394,1602,general,1
post_2395,1603,107_circle6,6
post_2396,1603,107_circle6,6
post_2397,1603,107_circle6,6
post_2398,1604,general,6
post_2399,1604,general,6
post_2400,1604,general,6
post_2401,1605,general,4
post_2402,1605,general,4
post_2403,1606,general,2
post_2404,1606,general,2
post_2405,1607,107_circle4,1
post_2406,1608,107_circle6,5
post_2407,1608,107_circle6,5
post_2408,1608,107_circle6,5
post_2409,1608,107_circle6,5
post_2410,1609,general,4
post_2411,1609,general,4
post_2412,1610,107_circle6,8
post_2413,1610,107_circle6,8
post_2414,1610,107_circle6,8
post_2415,1610,107_circle6,8
post_2416,1611,general,3
post_2417,1611,general,3
post_2418,1612,107_circle6,8
post_2419,1612,107_circle6,8
post_2420,1612,107_circle6,8
post_2421,1612,107_circle6,8
post_2422,1612,107_circle6,8
post_2423,1613,107_circle6,8
post_2424,1613,107_circle6,8
post_2425,1613,107_circle6,8
post_2426,1613,107_circle6,8
post_2427,1614,107_circle6,3
post_2428,1614,107_circle6,3
post_2429,1614,107_circle6,3
post_2430,1615,general,1
post_2431,1616,107_circle3,2
post_2432,1617,107_circle6,5
post_2433,1617,107_circle6,5
post_2434,1617,107_circle6,5
post_2435,1618,107_circle7,1
post_2436,1618,107_circle7,1
post_2437,1619,107_circle6,5
post_2438,1619,107_circle6,5
post_2439,1619,107_circle6,5
post_2440,1619,107_circle6,5
post_2441,1620,107_circle6,6
post_2442,1620,107_circle6,6
post_2443,1620,107_circle6,6
post_2444,1621,107_circle6,8
post_2445,1621,107_circle6,8
post_2446,1621,107_circle6,8
post_2447,1621,107_circle6,8
post_2448,1622,107_circle6,8
post_2449,1622,107_circle6,8
post_2450,1622,107_circle6,8
post_2451,1622,107_circle6,8
post_2452,1622,107_circle6,8
post_2453,1623,107_circle6,4
post_2454,1623,107_circle6,4
post_2455,1624,general,2
post_2456,1624,general,2
post_2457,1625,general,1
post_2458,1626,107_circle6,2
post_2459,1627,general,1
post_2460,1628,general,4
post_2461,1628,general,4
post_2462,1629,107_circle8,1
post_2463,1630,general,3
post_2464,1630,general,3
post_2465,1631,general,1
post_2466,1632,general,4
post_2467,1632,general,4
post_2468,1633,general,1
post_2469,1634,general,2
post_2470,1635,107_circle5,2
post_2471,1635,107_circle5,2
post_2472,1636,107_circle5,4
post_2473,1636,107_circle5,4
post_2474,1637,107_circle6,4
post_2475,1637,107_circle6,4
post_2476,1638,general,2
post_2477,1639,107_circle6,4
post_2478,1639,107_circle6,4
post_2479,1640,general,1
post_2480,1641,107_circle6,1
post_2481,1642,107_circle6,2
post_2482,1643,107_circle6,4
post_2483,1643,107_circle6,4
post_2484,1644,107_circle6,3
post_2485,1644,107_circle6,3
post_2486,1645,general,3
post_2487,1645,general,3
post_2488,1646,general,1
post_2489,1647,general,2
post_2490,1648,general,1
post_2491,1649,general,2
post_2492,1649,general,2
post_2493,1650,general,1
post_2494,1651,general,1
post_2495,1652,107_circle6,4
post_2496,1652,107_circle6,4
post_2497,1653,107_circle6,3
post_2498,1653,107_circle6,3
post_2499,1654,general,1
post_2500,1655,general,3
post_2501,1655,general,3
post_2502,1655,general,3
post_2503,1656,1684_circle8,2
post_2504,1657,107_circle7,1
post_2505,1658,107_circle7,1
post_2506,1659,107_circle6,4
post_2507,1659,107_circle6,4
post_2508,1660,general,1
post_2509,1661,general,4
post_2510,1661,general,4
post_2511,1662,general,6
post_2512,1662,general,6
post_2513,1662,general,6
post_2514,1663,107_circle6,10
post_2515,1663,107_circle6,10
post_2516,1663,107_circle6,10
post_2517,1663,107_circle6,10
post_2518,1664,107_circle4,1
post_2519,1665,general,6
post_2520,1665,general,6
post_2521,1665,general,6
post_2522,1665,general,6
post_2523,1666,107_circle6,2
post_2524,1667,general,2
post_2525,1668,107_circle6,5
post_2526,1668,107_circle6,5
post_2527,1668,107_circle6,5
post_2528,1669,107_circle6,6
post_2529,1669,107_circle6,6
post_2530,1669,107_circle6,6
post_2531,1669,107_circle6,6
post_2532,1670,general,1
post_2533,1671,general,2
post_2534,1671,general,2
post_2535,1672,general,1
post_2536,1673,general,2
post_2537,1674,general,1
post_2538,1675,107_circle6,5
post_2539,1675,107_circle6,5
post_2540,1675,107_circle6,5
post_2541,1676,107_circle1,1
post_2542,1677,general,2
post_2543,1678,107_circle6,1
post_2544,1679,107_circle3,2
post_2545,1679,107_circle3,2
post_2546,1680,general,3
post_2547,1680,general,3
post_2548,1681,general,1
post_2549,1682,107_circle5,2
post_2550,1683,107_circle6,5
post_2551,1683,107_circle6,5
post_2552,1683,107_circle6,5
post_2553,1684,107_circle1,1
post_2554,1685,general,4
post_2555,1685,general,4
post_2556,1686,general,2
post_2557,1686,general,2
post_2558,1687,general,2
post_2559,1688,107_circle6,4
post_2560,1688,107_circle6,4
post_2561,1688,107_circle6,4
post_2562,1689,107_circle6,5
post_2563,1689,107_circle6,5
post_2564,1689,107_circle6,5
post_2565,1690,107_circle2,1
post_2566,1691,107_circle5,3
post_2567,1691,107_circle5,3
post_2568,1691,107_circle5,3
post_2569,1692,107_circle3,2
post_2570,1693,general,1
post_2571,1694,general,2
post_2572,1695,general,2
post_2573,1696,general,1
post_2574,1697,107_circle6,1
post_2575,1698,107_circle6,1
post_2576,1699,107_circle2,2
post_2577,1699,107_circle2,2
post_2578,1700,107_circle6,1
post_2579,1701,107_circle6,1
post_2580,1702,107_circle6,2
post_2581,1702,107_circle6,2
post_2582,1703,general,3
post_2583,1703,general,3
post_2584,1704,general,1
post_2585,1705,general,2
post_2586,1705,general,2
post_2587,1706,general,2
post_2588,1707,general,8
post_2589,1707,general,8
post_2590,1707,general,8
post_2591,1707,general,8
post_2592,1707,general,8
post_2593,1708,107_circle6,1
post_2594,1709,general,3
post_2595,1709,general,3
post_2596,1710,107_circle6,1
post_2597,1711,general,1
post_2598,1712,general,5
post_2599,1712,general,5
post_2600,1712,general,5
post_2601,1712,general,5
post_2602,1713,general,1
post_2603,1714,107_circle6,8
post_2604,1714,107_circle6,8
post_2605,1714,107_circle6,8
post_2606,1714,107_circle6,8
post_2607,1714,107_circle6,8
post_2608,1715,general,3
post_2609,1715,general,3
post_2610,1715,general,3
post_2611,1716,general,3
post_2612,1716,general,3
post_2613,1717,107_circle6,6
post_2614,1717,107_circle6,6
post_2615,1717,107_circle6,6
post_2616,1718,1912_circle38,7
post_2617,1718,1912_circle38,7
post_2618,1718,1912_circle38,7
post_2619,1718,1912_circle38,7
post_2620,1719,107_circle6,1
post_2621,1720,general,2
post_2622,1720,general,2
post_2623,1721,107_circle6,5
post_2624,1721,107_circle6,5
post_2625,1721,107_circle6,5
post_2626,1722,107_circle6,3
post_2627,1722,107_circle6,3
post_2628,1722,107_circle6,3
post_2629,1723,107_circle6,2
post_2630,1724,107_circle6,3
post_2631,1724,107_circle6,3
post_2632,1725,general,3
post_2633,1725,general,3
post_2634,1726,107_circle6,1
post_2635,1726,1684_circle7,1
post_2636,1727,107_circle2,2
post_2637,1728,general,2
post_2638,1728,general,2
post_2639,1729,general,4
post_2640,1729,general,4
post_2641,1730,107_circle6,10
post_2642,1730,107_circle6,10
post_2643,1730,107_circle6,10
post_2644,1730,107_circle6,10
post_2645,1731,general,1
post_2646,1732,general,2
post_2647,1732,general,2
post_2648,1733,107_circle8,2
post_2649,1734,general,2
post_2650,1735,107_circle6,5
post_2651,1735,107_circle6,5
post_2652,1735,107_circle6,5
post_2653,1736,107_circle6,7
post_2654,1736,107_circle6,7
post_2655,1736,107_circle6,7
post_2656,1736,107_circle6,7
post_2657,1736,107_circle6,7
post_2658,1737,107_circle6,4
post_2659,1737,107_circle6,4
post_2660,1738,107_circle2,2
post_2661,1739,general,1
post_2662,1740,general,2
post_2663,1740,general,2
post_2664,1741,general,5
post_2665,1741,general,5
post_2666,1741,general,5
post_2667,1742,general,4
post_2668,1742,general,4
post_2669,1743,general,2
post_2670,1744,general,2
post_2671,1744,general,2
post_2672,1745,107_circle2,1
post_2673,1746,107_circle6,9
post_2674,1746,107_circle6,9
post_2675,1746,107_circle6,9
post_2676,1746,107_circle6,9
post_2677,1747,107_circle8,1
post_2678,1748,general,1
post_2679,1749,general,1
post_2680,1750,107_circle6,6
post_2681,1750,107_circle6,6
post_2682,1750,107_circle6,6
post_2683,1751,general,2
post_2684,1751,general,2
post_2685,1752,107_circle6,5
post_2686,1752,107_circle6,5
post_2687,1752,107_circle6,5
post_2688,1753,107_circle6,4
post_2689,1753,107_circle6,4
post_2690,1754,general,3
post_2691,1754,general,3
post_2692,1755,general,1
post_2693,1756,general,1
post_2694,1757,107_circle6,6
post_2695,1757,107_circle6,6
post_2696,1757,107_circle6,6
post_2697,1758,107_circle6,2
post_2698,1759,general,1
post_2699,1760,107_circle2,1
post_2700,1761,107_circle6,5
post_2701,1761,107_circle6,5
post_2702,1761,107_circle6,5
post_2703,1762,general,1
post_2704,1763,general,2
post_2705,1764,general,1
post_2706,1765,107_circle6,3
post_2707,1765,107_circle6,3
post_2708,1766,107_circle3,2
post_2709,1767,107_circle3,2
post_2710,1768,general,9
post_2711,1768,general,9
post_2712,1768,general,9
post_2713,1768,general,9
post_2714,1769,107_circle6,1
post_2715,1769,107_circle7,1
post_2716,1770,general,2
post_2717,1771,general,1
post_2718,1772,general,3
post_2719,1772,general,3
post_2720,1773,general,1
post_2721,1774,107_circle6,2
post_2722,1774,107_circle6,2
post_2723,1775,general,1
post_2724,1776,general,1
post_2725,1777,general,1
post_2726,1778,general,2
post_2727,1778,general,2
post_2728,1779,107_circle6,1
post_2729,1780,107_circle7,1
post_2730,1781,general,2
post_2731,1781,general,2
post_2732,1782,general,3
post_2733,1782,general,3
post_2734,1782,general,3
post_2735,1783,general,5
post_2736,1783,general,5
post_2737,1783,general,5
post_2738,1784,107_circle8,1
post_2739,1785,general,2
post_2740,1786,general,4
post_2741,1786,general,4
post_2742,1787,107_circle8,2
post_2743,1788,general,1
post_2744,1789,107_circle6,5
post_2745,1789,107_circle6,5
post_2746,1789,107_circle6,5
post_2747,1790,general,2
post_2748,1790,general,2
post_2749,1791,107_circle6,6
post_2750,1791,107_circle6,6
post_2751,1791,107_circle6,6
post_2752,1792,107_circle6,1
post_2753,1793,107_circle6,6
post_2754,1793,107_circle6,6
post_2755,1793,107_circle6,6
post_2756,1794,general,3
post_2757,1794,general,3
post_2758,1795,107_circle6,4
post_2759,1795,107_circle6,4
post_2760,1796,107_circle6,3
post_2761,1796,107_circle6,3
post_2762,1796,107_circle6,3
post_2763,1797,general,1
post_2764,1798,107_circle8,2
post_2765,1798,107_circle8,2
post_2766,1799,107_circle6,7
post_2767,1799,107_circle6,7
post_2768,1799,107_circle6,7
post_2769,1799,107_circle6,7
post_2770,1800,107_circle6,10
post_2771,1800,107_circle6,10
post_2772,1800,107_circle6,10
post_2773,1800,107_circle6,10
post_2774,1800,107_circle6,10
post_2775,1801,general,1
post_2776,1802,general,1
post_2777,1803,107_circle6,1
post_2778,1804,general,8
post_2779,1804,general,8
post_2780,1804,general,8
post_2781,1804,general,8
post_2782,1805,107_circle6,1
post_2783,1806,general,2
post_2784,1807,107_circle2,3
post_2785,1807,107_circle2,3
post_2786,1808,107_circle5,1
post_2787,1809,107_circle6,5
post_2788,1809,107_circle6,5
post_2789,1809,107_circle6,5
post_2790,1810,general,5
post_2791,1810,general,5
post_2792,1810,general,5
post_2793,1811,107_circle6,3
post_2794,1811,107_circle6,3
post_2795,1811,107_circle6,3
post_2796,1812,general,2
post_2797,1813,107_circle6,7
post_2798,1813,107_circle6,7
post_2799,1813,107_circle6,7
post_2800,1813,107_circle6,7
post_2801,1814,107_circle7,1
post_2802,1815,general,1
post_2803,1816,107_circle6,6
post_2804,1816,107_circle6,6
post_2805,1816,107_circle6,6
post_2806,1817,107_circle6,1
post_2807,1818,107_circle7,2
post_2808,1819,107_circle6,4
post_2809,1819,107_circle6,4
post_2810,1820,general,3
post_2811,1820,general,3
post_2812,1821,107_circle7,2
post_2813,1821,107_circle7,2
post_2814,1822,general,1
post_2815,1823,107_circle6,6
post_2816,1823,107_circle6,6
post_2817,1823,107_circle6,6
post_2818,1823,107_circle6,6
post_2819,1824,general,3
post_2820,1824,general,3
post_2821,1824,general,3
post_2822,1825,general,2
post_2823,1826,general,5
post_2824,1826,general,5
post_2825,1826,general,5
post_2826,1827,107_circle6,9
post_2827,1827,107_circle6,9
post_2828,1827,107_circle6,9
post_2829,1827,107_circle6,9
post_2830,1828,107_circle5,3
post_2831,1828,107_circle5,3
post_2832,1828,107_circle5,3
post_2833,1829,general,1
post_2834,1830,general,1
post_2835,1831,general,2
post_2836,1831,general,2
post_2837,1832,general,2
post_2838,1833,107_circle6,8
post_2839,1833,107_circle6,8
post_2840,1833,107_circle6,8
post_2841,1833,107_circle6,8
post_2842,1834,general,1
post_2843,1835,107_circle6,8
post_2844,1835,107_circle6,8
post_2845,1835,107_circle6,8
post_2846,1835,107_circle6,8
post_2847,1835,107_circle6,8
post_2848,1836,107_circle6,1
post_2849,1837,107_circle8,2
post_2850,1837,107_circle8,2
post_2851,1838,107_circle6,1
post_2852,1839,general,7
post_2853,1839,general,7
post_2854,1839,general,7
post_2855,1839,general,7
post_2856,1840,general,1
post_2857,1841,general,2
post_2858,1841,general,2
post_2859,1842,107_circle6,5
post_2860,1842,107_circle6,5
post_2861,1842,107_circle6,5
post_2862,1843,107_circle6,2
post_2863,1843,107_circle6,2
post_2864,1844,general,3
post_2865,1844,general,3
post_2866,1845,107_circle6,5
post_2867,1845,107_circle6,5
post_2868,1845,107_circle6,5
post_2869,1845,107_circle6,5
post_2870,1846,107_circle6,2
post_2871,1847,general,2
post_2872,1848,107_circle5,2
post_2873,1849,general,5
post_2874,1849,general,5
post_2875,1849,general,5
post_2876,1850,general,2
post_2877,1851,107_circle6,2
post_2878,1852,107_circle6,1
post_2879,1852,107_circle6,1
post_2880,1853,general,1
post_2881,1854,general,1
post_2882,1855,general,1
post_2883,1856,general,1
post_2884,1857,general,3
post_2885,1857,general,3
post_2886,1858,general,2
post_2887,1858,general,2
post_2888,1859,107_circle5,2
post_2889,1860,general,1
post_2890,1861,107_circle6,4
post_2891,1861,107_circle6,4
post_2892,1862,general,3
post_2893,1862,general,3
post_2894,1863,107_circle6,2
post_2895,1863,107_circle6,2
post_2896,1864,general,5
post_2897,1864,general,5
post_2898,1864,general,5
post_2899,1865,107_circle6,1
post_2900,1866,general,2
post_2901,1867,107_circle6,5
post_2902,1867,107_circle6,5
post_2903,1867,107_circle6,5
post_2904,1868,general,5
post_2905,1868,general,5
post_2906,1868,general,5
post_2907,1869,general,1
post_2908,1870,general,1
post_2909,1870,general,1
post_2910,1871,general,4
post_2911,1871,general,4
post_2912,1872,107_circle5,2
post_2913,1873,general,2
post_2914,1874,general,1
post_2915,1875,107_circle5,2
post_2916,1876,general,3
post_2917,1876,general,3
post_2918,1877,107_circle6,3
post_2919,1877,107_circle6,3
post_2920,1877,107_circle6,3
post_2921,1878,general,2
post_2922,1878,general,2
post_2923,1879,general,6
post_2924,1879,general,6
post_2925,1879,general,6
post_2926,1880,107_circle8,2
post_2927,1881,107_circle3,3
post_2928,1881,107_circle3,3
post_2929,1882,107_circle3,3
post_2930,1882,107_circle3,3
post_2931,1883,107_circle6,1
post_2932,1884,general,2
post_2933,1885,107_circle7,2
post_2934,1885,107_circle7,2
post_2935,1886,107_circle6,5
post_2936,1886,107_circle6,5
post_2937,1886,107_circle6,5
post_2938,1887,general,1
post_2939,1888,107_circle6,10
post_2940,1888,107_circle6,10
post_2941,1888,107_circle6,10
post_2942,1888,107_circle6,10
post_2943,1888,107_circle6,10
post_2944,1889,general,1
post_2945,1890,general,1
post_2946,1891,107_circle5,3
post_2947,1891,107_circle5,3
post_2948,1891,107_circle5,3
post_2949,1892,general,1
post_2950,1893,general,4
post_2951,1893,general,4
post_2952,1894,general,3
post_2953,1894,general,3
post_2954,1894,general,3
post_2955,1895,107_circle8,2
post_2956,1896,107_circle4,1
post_2957,1897,107_circle7,2
post_2958,1897,107_circle7,2
post_2959,1898,general,5
post_2960,1898,general,5
post_2961,1898,general,5
post_2962,1898,general,5
post_2963,1899,107_circle5,4
post_2964,1899,107_circle5,4
post_2965,1900,107_circle6,2
post_2966,1900,107_circle6,2
post_2967,1901,general,1
post_2968,1902,107_circle6,6
post_2969,1902,107_circle6,6
post_2970,1902,107_circle6,6
post_2971,1902,107_circle6,6
post_2972,1903,general,2
post_2973,1904,general,2
post_2974,1904,general,2
post_2975,1905,general,1
post_2976,1906,general,1
post_2977,1907,general,2
post_2978,1907,general,2
post_2979,1908,general,1
post_2980,1909,general,2
post_2981,1909,general,2
post_2982,1910,general,2
post_2983,1910,general,2
post_2984,1911,general,2
post_2985,1911,general,2
post_2986,1912,general,1
post_2987,1913,1912_circle36,1
post_2988,1914,1912_circle1,2
post_2989,1915,1912_circle15,1
post_2990,1916,general,4
post_2991,1916,general,4
post_2992,1916,general,4
post_2993,1917,1912_circle20,8
post_2994,1917,1912_circle20,8
post_2995,1917,1912_circle20,8
post_2996,1917,1912_circle20,8
post_2997,1917,1912_circle20,8
post_2998,1918,1912_circle20,7
post_2999,1918,1912_circle20,7
post_3000,1918,1912_circle20,7
post_3001,1918,1912_circle20,7
post_3002,1919,1912_circle1,3
post_3003,1919,1912_circle1,3
post_3004,1919,1912_circle1,3
post_3005,1920,1912_circle38,5
post_3006,1920,1912_circle38,5
post_3007,1920,1912_circle38,5
post_3008,1920,1912_circle38,5
post_3009,1921,1912_circle1,2
post_3010,1921,1912_circle1,2
post_3011,1922,1912_circle15,1
post_3012,1923,1912_circle10,3
post_3013,1923,1912_circle11,3
post_3014,1923,1912_circle38,3
post_3015,1924,general,1
post_3016,1925,1912_circle20,5
post_3017,1925,1912_circle20,5
post_3018,1925,1912_circle20,5
post_3019,1926,1912_circle41,6
post_3020,1926,1912_circle41,6
post_3021,1926,1912_circle41,6
post_3022,1927,1912_circle1,3
post_3023,1927,1912_circle1,3
post_3024,1928,1912_circle1,1
post_3025,1929,1912_circle20,7
post_3026,1929,1912_circle20,7
post_3027,1929,1912_circle20,7
post_3028,1929,1912_circle20,7
post_3029,1930,1912_circle41,1
post_3030,1931,1912_circle1,2
post_3031,1932,1912_circle38,4
post_3032,1932,1912_circle38,4
post_3033,1932,1912_circle38,4
post_3034,1933,1912_circle41,1
post_3035,1934,1912_circle41,1
post_3036,1935,1912_circle1,2
post_3037,1936,1912_circle41,1
post_3038,1937,1912_circle41,1
post_3039,1938,1912_circle20,8
post_3040,1938,1912_circle20,8
post_3041,1938,1912_circle20,8
post_3042,1938,1912_circle20,8
post_3043,1938,1912_circle20,8
post_3044,1939,1912_circle21,4
post_3045,1939,1912_circle21,4
post_3046,1940,general,4
post_3047,1940,general,4
post_3048,1941,1912_circle0,9
post_3049,1941,1912_circle20,9
post_3050,1941,1912_circle38,9
post_3051,1941,1912_circle0,9
post_3052,1942,1912_circle20,2
post_3053,1943,1912_circle20,8
post_3054,1943,1912_circle31,8
post_3055,1943,1912_circle20,8
post_3056,1943,1912_circle31,8
post_3057,1944,1912_circle41,2
post_3058,1944,1912_circle41,2
post_3059,1945,1912_circle38,6
post_3060,1945,1912_circle40,6
post_3061,1945,1912_circle38,6
post_3062,1946,1912_circle20,8
post_3063,1946,1912_circle20,8
post_3064,1946,1912_circle20,8
post_3065,1946,1912_circle20,8
post_3066,1947,1912_circle10,5
post_3067,1947,1912_circle21,5
post_3068,1947,1912_circle38,5
post_3069,1948,1912_circle38,5
post_3070,1948,1912_circle38,5
post_3071,1948,1912_circle38,5
post_3072,1949,1912_circle15,1
post_3073,1950,1912_circle1,1
post_3074,1951,1912_circle1,3
post_3075,1951,1912_circle1,3
post_3076,1952,1912_circle23,1
post_3077,1953,1912_circle20,5
post_3078,1953,1912_circle20,5
post_3079,1953,1912_circle20,5
post_3080,1953,1912_circle20,5
post_3081,1954,1912_circle1,4
post_3082,1954,1912_circle38,4
post_3083,1954,1912_circle1,4
post_3084,1955,1912_circle38,4
post_3085,1955,1912_circle38,4
post_3086,1956,1912_circle13,1
post_3087,1957,1912_circle31,2
post_3088,1957,1912_circle31,2
post_3089,1958,1912_circle31,2
post_3090,1958,1912_circle31,2
post_3091,1959,1912_circle21,5
post_3092,1959,1912_circle26,5
post_3093,1959,1912_circle29,5
post_3094,1960,1912_circle41,2
post_3095,1961,1912_circle34,1
post_3096,1962,1912_circle20,8
post_3097,1962,1912_circle20,8
post_3098,1962,1912_circle20,8
post_3099,1962,1912_circle20,8
post_3100,1962,1912_circle20,8
post_3101,1963,1912_circle20,4
post_3102,1963,1912_circle20,4
post_3103,1964,1912_circle11,4
post_3104,1964,1912_circle41,4
post_3105,1965,1912_circle41,1
post_3106,1966,1912_circle20,7
post_3107,1966,1912_circle20,7
post_3108,1966,1912_circle20,7
post_3109,1966,1912_circle20,7
post_3110,1967,1912_circle21,1
post_3111,1968,1912_circle1,2
post_3112,1969,1912_circle20,1
post_3113,1970,1912_circle21,3
post_3114,1970,1912_circle37,3
post_3115,1970,1912_circle21,3
post_3116,1971,1912_circle20,8
post_3117,1971,1912_circle20,8
post_3118,1971,1912_circle20,8
post_3119,1971,1912_circle20,8
post_3120,1972,1912_circle31,3
post_3121,1972,1912_circle31,3
post_3122,1973,1912_circle31,3
post_3123,1973,1912_circle31,3
post_3124,1974,1912_circle45,1
post_3125,1975,1912_circle41,2
post_3126,1976,1912_circle1,2
post_3127,1977,1912_circle36,1
post_3128,1978,1912_circle41,1
post_3129,1979,1912_circle20,8
post_3130,1979,1912_circle20,8
post_3131,1979,1912_circle20,8
post_3132,1979,1912_circle20,8
post_3133,1979,1912_circle20,8
post_3134,1980,1912_circle31,3
post_3135,1980,1912_circle31,3
post_3136,1981,1912_circle21,3
post_3137,1981,1912_circle21,3
post_3138,1981,1912_circle21,3
post_3139,1982,general,1
post_3140,1983,1912_circle20,8
post_3141,1983,1912_circle20,8
post_3142,1983,1912_circle20,8
post_3143,1983,1912_circle20,8
post_3144,1983,1912_circle20,8
post_3145,1984,1912_circle20,8
post_3146,1984,1912_circle44,8
post_3147,1984,1912_circle20,8
post_3148,1984,1912_circle44,8
post_3149,1985,1912_circle10,9
post_3150,1985,1912_circle20,9
post_3151,1985,1912_circle26,9
post_3152,1985,1912_circle10,9
post_3153,1986,1912_circle20,7
post_3154,1986,1912_circle20,7
post_3155,1986,1912_circle20,7
post_3156,1986,1912_circle20,7
post_3157,1986,1912_circle20,7
post_3158,1987,1912_circle29,2
post_3159,1988,1912_circle27,1
post_3160,1989,1912_circle20,4
post_3161,1989,1912_circle20,4
post_3162,1990,1912_circle41,1
post_3163,1991,1912_circle1,2
post_3164,1991,1912_circle1,2
post_3165,1992,1912_circle27,1
post_3166,1993,1912_circle20,9
post_3167,1993,1912_circle20,9
post_3168,1993,1912_circle20,9
post_3169,1993,1912_circle20,9
post_3170,1994,1912_circle38,3
post_3171,1994,1912_circle38,3
post_3172,1994,1912_circle38,3
post_3173,1995,1912_circle1,3
post_3174,1995,1912_circle1,3
post_3175,1996,1912_circle15,1
post_3176,1997,1912_circle20,6
post_3177,1997,1912_circle20,6
post_3178,1997,1912_circle20,6
post_3179,1997,1912_circle20,6
post_3180,1998,1912_circle1,3
post_3181,1998,1912_circle1,3
post_3182,1998,1912_circle1,3
post_3183,1999,1912_circle1,2
post_3184,2000,1912_circle1,2
post_3185,2001,1912_circle1,3
post_3186,2001,1912_circle1,3
post_3187,2002,1912_circle21,4
post_3188,2002,1912_circle21,4
post_3189,2003,1912_circle21,2
post_3190,2004,1912_circle1,2
post_3191,2004,1912_circle1,2
post_3192,2005,1912_circle20,7
post_3193,2005,1912_circle20,7
post_3194,2005,1912_circle20,7
post_3195,2005,1912_circle20,7
post_3196,2005,1912_circle20,7
post_3197,2006,1912_circle1,3
post_3198,2006,1912_circle1,3
post_3199,2007,1912_circle20,7
post_3200,2007,1912_circle38,7
post_3201,2007,1912_circle20,7
post_3202,2007,1912_circle38,7
post_3203,2008,1912_circle41,1
post_3204,2009,1912_circle1,2
post_3205,2010,1912_circle36,4
post_3206,2010,1912_circle38,4
post_3207,2011,1912_circle1,2
post_3208,2012,1912_circle1,1
post_3209,2013,1912_circle41,1
post_3210,2014,1912_circle1,1
post_3211,2015,1912_circle1,1
post_3212,2016,1912_circle1,1
post_3213,2017,1912_circle15,1
post_3214,2018,1912_circle1,3
post_3215,2018,1912_circle1,3
post_3216,2019,1912_circle20,1
post_3217,2020,1912_circle1,7
post_3218,2020,1912_circle20,7
post_3219,2020,1912_circle1,7
post_3220,2020,1912_circle20,7
post_3221,2021,1912_circle20,2
post_3222,2022,1912_circle1,2
post_3223,2023,1912_circle15,1
post_3224,2023,1912_circle41,1
post_3225,2024,1912_circle1,3
post_3226,2024,1912_circle1,3
post_3227,2025,1912_circle1,2
post_3228,2025,1912_circle1,2
post_3229,2026,1912_circle36,4
post_3230,2026,1912_circle5,4
post_3231,2026,1912_circle36,4
post_3232,2027,1912_circle1,2
post_3233,2028,1912_circle38,5
post_3234,2028,1912_circle38,5
post_3235,2028,1912_circle38,5
post_3236,2029,1912_circle41,2
post_3237,2030,1912_circle20,8
post_3238,2030,1912_circle20,8
post_3239,2030,1912_circle20,8
post_3240,2030,1912_circle20,8
post_3241,2031,1912_circle11,3
post_3242,2031,1912_circle41,3
post_3243,2032,1912_circle38,6
post_3244,2032,1912_circle40,6
post_3245,2032,1912_circle38,6
post_3246,2033,1912_circle20,7
post_3247,2033,1912_circle20,7
post_3248,2033,1912_circle20,7
post_3249,2033,1912_circle20,7
post_3250,2034,1912_circle10,1
post_3251,2035,1912_circle41,2
post_3252,2036,1912_circle36,1
post_3253,2037,1912_circle20,7
post_3254,2037,1912_circle20,7
post_3255,2037,1912_circle20,7
post_3256,2037,1912_circle20,7
post_3257,2038,1912_circle11,5
post_3258,2038,1912_circle38,5
post_3259,2038,1912_circle41,5
post_3260,2039,1912_circle38,5
post_3261,2039,1912_circle38,5
post_3262,2039,1912_circle38,5
post_3263,2039,1912_circle38,5
post_3264,2040,1912_circle20,7
post_3265,2040,1912_circle20,7
post_3266,2040,1912_circle20,7
post_3267,2040,1912_circle20,7
post_3268,2041,1912_circle15,1
post_3269,2042,1912_circle10,4
post_3270,2042,1912_circle15,4
post_3271,2043,1912_circle20,7
post_3272,2043,1912_circle20,7
post_3273,2043,1912_circle20,7
post_3274,2043,1912_circle20,7
post_3275,2043,1912_circle20,7
post_3276,2044,general,1
post_3277,2044,general,1
post_3278,2045,1912_circle20,8
post_3279,2045,1912_circle20,8
post_3280,2045,1912_circle20,8
post_3281,2045,1912_circle20,8
post_3282,2046,1912_circle20,5
post_3283,2046,1912_circle3,5
post_3284,2046,1912_circle20,5
post_3285,2046,1912_circle3,5
post_3286,2047,1912_circle0,9
post_3287,2047,1912_circle10,9
post_3288,2047,1912_circle38,9
post_3289,2047,1912_circle41,9
post_3290,2047,1912_circle0,9
post_3291,2048,1912_circle20,1
post_3292,2049,1912_circle41,2
post_3293,2049,1912_circle41,2
post_3294,2050,general,1
post_3295,2051,1912_circle36,1
post_3296,2052,1912_circle38,5
post_3297,2052,1912_circle40,5
post_3298,2052,1912_circle8,5
post_3299,2053,1912_circle21,5
post_3300,2053,1912_circle38,5
post_3301,2053,1912_circle21,5
post_3302,2054,1912_circle21,7
post_3303,2054,1912_circle38,7
post_3304,2054,1912_circle40,7
post_3305,2054,1912_circle21,7
post_3306,2054,1912_circle38,7
post_3307,2055,1912_circle20,3
post_3308,2055,1912_circle20,3
post_3309,2056,1912_circle20,5
post_3310,2056,1912_circle20,5
post_3311,2056,1912_circle20,5
post_3312,2056,1912_circle20,5
post_3313,2057,1912_circle29,2
post_3314,2058,general,4
post_3315,2058,general,4
post_3316,2058,general,4
post_3317,2059,1912_circle20,8
post_3318,2059,1912_circle3,8
post_3319,2059,1912_circle20,8
post_3320,2059,1912_circle3,8
post_3321,2060,1912_circle20,5
post_3322,2060,1912_circle20,5
post_3323,2060,1912_circle20,5
post_3324,2060,1912_circle20,5
post_3325,2061,1912_circle31,2
post_3326,2062,1912_circle15,4
post_3327,2062,1912_circle21,4
post_3328,2063,1912_circle20,6
post_3329,2063,1912_circle20,6
post_3330,2063,1912_circle20,6
post_3331,2064,1912_circle20,8
post_3332,2064,1912_circle20,8
post_3333,2064,1912_circle20,8
post_3334,2064,1912_circle20,8
post_3335,2065,1912_circle36,2
post_3336,2065,1912_circle36,2
post_3337,2066,1912_circle36,1
post_3338,2067,1912_circle20,2
post_3339,2067,1912_circle36,2
post_3340,2068,1912_circle38,6
post_3341,2068,1912_circle38,6
post_3342,2068,1912_circle38,6
post_3343,2068,1912_circle38,6
post_3344,2069,1912_circle20,7
post_3345,2069,1912_circle20,7
post_3346,2069,1912_circle20,7
post_3347,2069,1912_circle20,7
post_3348,2070,1912_circle41,1
post_3349,2071,1912_circle38,5
post_3350,2071,1912_circle38,5
post_3351,2071,1912_circle38,5
post_3352,2072,1912_circle21,6
post_3353,2072,1912_circle38,6
post_3354,2072,1912_circle21,6
post_3355,2072,1912_circle38,6
post_3356,2073,1912_circle20,8
post_3357,2073,1912_circle44,8
post_3358,2073,1912_circle20,8
post_3359,2073,1912_circle44,8
post_3360,2074,1912_circle20,7
post_3361,2074,1912_circle20,7
post_3362,2074,1912_circle20,7
post_3363,2074,1912_circle20,7
post_3364,2075,1912_circle21,2
post_3365,2076,1912_circle27,1
post_3366,2077,1912_circle20,6
post_3367,2077,1912_circle20,6
post_3368,2077,1912_circle20,6
post_3369,2077,1912_circle20,6
post_3370,2078,1912_circle20,9
post_3371,2078,1912_circle20,9
post_3372,2078,1912_circle20,9
post_3373,2078,1912_circle20,9
post_3374,2079,general,1
post_3375,2080,1912_circle41,1
post_3376,2081,1912_circle17,7
post_3377,2081,1912_circle21,7
post_3378,2081,1912_circle35,7
post_3379,2081,1912_circle38,7
post_3380,2081,1912_circle17,7
post_3381,2082,1912_circle36,1
post_3382,2083,1912_circle20,6
post_3383,2083,1912_circle20,6
post_3384,2083,1912_circle20,6
post_3385,2084,1912_circle20,6
post_3386,2084,1912_circle20,6
post_3387,2084,1912_circle20,6
post_3388,2084,1912_circle20,6
post_3389,2085,1912_circle41,2
post_3390,2086,1912_circle20,6
post_3391,2086,1912_circle20,6
post_3392,2086,1912_circle20,6
post_3393,2087,1912_circle38,7
post_3394,2087,1912_circle38,7
post_3395,2087,1912_circle38,7
post_3396,2087,1912_circle38,7
post_3397,2088,1912_circle20,8
post_3398,2088,1912_circle20,8
post_3399,2088,1912_circle20,8
post_3400,2088,1912_circle20,8
post_3401,2088,1912_circle20,8
post_3402,2089,1912_circle41,1
post_3403,2090,1912_circle20,8
post_3404,2090,1912_circle20,8
post_3405,2090,1912_circle20,8
post_3406,2090,1912_circle20,8
post_3407,2091,1912_circle41,2
post_3408,2091,1912_circle41,2
post_3409,2092,1912_circle20,2
post_3410,2092,1912_circle20,2
post_3411,2093,1912_circle20,8
post_3412,2093,1912_circle20,8
post_3413,2093,1912_circle20,8
post_3414,2093,1912_circle20,8
post_3415,2093,1912_circle20,8
post_3416,2094,1912_circle0,1
post_3417,2095,1912_circle20,7
post_3418,2095,1912_circle20,7
post_3419,2095,1912_circle20,7
post_3420,2095,1912_circle20,7
post_3421,2095,1912_circle20,7
post_3422,2096,1912_circle10,1
post_3423,2097,1912_circle1,2
post_3424,2097,1912_circle1,2
post_3425,2098,1912_circle12,5
post_3426,2098,1912_circle20,5
post_3427,2098,1912_circle12,5
post_3428,2098,1912_circle20,5
post_3429,2099,1912_circle36,1
post_3430,2100,1912_circle16,1
post_3431,2101,1912_circle21,3
post_3432,2101,1912_circle21,3
post_3433,2101,1912_circle21,3
post_3434,2102,1912_circle38,6
post_3435,2102,1912_circle40,6
post_3436,2102,1912_circle38,6
post_3437,2103,1912_circle20,8
post_3438,2103,1912_circle20,8
post_3439,2103,1912_circle20,8
post_3440,2103,1912_circle20,8
post_3441,2103,1912_circle20,8
post_3442,2104,1912_circle20,8
post_3443,2104,1912_circle20,8
post_3444,2104,1912_circle20,8
post_3445,2104,1912_circle20,8
post_3446,2105,1912_circle41,1
post_3447,2106,1912_circle24,1
post_3448,2107,general,2
post_3449,2108,1912_circle20,7
post_3450,2108,1912_circle3,7
post_3451,2108,1912_circle20,7
post_3452,2108,1912_circle3,7
post_3453,2109,1912_circle20,6
post_3454,2109,1912_circle20,6
post_3455,2109,1912_circle20,6
post_3456,2110,1912_circle21,2
post_3457,2111,1912_circle10,8
post_3458,2111,1912_circle21,8
post_3459,2111,1912_circle38,8
post_3460,2111,1912_circle10,8
post_3461,2111,1912_circle21,8
post_3462,2112,1912_circle20,7
post_3463,2112,1912_circle20,7
post_3464,2112,1912_circle20,7
post_3465,2112,1912_circle20,7
post_3466,2113,1912_circle16,1
post_3467,2114,1912_circle15,1
post_3468,2115,1912_circle20,6
post_3469,2115,1912_circle20,6
post_3470,2115,1912_circle20,6
post_3471,2115,1912_circle20,6
post_3472,2116,1912_circle1,3
post_3473,2116,1912_circle1,3
post_3474,2116,1912_circle1,3
post_3475,2117,1912_circle38,6
post_3476,2117,1912_circle41,6
post_3477,2117,1912_circle38,6
post_3478,2118,1912_circle20,8
post_3479,2118,1912_circle20,8
post_3480,2118,1912_circle20,8
post_3481,2118,1912_circle20,8
post_3482,2119,1912_circle41,1
post_3483,2120,1912_circle15,1
post_3484,2121,1912_circle20,7
post_3485,2121,1912_circle31,7
post_3486,2121,1912_circle20,7
post_3487,2121,1912_circle31,7
post_3488,2122,1912_circle20,6
post_3489,2122,1912_circle20,6
post_3490,2122,1912_circle20,6
post_3491,2123,1912_circle20,9
post_3492,2123,1912_circle20,9
post_3493,2123,1912_circle20,9
post_3494,2123,1912_circle20,9
post_3495,2124,1912_circle20,7
post_3496,2124,1912_circle20,7
post_3497,2124,1912_circle20,7
post_3498,2124,1912_circle20,7
post_3499,2124,1912_circle20,7
post_3500,2125,1912_circle15,5
post_3501,2125,1912_circle38,5
post_3502,2125,1912_circle7,5
post_3503,2125,1912_circle15,5
post_3504,2126,1912_circle34,3
post_3505,2126,1912_circle41,3
post_3506,2126,1912_circle34,3
post_3507,2127,1912_circle38,5
post_3508,2127,1912_circle38,5
post_3509,2127,1912_circle38,5
post_3510,2128,1912_circle33,4
post_3511,2128,1912_circle35,4
post_3512,2129,1912_circle36,2
post_3513,2130,1912_circle36,1
post_3514,2131,1912_circle20,8
post_3515,2131,1912_circle20,8
post_3516,2131,1912_circle20,8
post_3517,2131,1912_circle20,8
post_3518,2132,1912_circle21,4
post_3519,2132,1912_circle21,4
post_3520,2132,1912_circle21,4
post_3521,2133,1912_circle11,7
post_3522,2133,1912_circle38,7
post_3523,2133,1912_circle41,7
post_3524,2133,1912_circle11,7
post_3525,2134,1912_circle10,4
post_3526,2134,1912_circle14,4
post_3527,2134,1912_circle38,4
post_3528,2135,1912_circle38,4
post_3529,2135,1912_circle38,4
post_3530,2136,1912_circle20,3
post_3531,2136,1912_circle20,3
post_3532,2137,1912_circle12,2
post_3533,2138,1912_circle38,6
post_3534,2138,1912_circle38,6
post_3535,2138,1912_circle38,6
post_3536,2138,1912_circle38,6
post_3537,2139,1912_circle20,8
post_3538,2139,1912_circle20,8
post_3539,2139,1912_circle20,8
post_3540,2139,1912_circle20,8
post_3541,2139,1912_circle20,8
post_3542,2140,1912_circle20,7
post_3543,2140,1912_circle20,7
post_3544,2140,1912_circle20,7
post_3545,2140,1912_circle20,7
post_3546,2140,1912_circle20,7
post_3547,2141,1912_circle41,1
post_3548,2141,1912_circle41,1
post_3549,2142,1912_circle10,9
post_3550,2142,1912_circle14,9
post_3551,2142,1912_circle15,9
post_3552,2142,1912_circle20,9
post_3553,2143,1912_circle1,5
post_3554,2143,1912_circle33,5
post_3555,2143,1912_circle38,5
post_3556,2143,1912_circle1,5
post_3557,2144,1912_circle40,4
post_3558,2144,1912_circle40,4
post_3559,2145,1912_circle41,2
post_3560,2146,1912_circle41,1
post_3561,2146,1912_circle41,1
post_3562,2147,1912_circle20,2
post_3563,2148,1912_circle38,4
post_3564,2148,1912_circle38,4
post_3565,2149,1912_circle35,6
post_3566,2149,1912_circle38,6
post_3567,2149,1912_circle35,6
post_3568,2150,1912_circle20,8
post_3569,2150,1912_circle20,8
post_3570,2150,1912_circle20,8
post_3571,2150,1912_circle20,8
post_3572,2150,1912_circle20,8
post_3573,2151,1912_circle38,4
post_3574,2151,1912_circle40,4
post_3575,2151,1912_circle38,4
post_3576,2152,1912_circle41,1
post_3577,2153,1912_circle38,6
post_3578,2153,1912_circle5,6
post_3579,2153,1912_circle38,6
post_3580,2153,1912_circle5,6
post_3581,2154,1912_circle20,7
post_3582,2154,1912_circle20,7
post_3583,2154,1912_circle20,7
post_3584,2154,1912_circle20,7
post_3585,2155,1912_circle41,2
post_3586,2156,1912_circle15,2
post_3587,2157,1912_circle1,2
post_3588,2157,1912_circle1,2
post_3589,2158,1912_circle41,1
post_3590,2159,1912_circle1,2
post_3591,2160,1912_circle41,1
post_3592,2161,1912_circle21,4
post_3593,2161,1912_circle21,4
post_3594,2162,1912_circle41,1
post_3595,2163,1912_circle38,2
post_3596,2164,1912_circle20,4
post_3597,2164,1912_circle20,4
post_3598,2165,1912_circle20,6
post_3599,2165,1912_circle20,6
post_3600,2165,1912_circle20,6
post_3601,2166,general,1
post_3602,2167,1912_circle34,1
post_3603,2168,1912_circle15,1
post_3604,2169,1912_circle36,5
post_3605,2169,1912_circle38,5
post_3606,2169,1912_circle36,5
post_3607,2170,1912_circle27,1
post_3608,2171,1912_circle1,3
post_3609,2171,1912_circle1,3
post_3610,2172,1912_circle20,8
post_3611,2172,1912_circle20,8
post_3612,2172,1912_circle20,8
post_3613,2172,1912_circle20,8
post_3614,2173,1912_circle41,2
post_3615,2174,1912_circle10,5
post_3616,2174,1912_circle38,5
post_3617,2174,1912_circle41,5
post_3618,2175,1912_circle41,1
post_3619,2176,1912_circle11,5
post_3620,2176,1912_circle38,5
post_3621,2176,1912_circle41,5
post_3622,2176,1912_circle11,5
post_3623,2177,1912_circle21,1
post_3624,2178,1912_circle41,1
post_3625,2179,1912_circle20,4
post_3626,2179,1912_circle20,4
post_3627,2179,1912_circle20,4
post_3628,2180,general,5
post_3629,2180,general,5
post_3630,2180,general,5
post_3631,2181,1912_circle41,1
post_3632,2182,1912_circle17,1
post_3633,2183,1912_circle0,6
post_3634,2183,1912_circle15,6
post_3635,2183,1912_circle38,6
post_3636,2183,1912_circle0,6
post_3637,2184,1912_circle20,8
post_3638,2184,1912_circle20,8
post_3639,2184,1912_circle20,8
post_3640,2184,1912_circle20,8
post_3641,2184,1912_circle20,8
post_3642,2185,1912_circle4,1
post_3643,2186,1912_circle11,1
post_3644,2187,1912_circle38,6
post_3645,2187,1912_circle38,6
post_3646,2187,1912_circle38,6
post_3647,2187,1912_circle38,6
post_3648,2188,1912_circle20,8
post_3649,2188,1912_circle20,8
post_3650,2188,1912_circle20,8
post_3651,2188,1912_circle20,8
post_3652,2189,1912_circle20,5
post_3653,2189,1912_circle38,5
post_3654,2189,1912_circle20,5
post_3655,2189,1912_circle38,5
post_3656,2190,1912_circle20,7
post_3657,2190,1912_circle20,7
post_3658,2190,1912_circle20,7
post_3659,2190,1912_circle20,7
post_3660,2191,1912_circle38,4
post_3661,2191,1912_circle5,4
post_3662,2191,1912_circle38,4
post_3663,2192,1912_circle1,2
post_3664,2193,1912_circle41,1
post_3665,2194,1912_circle38,5
post_3666,2194,1912_circle38,5
post_3667,2194,1912_circle38,5
post_3668,2194,1912_circle38,5
post_3669,2195,general,1
post_3670,2196,1912_circle38,5
post_3671,2196,1912_circle38,5
post_3672,2196,1912_circle38,5
post_3673,2197,1912_circle41,1
post_3674,2198,general,3
post_3675,2198,general,3
post_3676,2199,1912_circle21,7
post_3677,2199,1912_circle38,7
post_3678,2199,1912_circle21,7
post_3679,2199,1912_circle38,7
post_3680,2200,1912_circle20,7
post_3681,2200,1912_circle20,7
post_3682,2200,1912_circle20,7
post_3683,2200,1912_circle20,7
post_3684,2201,1912_circle20,8
post_3685,2201,1912_circle20,8
post_3686,2201,1912_circle20,8
post_3687,2201,1912_circle20,8
post_3688,2202,general,2
post_3689,2203,1912_circle38,4
post_3690,2203,1912_circle42,4
post_3691,2204,1912_circle10,1
post_3692,2205,general,1
post_3693,2206,1912_circle20,9
post_3694,2206,1912_circle20,9
post_3695,2206,1912_circle20,9
post_3696,2206,1912_circle20,9
post_3697,2207,general,1
post_3698,2208,1912_circle45,1
post_3699,2209,1912_circle11,2
post_3700,2209,1912_circle38,2
post_3701,2210,1912_circle20,4
post_3702,2210,1912_circle20,4
post_3703,2211,1912_circle11,3
post_3704,2211,1912_circle41,3
post_3705,2211,1912_circle11,3
post_3706,2212,1912_circle20,6
post_3707,2212,1912_circle20,6
post_3708,2212,1912_circle20,6
post_3709,2212,1912_circle20,6
post_3710,2213,general,5
post_3711,2213,general,5
post_3712,2213,general,5
post_3713,2213,general,5
post_3714,2214,1912_circle36,2
post_3715,2215,1912_circle29,3
post_3716,2215,1912_circle36,3
post_3717,2215,1912_circle29,3
post_3718,2216,1912_circle20,6
post_3719,2216,1912_circle20,6
post_3720,2216,1912_circle20,6
post_3721,2217,1912_circle16,1
post_3722,2218,1912_circle20,9
post_3723,2218,1912_circle31,9
post_3724,2218,1912_circle20,9
post_3725,2218,1912_circle31,9
post_3726,2219,1912_circle4,1
post_3727,2220,1912_circle20,8
post_3728,2220,1912_circle20,8
post_3729,2220,1912_circle20,8
post_3730,2220,1912_circle20,8
post_3731,2220,1912_circle20,8
post_3732,2221,1912_circle15,2
post_3733,2221,1912_circle21,2
post_3734,2222,1912_circle21,2
post_3735,2223,1912_circle38,5
post_3736,2223,1912_circle38,5
post_3737,2223,1912_circle38,5
post_3738,2224,1912_circle15,6
post_3739,2224,1912_circle38,6
post_3740,2224,1912_circle7,6
post_3741,2225,1912_circle31,2
post_3742,2225,1912_circle31,2
post_3743,2226,general,3
post_3744,2226,general,3
post_3745,2227,1912_circle36,1
post_3746,2228,1912_circle41,2
post_3747,2228,1912_circle41,2
post_3748,2229,1912_circle20,9
post_3749,2229,1912_circle44,9
post_3750,2229,1912_circle20,9
post_3751,2229,1912_circle44,9
post_3752,2230,1912_circle18,1
post_3753,2231,1912_circle15,2
post_3754,2231,1912_circle41,2
post_3755,2232,1912_circle15,3
post_3756,2232,1912_circle41,3
post_3757,2233,1912_circle20,9
post_3758,2233,1912_circle20,9
post_3759,2233,1912_circle20,9
post_3760,2233,1912_circle20,9
post_3761,2234,1912_circle20,2
post_3762,2235,1912_circle21,3
post_3763,2235,1912_circle21,3
post_3764,2235,1912_circle21,3
post_3765,2236,1912_circle41,2
post_3766,2236,1912_circle41,2
post_3767,2237,1912_circle20,5
post_3768,2237,1912_circle20,5
post_3769,2237,1912_circle20,5
post_3770,2238,1912_circle41,1
post_3771,2239,general,2
post_3772,2239,general,2
post_3773,2240,1912_circle20,9
post_3774,2240,1912_circle20,9
post_3775,2240,1912_circle20,9
post_3776,2240,1912_circle20,9
post_3777,2241,1912_circle10,5
post_3778,2241,1912_circle26,5
post_3779,2241,1912_circle38,5
post_3780,2242,1912_circle41,2
post_3781,2243,1912_circle15,3
post_3782,2243,1912_circle21,3
post_3783,2244,1912_circle20,8
post_3784,2244,1912_circle44,8
post_3785,2244,1912_circle20,8
post_3786,2244,1912_circle44,8
post_3787,2244,1912_circle20,8
post_3788,2245,1912_circle34,1
post_3789,2246,1912_circle38,4
post_3790,2246,1912_circle8,4
post_3791,2247,1912_circle38,5
post_3792,2247,1912_circle8,5
post_3793,2247,1912_circle38,5
post_3794,2247,1912_circle8,5
post_3795,2248,1912_circle41,1
post_3796,2249,1912_circle36,1
post_3797,2250,1912_circle38,5
post_3798,2250,1912_circle42,5
post_3799,2250,1912_circle38,5
post_3800,2250,1912_circle42,5
post_3801,2251,1912_circle36,1
post_3802,2252,1912_circle21,1
post_3803,2253,1912_circle20,7
post_3804,2253,1912_circle20,7
post_3805,2253,1912_circle20,7
post_3806,2253,1912_circle20,7
post_3807,2254,1912_circle38,4
post_3808,2254,1912_circle4,4
post_3809,2255,1912_circle27,1
post_3810,2256,1912_circle36,1
post_3811,2257,1912_circle20,7
post_3812,2257,1912_circle20,7
post_3813,2257,1912_circle20,7
post_3814,2257,1912_circle20,7
post_3815,2258,1912_circle20,2
post_3816,2259,1912_circle27,3
post_3817,2259,1912_circle38,3
post_3818,2260,1912_circle23,1
post_3819,2261,1912_circle20,6
post_3820,2261,1912_circle20,6
post_3821,2261,1912_circle20,6
post_3822,2261,1912_circle20,6
post_3823,2262,1912_circle20,1
post_3824,2263,1912_circle36,1
post_3825,2264,general,3
post_3826,2264,general,3
post_3827,2265,1912_circle36,1
post_3828,2266,1912_circle10,10
post_3829,2266,1912_circle15,10
post_3830,2266,1912_circle20,10
post_3831,2266,1912_circle10,10
post_3832,2267,1912_circle20,4
post_3833,2267,1912_circle20,4
post_3834,2268,1912_circle1,6
post_3835,2268,1912_circle35,6
post_3836,2268,1912_circle38,6
post_3837,2269,general,1
post_3838,2270,1912_circle36,1
post_3839,2271,1912_circle20,8
post_3840,2271,1912_circle20,8
post_3841,2271,1912_circle20,8
post_3842,2271,1912_circle20,8
post_3843,2272,1912_circle41,2
post_3844,2273,1912_circle38,4
post_3845,2273,1912_circle40,4
post_3846,2274,1912_circle21,2
post_3847,2275,1912_circle20,8
post_3848,2275,1912_circle20,8
post_3849,2275,1912_circle20,8
post_3850,2275,1912_circle20,8
post_3851,2276,1912_circle20,7
post_3852,2276,1912_circle20,7
post_3853,2276,1912_circle20,7
post_3854,2276,1912_circle20,7
post_3855,2277,1912_circle41,1
post_3856,2278,1912_circle20,7
post_3857,2278,1912_circle33,7
post_3858,2278,1912_circle20,7
post_3859,2278,1912_circle33,7
post_3860,2279,1912_circle38,6
post_3861,2279,1912_circle38,6
post_3862,2279,1912_circle38,6
post_3863,2280,1912_circle21,3
post_3864,2280,1912_circle38,3
post_3865,2280,1912_circle21,3
post_3866,2281,general,1
post_3867,2282,1912_circle21,7
post_3868,2282,1912_circle38,7
post_3869,2282,1912_circle21,7
post_3870,2282,1912_circle38,7
post_3871,2282,1912_circle21,7
post_3872,2283,1912_circle15,7
post_3873,2283,1912_circle19,7
post_3874,2283,1912_circle22,7
post_3875,2283,1912_circle23,7
post_3876,2284,1912_circle1,3
post_3877,2284,1912_circle1,3
post_3878,2285,general,3
post_3879,2285,general,3
post_3880,2285,general,3
post_3881,2286,1912_circle41,1
post_3882,2286,1912_circle41,1
post_3883,2287,1912_circle20,3
post_3884,2287,1912_circle20,3
post_3885,2287,1912_circle20,3
post_3886,2288,1912_circle20,1
post_3887,2289,1912_circle38,7
post_3888,2289,1912_circle39,7
post_3889,2289,1912_circle41,7
post_3890,2289,1912_circle38,7
post_3891,2290,1912_circle20,8
post_3892,2290,1912_circle20,8
post_3893,2290,1912_circle20,8
post_3894,2290,1912_circle20,8
post_3895,2290,1912_circle20,8
post_3896,2291,1912_circle36,1
post_3897,2292,1912_circle33,6
post_3898,2292,1912_circle35,6
post_3899,2292,1912_circle38,6
post_3900,2293,1912_circle20,3
post_3901,2293,1912_circle20,3
post_3902,2294,1912_circle21,5
post_3903,2294,1912_circle38,5
post_3904,2294,1912_circle21,5
post_3905,2295,1912_circle36,1
post_3906,2295,1912_circle7,1
post_3907,2296,1912_circle11,2
post_3908,2296,1912_circle41,2
post_3909,2297,1912_circle1,2
post_3910,2298,1912_circle18,1
post_3911,2299,1912_circle20,7
post_3912,2299,1912_circle20,7
post_3913,2299,1912_circle20,7
post_3914,2299,1912_circle20,7
post_3915,2299,1912_circle20,7
post_3916,2300,1912_circle20,5
post_3917,2300,1912_circle20,5
post_3918,2300,1912_circle20,5
post_3919,2301,1912_circle21,1
post_3920,2302,1912_circle33,5
post_3921,2302,1912_circle38,5
post_3922,2302,1912_circle33,5
post_3923,2302,1912_circle38,5
post_3924,2303,general,2
post_3925,2304,1912_circle38,3
post_3926,2304,1912_circle8,3
post_3927,2305,general,1
post_3928,2306,1912_circle20,5
post_3929,2306,1912_circle20,5
post_3930,2306,1912_circle20,5
post_3931,2307,1912_circle20,6
post_3932,2307,1912_circle20,6
post_3933,2307,1912_circle20,6
post_3934,2307,1912_circle20,6
post_3935,2308,1912_circle20,7
post_3936,2308,1912_circle20,7
post_3937,2308,1912_circle20,7
post_3938,2308,1912_circle20,7
post_3939,2309,1912_circle20,8
post_3940,2309,1912_circle20,8
post_3941,2309,1912_circle20,8
post_3942,2309,1912_circle20,8
post_3943,2310,1912_circle11,1
post_3944,2311,1912_circle20,3
post_3945,2311,1912_circle20,3
post_3946,2311,1912_circle20,3
post_3947,2312,1912_circle36,1
post_3948,2313,1912_circle41,4
post_3949,2313,1912_circle41,4
post_3950,2314,1912_circle41,1
post_3951,2315,1912_circle38,3
post_3952,2315,1912_circle38,3
post_3953,2315,1912_circle38,3
post_3954,2316,1912_circle15,1
post_3955,2317,1912_circle41,2
post_3956,2318,1912_circle11,2
post_3957,2319,1912_circle38,5
post_3958,2319,1912_circle42,5
post_3959,2319,1912_circle38,5
post_3960,2320,1912_circle27,1
post_3961,2321,1912_circle23,1
post_3962,2322,1912_circle41,2
post_3963,2322,1912_circle41,2
post_3964,2323,1912_circle20,8
post_3965,2323,1912_circle20,8
post_3966,2323,1912_circle20,8
post_3967,2323,1912_circle20,8
post_3968,2324,1912_circle20,8
post_3969,2324,1912_circle20,8
post_3970,2324,1912_circle20,8
post_3971,2324,1912_circle20,8
post_3972,2325,1912_circle11,4
post_3973,2325,1912_circle41,4
post_3974,2326,1912_circle20,8
post_3975,2326,1912_circle20,8
post_3976,2326,1912_circle20,8
post_3977,2326,1912_circle20,8
post_3978,2327,1912_circle21,5
post_3979,2327,1912_circle21,5
post_3980,2327,1912_circle21,5
post_3981,2328,1912_circle15,7
post_3982,2328,1912_circle21,7
post_3983,2328,1912_circle38,7
post_3984,2328,1912_circle39,7
post_3985,2329,1912_circle20,5
post_3986,2329,1912_circle20,5
post_3987,2329,1912_circle20,5
post_3988,2330,general,2
post_3989,2330,general,2
post_3990,2331,1912_circle41,8
post_3991,2331,1912_circle41,8
post_3992,2331,1912_circle41,8
post_3993,2331,1912_circle41,8
post_3994,2332,1912_circle0,5
post_3995,2332,1912_circle15,5
post_3996,2332,1912_circle38,5
post_3997,2333,1912_circle21,7
post_3998,2333,1912_circle38,7
post_3999,2333,1912_circle21,7
post_4000,2333,1912_circle38,7
post_4001,2334,1912_circle20,6
post_4002,2334,1912_circle20,6
post_4003,2334,1912_circle20,6
post_4004,2335,1912_circle41,2
post_4005,2336,1912_circle15,6
post_4006,2336,1912_circle38,6
post_4007,2336,1912_circle15,6
post_4008,2336,1912_circle38,6
post_4009,2337,1912_circle1,2
post_4010,2337,1912_circle1,2
post_4011,2338,1912_circle38,5
post_4012,2338,1912_circle38,5
post_4013,2338,1912_circle38,5
post_4014,2339,1912_circle20,8
post_4015,2339,1912_circle20,8
post_4016,2339,1912_circle20,8
post_4017,2339,1912_circle20,8
post_4018,2340,1912_circle20,8
post_4019,2340,1912_circle20,8
post_4020,2340,1912_circle20,8
post_4021,2340,1912_circle20,8
post_4022,2341,1912_circle1,2
post_4023,2341,1912_circle41,2
post_4024,2342,1912_circle41,2
post_4025,2343,1912_circle38,4
post_4026,2343,1912_circle38,4
post_4027,2344,1912_circle10,5
post_4028,2344,1912_circle21,5
post_4029,2344,1912_circle39,5
post_4030,2344,1912_circle10,5
post_4031,2345,1912_circle36,3
post_4032,2345,1912_circle41,3
post_4033,2346,1912_circle1,2
post_4034,2346,1912_circle1,2
post_4035,2347,1912_circle20,10
post_4036,2347,1912_circle38,10
post_4037,2347,1912_circle20,10
post_4038,2347,1912_circle38,10
post_4039,2348,1912_circle12,7
post_4040,2348,1912_circle20,7
post_4041,2348,1912_circle12,7
post_4042,2348,1912_circle20,7
post_4043,2348,1912_circle12,7
post_4044,2349,1912_circle27,1
post_4045,2350,1912_circle20,2
post_4046,2351,1912_circle38,5
post_4047,2351,1912_circle38,5
post_4048,2351,1912_circle38,5
post_4049,2352,1912_circle20,7
post_4050,2352,1912_circle20,7
post_4051,2352,1912_circle20,7
post_4052,2352,1912_circle20,7
post_4053,2352,1912_circle20,7
post_4054,2353,1912_circle20,4
post_4055,2353,1912_circle20,4
post_4056,2354,1912_circle20,8
post_4057,2354,1912_circle20,8
post_4058,2354,1912_circle20,8
post_4059,2354,1912_circle20,8
post_4060,2354,1912_circle20,8
post_4061,2355,1912_circle36,2
post_4062,2355,1912_circle42,2
post_4063,2356,1912_circle20,7
post_4064,2356,1912_circle20,7
post_4065,2356,1912_circle20,7
post_4066,2356,1912_circle20,7
post_4067,2356,1912_circle20,7
post_4068,2357,1912_circle41,1
post_4069,2358,1912_circle36,1
post_4070,2359,1912_circle20,6
post_4071,2359,1912_circle20,6
post_4072,2359,1912_circle20,6
post_4073,2360,1912_circle41,1
post_4074,2361,1912_circle41,2
post_4075,2361,1912_circle41,2
post_4076,2362,1912_circle41,1
post_4077,2363,1912_circle20,7
post_4078,2363,1912_circle20,7
post_4079,2363,1912_circle20,7
post_4080,2363,1912_circle20,7
post_4081,2364,1912_circle1,3
post_4082,2364,1912_circle1,3
post_4083,2364,1912_circle1,3
post_4084,2365,1912_circle31,3
post_4085,2365,1912_circle31,3
post_4086,2366,1912_circle41,2
post_4087,2367,1912_circle38,2
post_4088,2368,general,4
post_4089,2368,general,4
post_4090,2369,1912_circle20,8
post_4091,2369,1912_circle3,8
post_4092,2369,1912_circle20,8
post_4093,2369,1912_circle3,8
post_4094,2369,1912_circle20,8
post_4095,2370,1912_circle20,7
post_4096,2370,1912_circle20,7
post_4097,2370,1912_circle20,7
post_4098,2370,1912_circle20,7
post_4099,2370,1912_circle20,7
post_4100,2371,1912_circle36,2
post_4101,2372,1912_circle38,5
post_4102,2372,1912_circle42,5
post_4103,2372,1912_circle38,5
post_4104,2373,1912_circle41,1
post_4105,2374,1912_circle20,7
post_4106,2374,1912_circle20,7
post_4107,2374,1912_circle20,7
post_4108,2374,1912_circle20,7
post_4109,2374,1912_circle20,7
post_4110,2375,1912_circle16,1
post_4111,2376,1912_circle20,8
post_4112,2376,1912_circle27,8
post_4113,2376,1912_circle31,8
post_4114,2376,1912_circle20,8
post_4115,2377,1912_circle21,4
post_4116,2377,1912_circle38,4
post_4117,2378,1912_circle1,2
post_4118,2378,1912_circle1,2
post_4119,2379,1912_circle41,2
post_4120,2379,1912_circle41,2
post_4121,2380,general,1
post_4122,2381,1912_circle20,8
post_4123,2381,1912_circle20,8
post_4124,2381,1912_circle20,8
post_4125,2381,1912_circle20,8
post_4126,2381,1912_circle20,8
post_4127,2382,1912_circle10,1
post_4128,2383,general,1
post_4129,2384,1912_circle21,8
post_4130,2384,1912_circle38,8
post_4131,2384,1912_circle42,8
post_4132,2384,1912_circle21,8
post_4133,2385,1912_circle29,3
post_4134,2385,1912_circle29,3
post_4135,2386,1912_circle20,6
post_4136,2386,1912_circle20,6
post_4137,2386,1912_circle20,6
post_4138,2387,1912_circle20,2
post_4139,2387,1912_circle20,2
post_4140,2388,1912_circle41,1
post_4141,2389,1912_circle36,2
post_4142,2389,1912_circle42,2
post_4143,2390,1912_circle21,2
post_4144,2390,1912_circle21,2
post_4145,2391,1912_circle20,3
post_4146,2391,1912_circle20,3
post_4147,2391,1912_circle20,3
post_4148,2392,1912_circle20,4
post_4149,2392,1912_circle20,4
post_4150,2393,1912_circle20,2
post_4151,2394,1912_circle21,4
post_4152,2394,1912_circle38,4
post_4153,2395,1912_circle20,8
post_4154,2395,1912_circle31,8
post_4155,2395,1912_circle20,8
post_4156,2395,1912_circle31,8
post_4157,2395,1912_circle20,8
post_4158,2396,1912_circle21,3
post_4159,2396,1912_circle21,3
post_4160,2397,1912_circle41,2
post_4161,2398,1912_circle27,5
post_4162,2398,1912_circle38,5
post_4163,2398,1912_circle27,5
post_4164,2398,1912_circle38,5
post_4165,2399,1912_circle21,4
post_4166,2399,1912_circle27,4
post_4167,2400,1912_circle36,1
post_4168,2401,1912_circle27,1
post_4169,2402,1912_circle36,1
post_4170,2403,1912_circle41,1
post_4171,2404,1912_circle20,7
post_4172,2404,1912_circle20,7
post_4173,2404,1912_circle20,7
post_4174,2404,1912_circle20,7
post_4175,2404,1912_circle20,7
post_4176,2405,1912_circle41,1
post_4177,2406,1912_circle41,2
post_4178,2406,1912_circle41,2
post_4179,2407,1912_circle20,4
post_4180,2407,1912_circle20,4
post_4181,2408,1912_circle20,7
post_4182,2408,1912_circle20,7
post_4183,2408,1912_circle20,7
post_4184,2408,1912_circle20,7
post_4185,2409,1912_circle20,8
post_4186,2409,1912_circle20,8
post_4187,2409,1912_circle20,8
post_4188,2409,1912_circle20,8
post_4189,2409,1912_circle20,8
post_4190,2410,1912_circle20,9
post_4191,2410,1912_circle20,9
post_4192,2410,1912_circle20,9
post_4193,2410,1912_circle20,9
post_4194,2411,1912_circle41,2
post_4195,2412,1912_circle41,2
post_4196,2412,1912_circle41,2
post_4197,2413,1912_circle36,1
post_4198,2414,1912_circle20,8
post_4199,2414,1912_circle20,8
post_4200,2414,1912_circle20,8
post_4201,2414,1912_circle20,8
post_4202,2415,1912_circle21,2
post_4203,2415,1912_circle37,2
post_4204,2416,1912_circle11,2
post_4205,2417,general,3
post_4206,2417,general,3
post_4207,2418,1912_circle20,5
post_4208,2418,1912_circle20,5
post_4209,2418,1912_circle20,5
post_4210,2419,1912_circle11,5
post_4211,2419,1912_circle38,5
post_4212,2419,1912_circle41,5
post_4213,2420,1912_circle38,4
post_4214,2420,1912_circle38,4
post_4215,2421,1912_circle10,1
post_4216,2422,1912_circle36,1
post_4217,2423,1912_circle20,7
post_4218,2423,1912_circle20,7
post_4219,2423,1912_circle20,7
post_4220,2423,1912_circle20,7
post_4221,2424,1912_circle15,1
post_4222,2425,1912_circle13,2
post_4223,2426,1912_circle12,1
post_4224,2427,general,1
post_4225,2428,1912_circle20,8
post_4226,2428,1912_circle20,8
post_4227,2428,1912_circle20,8
post_4228,2428,1912_circle20,8
post_4229,2428,1912_circle20,8
post_4230,2429,general,4
post_4231,2429,general,4
post_4232,2429,general,4
post_4233,2430,1912_circle20,6
post_4234,2430,1912_circle20,6
post_4235,2430,1912_circle20,6
post_4236,2431,1912_circle23,1
post_4237,2432,1912_circle21,2
post_4238,2432,1912_circle21,2
post_4239,2433,1912_circle20,6
post_4240,2433,1912_circle44,6
post_4241,2433,1912_circle20,6
post_4242,2434,1912_circle21,4
post_4243,2434,1912_circle21,4
post_4244,2435,general,2
post_4245,2436,1912_circle33,4
post_4246,2436,1912_circle38,4
post_4247,2437,1912_circle10,1
post_4248,2438,1912_circle21,3
post_4249,2438,1912_circle38,3
post_4250,2438,1912_circle21,3
post_4251,2439,1912_circle16,1
post_4252,2440,1912_circle41,2
post_4253,2440,1912_circle41,2
post_4254,2441,1912_circle36,1
post_4255,2442,1912_circle20,1
post_4256,2443,1912_circle20,1
post_4257,2444,1912_circle27,1
post_4258,2445,1912_circle36,3
post_4259,2445,1912_circle38,3
post_4260,2446,1912_circle20,7
post_4261,2446,1912_circle20,7
post_4262,2446,1912_circle20,7
post_4263,2446,1912_circle20,7
post_4264,2446,1912_circle20,7
post_4265,2447,1912_circle1,2
post_4266,2448,1912_circle36,2
post_4267,2449,1912_circle20,2
post_4268,2450,1912_circle36,1
post_4269,2451,1912_circle21,5
post_4270,2451,1912_circle38,5
post_4271,2451,1912_circle21,5
post_4272,2452,1912_circle41,1
post_4273,2453,1912_circle45,1
post_4274,2454,1912_circle36,1
post_4275,2455,1912_circle10,1
post_4276,2456,1912_circle10,1
post_4277,2457,1912_circle32,1
post_4278,2458,1912_circle15,4
post_4279,2458,1912_circle21,4
post_4280,2459,1912_circle1,2
post_4281,2459,1912_circle43,2
post_4282,2460,1912_circle20,7
post_4283,2460,1912_circle20,7
post_4284,2460,1912_circle20,7
post_4285,2460,1912_circle20,7
post_4286,2461,1912_circle38,5
post_4287,2461,1912_circle4,5
post_4288,2461,1912_circle8,5
post_4289,2462,1912_circle20,4
post_4290,2462,1912_circle20,4
post_4291,2462,1912_circle20,4
post_4292,2463,1912_circle33,6
post_4293,2463,1912_circle38,6
post_4294,2463,1912_circle33,6
post_4295,2463,1912_circle38,6
post_4296,2464,1912_circle20,9
post_4297,2464,1912_circle20,9
post_4298,2464,1912_circle20,9
post_4299,2464,1912_circle20,9
post_4300,2464,1912_circle20,9
post_4301,2465,1912_circle40,3
post_4302,2465,1912_circle40,3
post_4303,2465,1912_circle40,3
post_4304,2466,1912_circle27,1
post_4305,2467,general,6
post_4306,2467,general,6
post_4307,2467,general,6
post_4308,2468,1912_circle10,8
post_4309,2468,1912_circle20,8
post_4310,2468,1912_circle28,8
post_4311,2468,1912_circle39,8
post_4312,2469,1912_circle20,6
post_4313,2469,1912_circle20,6
post_4314,2469,1912_circle20,6
post_4315,2470,1912_circle10,1
post_4316,2471,1912_circle38,6
post_4317,2471,1912_circle38,6
post_4318,2471,1912_circle38,6
post_4319,2472,1912_circle1,4
post_4320,2472,1912_circle38,4
post_4321,2472,1912_circle1,4
post_4322,2473,1912_circle38,2
post_4323,2474,1912_circle41,2
post_4324,2474,1912_circle41,2
post_4325,2475,1912_circle38,4
post_4326,2475,1912_circle38,4
post_4327,2476,1912_circle20,2
post_4328,2477,1912_circle20,5
post_4329,2477,1912_circle20,5
post_4330,2477,1912_circle20,5
post_4331,2478,1912_circle20,4
post_4332,2478,1912_circle20,4
post_4333,2478,1912_circle20,4
post_4334,2479,1912_circle21,2
post_4335,2479,1912_circle21,2
post_4336,2480,1912_circle41,2
post_4337,2481,1912_circle34,1
post_4338,2482,1912_circle20,7
post_4339,2482,1912_circle20,7
post_4340,2482,1912_circle20,7
post_4341,2482,1912_circle20,7
post_4342,2483,1912_circle32,1
post_4343,2484,1912_circle20,6
post_4344,2484,1912_circle20,6
post_4345,2484,1912_circle20,6
post_4346,2485,1912_circle20,6
post_4347,2485,1912_circle20,6
post_4348,2485,1912_circle20,6
post_4349,2486,1912_circle27,1
post_4350,2487,1912_circle34,1
post_4351,2488,1912_circle36,2
post_4352,2489,1912_circle20,5
post_4353,2489,1912_circle20,5
post_4354,2489,1912_circle20,5
post_4355,2490,general,1
post_4356,2491,1912_circle35,5
post_4357,2491,1912_circle38,5
post_4358,2491,1912_circle35,5
post_4359,2492,1912_circle20,8
post_4360,2492,1912_circle20,8
post_4361,2492,1912_circle20,8
post_4362,2492,1912_circle20,8
post_4363,2493,general,1
post_4364,2494,1912_circle1,2
post_4365,2495,1912_circle20,6
post_4366,2495,1912_circle20,6
post_4367,2495,1912_circle20,6
post_4368,2496,1912_circle38,1
post_4369,2497,1912_circle36,1
post_4370,2498,1912_circle38,4
post_4371,2498,1912_circle41,4
post_4372,2498,1912_circle5,4
post_4373,2499,1912_circle20,4
post_4374,2499,1912_circle20,4
post_4375,2500,1912_circle20,8
post_4376,2500,1912_circle20,8
post_4377,2500,1912_circle20,8
post_4378,2500,1912_circle20,8
post_4379,2501,1912_circle15,4
post_4380,2501,1912_circle21,4
post_4381,2502,1912_circle36,2
post_4382,2502,1912_circle7,2
post_4383,2503,1912_circle41,1
post_4384,2504,1912_circle20,7
post_4385,2504,1912_circle20,7
post_4386,2504,1912_circle20,7
post_4387,2504,1912_circle20,7
post_4388,2504,1912_circle20,7
post_4389,2505,1912_circle45,1
post_4390,2506,1912_circle12,5
post_4391,2506,1912_circle20,5
post_4392,2506,1912_circle12,5
post_4393,2507,1912_circle20,9
post_4394,2507,1912_circle20,9
post_4395,2507,1912_circle20,9
post_4396,2507,1912_circle20,9
post_4397,2507,1912_circle20,9
post_4398,2508,general,4
post_4399,2508,general,4
post_4400,2509,1912_circle21,6
post_4401,2509,1912_circle21,6
post_4402,2509,1912_circle21,6
post_4403,2510,general,6
post_4404,2510,general,6
post_4405,2510,general,6
post_4406,2511,1912_circle21,6
post_4407,2511,1912_circle38,6
post_4408,2511,1912_circle21,6
post_4409,2512,1912_circle14,5
post_4410,2512,1912_circle20,5
post_4411,2512,1912_circle26,5
post_4412,2512,1912_circle14,5
post_4413,2513,1912_circle27,1
post_4414,2514,1912_circle36,1
post_4415,2515,1912_circle27,1
post_4416,2516,1912_circle38,4
post_4417,2516,1912_circle7,4
post_4418,2517,1912_circle36,1
post_4419,2518,1912_circle31,2
post_4420,2519,1912_circle38,2
post_4421,2520,1912_circle20,7
post_4422,2520,1912_circle20,7
post_4423,2520,1912_circle20,7
post_4424,2520,1912_circle20,7
post_4425,2520,1912_circle20,7
post_4426,2521,1912_circle17,6
post_4427,2521,1912_circle20,6
post_4428,2521,1912_circle17,6
post_4429,2522,general,1
post_4430,2523,1912_circle15,1
post_4431,2524,1912_circle36,1
post_4432,2525,1912_circle11,2
post_4433,2526,1912_circle20,8
post_4434,2526,1912_circle20,8
post_4435,2526,1912_circle20,8
post_4436,2526,1912_circle20,8
post_4437,2526,1912_circle20,8
post_4438,2527,1912_circle32,1
post_4439,2528,1912_circle13,1
post_4440,2529,1912_circle36,2
post_4441,2530,1912_circle36,2
post_4442,2531,1912_circle36,1
post_4443,2532,1912_circle20,5
post_4444,2532,1912_circle20,5
post_4445,2532,1912_circle20,5
post_4446,2533,1912_circle38,4
post_4447,2533,1912_circle38,4
post_4448,2534,1912_circle36,1
post_4449,2535,1912_circle34,1
post_4450,2536,1912_circle20,3
post_4451,2536,1912_circle20,3
post_4452,2536,1912_circle20,3
post_4453,2537,1912_circle21,4
post_4454,2537,1912_circle21,4
post_4455,2538,1912_circle1,3
post_4456,2538,1912_circle1,3
post_4457,2539,1912_circle20,6
post_4458,2539,1912_circle20,6
post_4459,2539,1912_circle20,6
post_4460,2539,1912_circle20,6
post_4461,2540,1912_circle0,2
post_4462,2540,1912_circle41,2
post_4463,2541,1912_circle10,1
post_4464,2542,1912_circle15,8
post_4465,2542,1912_circle20,8
post_4466,2542,1912_circle15,8
post_4467,2542,1912_circle20,8
post_4468,2543,1912_circle0,10
post_4469,2543,1912_circle10,10
post_4470,2543,1912_circle20,10
post_4471,2543,1912_circle38,10
post_4472,2544,1912_circle33,2
post_4473,2545,general,1
post_4474,2546,1912_circle20,6
post_4475,2546,1912_circle20,6
post_4476,2546,1912_circle20,6
post_4477,2547,general,3
post_4478,2547,general,3
post_4479,2548,1912_circle16,1
post_4480,2549,1912_circle20,7
post_4481,2549,1912_circle20,7
post_4482,2549,1912_circle20,7
post_4483,2549,1912_circle20,7
post_4484,2550,1912_circle20,7
post_4485,2550,1912_circle20,7
post_4486,2550,1912_circle20,7
post_4487,2550,1912_circle20,7
post_4488,2551,1912_circle20,7
post_4489,2551,1912_circle20,7
post_4490,2551,1912_circle20,7
post_4491,2551,1912_circle20,7
post_4492,2552,general,5
post_4493,2552,general,5
post_4494,2552,general,5
post_4495,2553,1912_circle20,7
post_4496,2553,1912_circle20,7
post_4497,2553,1912_circle20,7
post_4498,2553,1912_circle20,7
post_4499,2554,general,4
post_4500,2554,general,4
post_4501,2555,1912_circle38,6
post_4502,2555,1912_circle8,6
post_4503,2555,1912_circle38,6
post_4504,2556,1912_circle20,6
post_4505,2556,1912_circle20,6
post_4506,2556,1912_circle20,6
post_4507,2557,1912_circle11,2
post_4508,2557,1912_circle41,2
post_4509,2558,1912_circle13,1
post_4510,2558,1912_circle4,1
post_4511,2559,1912_circle20,7
post_4512,2559,1912_circle20,7
post_4513,2559,1912_circle20,7
post_4514,2559,1912_circle20,7
post_4515,2560,1912_circle14,9
post_4516,2560,1912_circle17,9
post_4517,2560,1912_circle20,9
post_4518,2560,1912_circle14,9
post_4519,2561,1912_circle12,7
post_4520,2561,1912_circle20,7
post_4521,2561,1912_circle12,7
post_4522,2561,1912_circle20,7
post_4523,2562,1912_circle41,1
post_4524,2563,1912_circle20,5
post_4525,2563,1912_circle20,5
post_4526,2563,1912_circle20,5
post_4527,2564,1912_circle20,8
post_4528,2564,1912_circle20,8
post_4529,2564,1912_circle20,8
post_4530,2564,1912_circle20,8
post_4531,2564,1912_circle20,8
post_4532,2565,1912_circle15,1
post_4533,2566,1912_circle41,2
post_4534,2566,1912_circle41,2
post_4535,2567,1912_circle38,5
post_4536,2567,1912_circle5,5
post_4537,2567,1912_circle38,5
post_4538,2568,1912_circle21,1
post_4539,2569,1912_circle41,1
post_4540,2570,1912_circle34,1
post_4541,2571,1912_circle1,2
post_4542,2572,1912_circle20,1
post_4543,2573,1912_circle12,7
post_4544,2573,1912_circle20,7
post_4545,2573,1912_circle12,7
post_4546,2573,1912_circle20,7
post_4547,2573,1912_circle12,7
post_4548,2574,1912_circle20,5
post_4549,2574,1912_circle20,5
post_4550,2574,1912_circle20,5
post_4551,2575,1912_circle20,6
post_4552,2575,1912_circle44,6
post_4553,2575,1912_circle20,6
post_4554,2576,1912_circle20,2
post_4555,2576,1912_circle20,2
post_4556,2577,1912_circle15,1
post_4557,2578,1912_circle20,7
post_4558,2578,1912_circle20,7
post_4559,2578,1912_circle20,7
post_4560,2578,1912_circle20,7
post_4561,2579,1912_circle20,5
post_4562,2579,1912_circle20,5
post_4563,2579,1912_circle20,5
post_4564,2580,1912_circle41,1
post_4565,2581,1912_circle15,1
post_4566,2582,1912_circle38,5
post_4567,2582,1912_circle7,5
post_4568,2582,1912_circle38,5
post_4569,2583,1912_circle1,2
post_4570,2583,1912_circle1,2
post_4571,2584,1912_circle20,1
post_4572,2585,1912_circle1,2
post_4573,2586,1912_circle20,8
post_4574,2586,1912_circle44,8
post_4575,2586,1912_circle20,8
post_4576,2586,1912_circle44,8
post_4577,2587,1912_circle15,1
post_4578,2588,1912_circle32,4
post_4579,2588,1912_circle32,4
post_4580,2588,1912_circle32,4
post_4581,2589,1912_circle38,4
post_4582,2589,1912_circle38,4
post_4583,2589,1912_circle38,4
post_4584,2590,1912_circle20,8
post_4585,2590,1912_circle20,8
post_4586,2590,1912_circle20,8
post_4587,2590,1912_circle20,8
post_4588,2590,1912_circle20,8
post_4589,2591,1912_circle20,4
post_4590,2591,1912_circle20,4
post_4591,2592,1912_circle38,5
post_4592,2592,1912_circle38,5
post_4593,2592,1912_circle38,5
post_4594,2593,1912_circle20,8
post_4595,2593,1912_circle20,8
post_4596,2593,1912_circle20,8
post_4597,2593,1912_circle20,8
post_4598,2594,1912_circle38,4
post_4599,2594,1912_circle38,4
post_4600,2595,1912_circle32,1
post_4601,2596,general,1
post_4602,2597,1912_circle38,5
post_4603,2597,1912_circle38,5
post_4604,2597,1912_circle38,5
post_4605,2598,1912_circle15,7
post_4606,2598,1912_circle35,7
post_4607,2598,1912_circle38,7
post_4608,2598,1912_circle40,7
post_4609,2599,1912_circle40,1
post_4610,2600,1912_circle20,8
post_4611,2600,1912_circle20,8
post_4612,2600,1912_circle20,8
post_4613,2600,1912_circle20,8
post_4614,2601,1912_circle20,8
post_4615,2601,1912_circle20,8
post_4616,2601,1912_circle20,8
post_4617,2601,1912_circle20,8
post_4618,2602,1912_circle20,8
post_4619,2602,1912_circle20,8
post_4620,2602,1912_circle20,8
post_4621,2602,1912_circle20,8
post_4622,2602,1912_circle20,8
post_4623,2603,1912_circle21,3
post_4624,2603,1912_circle41,3
post_4625,2603,1912_circle21,3
post_4626,2604,1912_circle20,8
post_4627,2604,1912_circle20,8
post_4628,2604,1912_circle20,8
post_4629,2604,1912_circle20,8
post_4630,2604,1912_circle20,8
post_4631,2605,1912_circle15,1
post_4632,2606,1912_circle20,3
post_4633,2606,1912_circle20,3
post_4634,2607,1912_circle20,8
post_4635,2607,1912_circle20,8
post_4636,2607,1912_circle20,8
post_4637,2607,1912_circle20,8
post_4638,2607,1912_circle20,8
post_4639,2608,1912_circle38,4
post_4640,2608,1912_circle38,4
post_4641,2609,1912_circle40,2
post_4642,2610,1912_circle11,3
post_4643,2610,1912_circle38,3
post_4644,2611,1912_circle20,9
post_4645,2611,1912_circle20,9
post_4646,2611,1912_circle20,9
post_4647,2611,1912_circle20,9
post_4648,2612,1912_circle41,2
post_4649,2613,1912_circle20,2
post_4650,2613,1912_circle20,2
post_4651,2614,1912_circle36,1
post_4652,2615,1912_circle20,8
post_4653,2615,1912_circle20,8
post_4654,2615,1912_circle20,8
post_4655,2615,1912_circle20,8
post_4656,2615,1912_circle20,8
post_4657,2616,1912_circle38,4
post_4658,2616,1912_circle42,4
post_4659,2617,1912_circle21,5
post_4660,2617,1912_circle21,5
post_4661,2617,1912_circle21,5
post_4662,2618,1912_circle41,1
post_4663,2619,1912_circle20,7
post_4664,2619,1912_circle44,7
post_4665,2619,1912_circle20,7
post_4666,2619,1912_circle44,7
post_4667,2620,1912_circle1,3
post_4668,2620,1912_circle1,3
post_4669,2621,1912_circle16,1
post_4670,2622,1912_circle27,1
post_4671,2623,1912_circle20,6
post_4672,2623,1912_circle20,6
post_4673,2623,1912_circle20,6
post_4674,2623,1912_circle20,6
post_4675,2624,1912_circle20,8
post_4676,2624,1912_circle20,8
post_4677,2624,1912_circle20,8
post_4678,2624,1912_circle20,8
post_4679,2625,1912_circle20,8
post_4680,2625,1912_circle20,8
post_4681,2625,1912_circle20,8
post_4682,2625,1912_circle20,8
post_4683,2626,1912_circle1,2
post_4684,2627,1912_circle1,2
post_4685,2628,1912_circle36,2
post_4686,2628,1912_circle41,2
post_4687,2629,1912_circle33,6
post_4688,2629,1912_circle38,6
post_4689,2629,1912_circle33,6
post_4690,2630,1912_circle20,7
post_4691,2630,1912_circle20,7
post_4692,2630,1912_circle20,7
post_4693,2630,1912_circle20,7
post_4694,2631,1912_circle20,5
post_4695,2631,1912_circle20,5
post_4696,2631,1912_circle20,5
post_4697,2632,1912_circle36,1
post_4698,2633,1912_circle1,2
post_4699,2633,1912_circle1,2
post_4700,2634,1912_circle41,1
post_4701,2635,1912_circle33,1
post_4702,2636,1912_circle1,2
post_4703,2637,1912_circle41,2
post_4704,2638,1912_circle20,7
post_4705,2638,1912_circle20,7
post_4706,2638,1912_circle20,7
post_4707,2638,1912_circle20,7
post_4708,2639,1912_circle1,2
post_4709,2639,1912_circle1,2
post_4710,2640,1912_circle1,3
post_4711,2640,1912_circle1,3
post_4712,2640,1912_circle1,3
post_4713,2641,1912_circle11,1
post_4714,2642,1912_circle15,6
post_4715,2642,1912_circle38,6
post_4716,2642,1912_circle40,6
post_4717,2642,1912_circle41,6
post_4718,2643,1912_circle38,4
post_4719,2643,1912_circle7,4
post_4720,2643,1912_circle38,4
post_4721,2644,general,2
post_4722,2644,general,2
post_4723,2645,1912_circle1,3
post_4724,2645,1912_circle1,3
post_4725,2646,1912_circle20,6
post_4726,2646,1912_circle20,6
post_4727,2646,1912_circle20,6
post_4728,2646,1912_circle20,6
post_4729,2647,1912_circle1,2
post_4730,2648,1912_circle1,2
post_4731,2649,1912_circle15,5
post_4732,2649,1912_circle38,5
post_4733,2649,1912_circle7,5
post_4734,2650,1912_circle27,1
post_4735,2651,1912_circle45,1
post_4736,2652,1912_circle21,2
post_4737,2652,1912_circle21,2
post_4738,2653,1912_circle40,3
post_4739,2653,1912_circle40,3
post_4740,2654,1912_circle20,7
post_4741,2654,1912_circle20,7
post_4742,2654,1912_circle20,7
post_4743,2654,1912_circle20,7
post_4744,2655,1912_circle20,7
post_4745,2655,1912_circle20,7
post_4746,2655,1912_circle20,7
post_4747,2655,1912_circle20,7
post_4748,2655,1912_circle20,7
post_4749,2656,1912_circle41,1
post_4750,2657,1912_circle1,3
post_4751,2657,1912_circle1,3
post_4752,2657,1912_circle1,3
post_4753,2658,1912_circle1,2
post_4754,2659,1912_circle1,3
post_4755,2659,1912_circle41,3
post_4756,2660,1912_circle1,2
post_4757,2660,1912_circle1,2
post_4758,2661,1684_circle2,4
post_4759,2661,1684_circle2,4
post_4760,2662,1684_circle0,2
post_4761,2662,1684_circle0,2
post_4762,2663,1684_circle14,2
post_4763,2664,1684_circle14,4
post_4764,2664,1684_circle14,4
post_4765,2665,1684_circle7,2
post_4766,2666,1684_circle14,3
post_4767,2666,1684_circle14,3
post_4768,2667,1684_circle8,1
post_4769,2668,1684_circle7,2
post_4770,2669,1684_circle14,4
post_4771,2669,1684_circle14,4
post_4772,2670,1684_circle11,1
post_4773,2671,1684_circle0,1
post_4774,2672,1684_circle2,2
post_4775,2672,1684_circle2,2
post_4776,2673,1684_circle14,2
post_4777,2673,1684_circle14,2
post_4778,2674,1684_circle2,3
post_4779,2674,1684_circle2,3
post_4780,2675,1684_circle7,2
post_4781,2676,1684_circle14,4
post_4782,2676,1684_circle14,4
post_4783,2677,1684_circle8,1
post_4784,2678,1684_circle8,1
post_4785,2679,1684_circle14,4
post_4786,2679,1684_circle14,4
post_4787,2680,1684_circle14,3
post_4788,2680,1684_circle14,3
post_4789,2681,1684_circle14,2
post_4790,2682,1684_circle0,1
post_4791,2683,1684_circle14,4
post_4792,2683,1684_circle14,4
post_4793,2684,1684_circle2,2
post_4794,2685,1684_circle13,1
post_4795,2686,1684_circle7,1
post_4796,2686,1684_circle7,1
post_4797,2687,1684_circle2,1
post_4798,2688,1684_circle8,1
post_4799,2689,1684_circle14,3
post_4800,2689,1684_circle14,3
post_4801,2690,1684_circle8,2
post_4802,2691,1684_circle16,1
post_4803,2692,general,1
post_4804,2693,1684_circle8,1
post_4805,2694,1684_circle14,4
post_4806,2694,1684_circle3,4
post_4807,2695,1684_circle14,1
post_4808,2696,1684_circle0,1
post_4809,2697,1684_circle0,1
post_4810,2698,1684_circle14,3
post_4811,2698,1684_circle14,3
post_4812,2699,1684_circle11,1
post_4813,2700,1684_circle8,1
post_4814,2701,1684_circle2,2
post_4815,2701,1684_circle2,2
post_4816,2702,1684_circle7,1
post_4817,2702,1684_circle7,1
post_4818,2703,1684_circle11,1
post_4819,2704,1684_circle1,1
post_4820,2705,1684_circle14,2
post_4821,2705,1684_circle14,2
post_4822,2706,1684_circle14,3
post_4823,2706,1684_circle14,3
post_4824,2707,1684_circle4,1
post_4825,2708,1684_circle2,2
post_4826,2709,general,1
post_4827,2710,1684_circle14,1
post_4828,2711,1684_circle0,2
post_4829,2711,1684_circle0,2
post_4830,2712,general,2
post_4831,2713,1684_circle0,2
post_4832,2713,1684_circle0,2
post_4833,2714,1684_circle6,1
post_4834,2715,1684_circle7,2
post_4835,2716,1684_circle2,4
post_4836,2716,1684_circle2,4
post_4837,2717,1684_circle1,3
post_4838,2717,1684_circle1,3
post_4839,2718,1684_circle7,2
post_4840,2719,1684_circle2,4
post_4841,2719,1684_circle2,4
post_4842,2719,1684_circle2,4
post_4843,2720,1684_circle2,2
post_4844,2721,general,1
post_4845,2722,1684_circle4,1
post_4846,2723,1684_circle7,1
post_4847,2724,1684_circle0,3
post_4848,2724,1684_circle0,3
post_4849,2725,general,1
post_4850,2726,1684_circle14,1
post_4851,2727,1684_circle8,1
post_4852,2728,1684_circle0,2
post_4853,2728,1684_circle0,2
post_4854,2729,1684_circle14,3
post_4855,2729,1684_circle14,3
post_4856,2730,1684_circle7,4
post_4857,2730,1684_circle7,4
post_4858,2730,1684_circle7,4
post_4859,2731,1684_circle14,2
post_4860,2731,1684_circle14,2
post_4861,2732,1684_circle9,1
post_4862,2733,1684_circle2,1
post_4863,2733,1684_circle2,1
post_4864,2734,1684_circle8,2
post_4865,2734,1684_circle8,2
post_4866,2735,1684_circle8,1
post_4867,2736,1684_circle5,1
post_4868,2737,1684_circle0,1
post_4869,2738,1684_circle14,4
post_4870,2738,1684_circle14,4
post_4871,2739,1684_circle0,2
post_4872,2740,1684_circle1,1
post_4873,2741,1684_circle14,3
post_4874,2741,1684_circle14,3
post_4875,2741,1684_circle14,3
post_4876,2742,1684_circle2,5
post_4877,2742,1684_circle2,5
post_4878,2742,1684_circle2,5
post_4879,2743,1684_circle14,3
post_4880,2743,1684_circle14,3
post_4881,2743,1684_circle14,3
post_4882,2744,1684_circle7,1
post_4883,2745,1684_circle14,2
post_4884,2745,1684_circle14,2
post_4885,2746,1684_circle14,1
post_4886,2747,1684_circle7,1
post_4887,2748,1684_circle2,3
post_4888,2748,1684_circle2,3
post_4889,2749,1684_circle14,3
post_4890,2749,1684_circle14,3
post_4891,2749,1684_circle14,3
post_4892,2750,1684_circle14,4
post_4893,2750,1684_circle14,4
post_4894,2751,1684_circle7,2
post_4895,2752,1684_circle8,1
post_4896,2753,1684_circle2,3
post_4897,2753,1684_circle2,3
post_4898,2754,1684_circle14,5
post_4899,2754,1684_circle14,5
post_4900,2754,1684_circle14,5
post_4901,2755,1684_circle14,4
post_4902,2755,1684_circle14,4
post_4903,2755,1684_circle14,4
post_4904,2756,1684_circle14,2
post_4905,2756,1684_circle14,2
post_4906,2757,1684_circle14,4
post_4907,2757,1684_circle14,4
post_4908,2758,1684_circle7,2
post_4909,2759,1684_circle14,1
post_4910,2760,1684_circle8,1
post_4911,2761,1684_circle14,2
post_4912,2761,1684_circle14,2
post_4913,2762,1684_circle5,1
post_4914,2763,1684_circle14,3
post_4915,2763,1684_circle14,3
post_4916,2764,1684_circle8,1
post_4917,2764,1684_circle8,1
post_4918,2765,1684_circle2,2
post_4919,2766,1684_circle14,1
post_4920,2767,1684_circle4,1
post_4921,2768,1684_circle7,2
post_4922,2769,1684_circle14,1
post_4923,2770,1684_circle2,2
post_4924,2771,1684_circle5,1
post_4925,2772,1684_circle7,2
post_4926,2773,1684_circle14,3
post_4927,2773,1684_circle14,3
post_4928,2774,1684_circle16,1
post_4929,2775,1684_circle0,2
post_4930,2776,1684_circle9,1
post_4931,2777,1684_circle14,4
post_4932,2777,1684_circle14,4
post_4933,2778,1684_circle2,4
post_4934,2778,1684_circle2,4
post_4935,2779,1684_circle0,1
post_4936,2780,1684_circle2,3
post_4937,2780,1684_circle7,3
post_4938,2781,1684_circle5,3
post_4939,2781,1684_circle5,3
post_4940,2782,1684_circle14,4
post_4941,2782,1684_circle14,4
post_4942,2783,1684_circle2,2
post_4943,2784,1684_circle8,2
post_4944,2785,1684_circle2,2
post_4945,2785,1684_circle2,2
post_4946,2786,1684_circle14,5
post_4947,2786,1684_circle14,5
post_4948,2786,1684_circle14,5
post_4949,2787,1684_circle3,2
post_4950,2787,1684_circle3,2
post_4951,2788,1684_circle9,1
post_4952,2789,1684_circle14,1
post_4953,2790,1684_circle8,1
post_4954,2791,1684_circle8,1
post_4955,2792,1684_circle16,1
post_4956,2793,1684_circle2,4
post_4957,2793,1684_circle2,4
post_4958,2794,1684_circle14,1
post_4959,2795,1684_circle7,1
post_4960,2796,1684_circle2,3
post_4961,2796,1684_circle2,3
post_4962,2796,1684_circle2,3
post_4963,2797,1684_circle2,2
post_4964,2798,1684_circle14,1
post_4965,2799,1684_circle9,1
post_4966,2800,1684_circle14,4
post_4967,2800,1684_circle14,4
post_4968,2801,1684_circle7,1
post_4969,2802,1684_circle8,1
post_4970,2803,1684_circle8,1
post_4971,2803,1684_circle8,1
post_4972,2804,1684_circle5,1
post_4973,2805,1684_circle6,1
post_4974,2806,1684_circle14,2
post_4975,2807,1684_circle14,1
post_4976,2808,1684_circle4,1
post_4977,2809,1684_circle14,1
post_4978,2810,1684_circle14,3
post_4979,2810,1684_circle14,3
post_4980,2811,general,1
post_4981,2812,1684_circle8,1
post_4982,2812,1684_circle8,1
post_4983,2813,1684_circle8,2
post_4984,2814,1684_circle1,1
post_4985,2815,1684_circle14,3
post_4986,2815,1684_circle14,3
post_4987,2816,1684_circle7,1
post_4988,2817,1684_circle16,1
post_4989,2818,1684_circle8,1
post_4990,2819,1684_circle8,1
post_4991,2819,1684_circle8,1
post_4992,2820,1684_circle0,1
post_4993,2821,1684_circle14,1
post_4994,2822,1684_circle8,1
post_4995,2823,general,2
post_4996,2824,general,1
post_4997,2825,1684_circle7,1
post_4998,2826,1684_circle8,1
post_4999,2827,1684_circle14,3
post_5000,2827,1684_circle14,3
post_5001,2828,1684_circle2,4
post_5002,2828,1684_circle2,4
post_5003,2828,1684_circle2,4
post_5004,2829,1684_circle0,2
post_5005,2829,1684_circle0,2
post_5006,2830,1684_circle0,1
post_5007,2830,1684_circle0,1
post_5008,2831,1684_circle7,1
post_5009,2832,1684_circle14,2
post_5010,2833,1684_circle2,4
post_5011,2833,1684_circle2,4
post_5012,2834,1684_circle11,1
post_5013,2835,1684_circle14,2
post_5014,2836,1684_circle5,2
post_5015,2837,1684_circle14,1
post_5016,2838,1684_circle1,1
post_5017,2839,1684_circle14,6
post_5018,2839,1684_circle14,6
post_5019,2839,1684_circle14,6
post_5020,2839,1684_circle14,6
post_5021,2840,1684_circle2,2
post_5022,2841,1684_circle5,2
post_5023,2841,1684_circle5,2
post_5024,2842,1684_circle4,1
post_5025,2843,1684_circle7,2
post_5026,2844,1684_circle7,2
post_5027,2845,1684_circle0,2
post_5028,2845,1684_circle0,2
post_5029,2846,1684_circle2,2
post_5030,2846,1684_circle2,2
post_5031,2847,1684_circle8,1
post_5032,2848,1684_circle8,1
post_5033,2849,1684_circle2,4
post_5034,2849,1684_circle2,4
post_5035,2850,1684_circle14,2
post_5036,2851,1684_circle14,1
post_5037,2852,1684_circle14,1
post_5038,2853,1684_circle14,3
post_5039,2853,1684_circle14,3
post_5040,2853,1684_circle14,3
post_5041,2854,1684_circle14,2
post_5042,2855,general,1
post_5043,2856,1684_circle8,1
post_5044,2857,1684_circle4,1
post_5045,2858,1684_circle5,1
post_5046,2859,1684_circle8,1
post_5047,2860,1684_circle0,1
post_5048,2861,1684_circle9,1
post_5049,2862,1684_circle14,3
post_5050,2862,1684_circle14,3
post_5051,2863,1684_circle2,5
post_5052,2863,1684_circle2,5
post_5053,2863,1684_circle2,5
post_5054,2864,1684_circle14,3
post_5055,2864,1684_circle14,3
post_5056,2865,1684_circle7,2
post_5057,2866,1684_circle10,4
post_5058,2866,1684_circle10,4
post_5059,2867,1684_circle14,4
post_5060,2867,1684_circle14,4
post_5061,2868,1684_circle8,1
post_5062,2869,1684_circle2,3
post_5063,2869,1684_circle2,3
post_5064,2870,1684_circle0,1
post_5065,2870,1684_circle0,1
post_5066,2871,1684_circle7,2
post_5067,2872,1684_circle14,4
post_5068,2872,1684_circle14,4
post_5069,2873,1684_circle14,3
post_5070,2873,1684_circle14,3
post_5071,2874,1684_circle14,2
post_5072,2875,1684_circle2,3
post_5073,2875,1684_circle2,3
post_5074,2876,1684_circle8,1
post_5075,2877,1684_circle14,5
post_5076,2877,1684_circle14,5
post_5077,2877,1684_circle14,5
post_5078,2878,1684_circle7,1
post_5079,2879,1684_circle11,1
post_5080,2880,1684_circle14,3
post_5081,2880,1684_circle14,3
post_5082,2881,1684_circle2,2
post_5083,2881,1684_circle2,2
post_5084,2882,1684_circle8,1
post_5085,2883,1684_circle8,1
post_5086,2884,1684_circle14,1
post_5087,2885,1684_circle1,1
post_5088,2886,1684_circle15,1
post_5089,2887,1684_circle14,2
post_5090,2888,1684_circle14,1
post_5091,2889,1684_circle11,1
post_5092,2890,1684_circle14,4
post_5093,2890,1684_circle14,4
post_5094,2891,1684_circle14,1
post_5095,2892,1684_circle0,2
post_5096,2892,1684_circle0,2
post_5097,2893,1684_circle5,1
post_5098,2894,1684_circle2,3
post_5099,2894,1684_circle2,3
post_5100,2895,1684_circle8,1
post_5101,2896,1684_circle14,2
post_5102,2896,1684_circle14,2
post_5103,2897,1684_circle14,3
post_5104,2897,1684_circle14,3
post_5105,2898,1684_circle5,1
post_5106,2899,1684_circle14,1
post_5107,2900,1684_circle0,1
post_5108,2901,1684_circle2,4
post_5109,2901,1684_circle2,4
post_5110,2901,1684_circle2,4
post_5111,2902,1684_circle9,1
post_5112,2903,1684_circle8,1
post_5113,2904,1684_circle2,3
post_5114,2904,1684_circle2,3
post_5115,2904,1684_circle2,3
post_5116,2905,1684_circle14,3
post_5117,2905,1684_circle14,3
post_5118,2905,1684_circle14,3
post_5119,2906,1684_circle14,4
post_5120,2906,1684_circle14,4
post_5121,2906,1684_circle14,4
post_5122,2907,1684_circle14,2
post_5123,2908,1684_circle14,2
post_5124,2909,1684_circle14,4
post_5125,2909,1684_circle14,4
post_5126,2910,1684_circle14,4
post_5127,2910,1684_circle14,4
post_5128,2911,1684_circle14,3
post_5129,2911,1684_circle14,3
post_5130,2912,1684_circle14,3
post_5131,2912,1684_circle14,3
post_5132,2913,1684_circle14,3
post_5133,2913,1684_circle14,3
post_5134,2913,1684_circle14,3
post_5135,2914,1684_circle7,2
post_5136,2914,1684_circle7,2
post_5137,2915,1684_circle10,4
post_5138,2915,1684_circle10,4
post_5139,2915,1684_circle10,4
post_5140,2916,1684_circle14,4
post_5141,2916,1684_circle14,4
post_5142,2916,1684_circle14,4
post_5143,2917,1684_circle14,1
post_5144,2918,1684_circle7,1
post_5145,2919,1684_circle14,3
post_5146,2919,1684_circle14,3
post_5147,2920,1684_circle14,3
post_5148,2920,1684_circle14,3
post_5149,2921,1684_circle7,2
post_5150,2921,1684_circle7,2
post_5151,2922,1684_circle6,1
post_5152,2923,1684_circle8,1
post_5153,2924,1684_circle14,2
post_5154,2924,1684_circle14,2
post_5155,2925,1684_circle14,4
post_5156,2925,1684_circle14,4
post_5157,2926,1684_circle4,1
post_5158,2927,1684_circle14,4
post_5159,2927,1684_circle14,4
post_5160,2927,1684_circle14,4
post_5161,2928,1684_circle14,4
post_5162,2928,1684_circle14,4
post_5163,2929,1684_circle14,2
post_5164,2930,1684_circle9,1
post_5165,2931,1684_circle14,3
post_5166,2931,1684_circle14,3
post_5167,2932,1684_circle7,2
post_5168,2933,1684_circle6,1
post_5169,2934,1684_circle0,1
post_5170,2935,1684_circle6,1
post_5171,2936,1684_circle2,3
post_5172,2936,1684_circle2,3
post_5173,2937,1684_circle2,3
post_5174,2937,1684_circle2,3
post_5175,2938,general,1
post_5176,2939,1684_circle2,3
post_5177,2939,1684_circle2,3
post_5178,2939,1684_circle2,3
post_5179,2940,1684_circle14,3
post_5180,2940,1684_circle14,3
post_5181,2940,1684_circle14,3
post_5182,2941,1684_circle8,1
post_5183,2942,general,1
post_5184,2943,1684_circle14,4
post_5185,2943,1684_circle14,4
post_5186,2944,1684_circle14,5
post_5187,2944,1684_circle14,5
post_5188,2944,1684_circle14,5
post_5189,2944,1684_circle14,5
post_5190,2945,1684_circle14,3
post_5191,2945,1684_circle14,3
post_5192,2946,1684_circle14,3
post_5193,2946,1684_circle14,3
post_5194,2946,1684_circle14,3
post_5195,2947,1684_circle0,1
post_5196,2948,1684_circle14,1
post_5197,2949,1684_circle15,1
post_5198,2950,1684_circle7,2
post_5199,2950,1684_circle7,2
post_5200,2951,1684_circle0,5
post_5201,2951,1684_circle0,5
post_5202,2951,1684_circle0,5
post_5203,2951,1684_circle0,5
post_5204,2952,1684_circle14,1
post_5205,2953,1684_circle14,2
post_5206,2954,1684_circle5,1
post_5207,2955,1684_circle7,2
post_5208,2955,1684_circle7,2
post_5209,2956,1684_circle14,4
post_5210,2956,1684_circle14,4
post_5211,2956,1684_circle14,4
post_5212,2957,1684_circle13,1
post_5213,2958,1684_circle8,2
post_5214,2959,1684_circle11,1
post_5215,2960,1684_circle14,4
post_5216,2960,1684_circle14,4
post_5217,2961,1684_circle14,1
post_5218,2962,1684_circle0,1
post_5219,2963,1684_circle14,1
post_5220,2964,1684_circle4,1
post_5221,2965,1684_circle2,1
post_5222,2966,1684_circle14,5
post_5223,2966,1684_circle14,5
post_5224,2966,1684_circle14,5
post_5225,2966,1684_circle14,5
post_5226,2967,1684_circle14,1
post_5227,2967,1684_circle14,1
post_5228,2968,1684_circle8,1
post_5229,2969,1684_circle14,3
post_5230,2969,1684_circle14,3
post_5231,2970,1684_circle2,2
post_5232,2971,1684_circle8,1
post_5233,2972,1684_circle11,1
post_5234,2973,1684_circle2,3
post_5235,2973,1684_circle2,3
post_5236,2974,1684_circle14,3
post_5237,2974,1684_circle14,3
post_5238,2975,1684_circle4,1
post_5239,2976,1684_circle2,2
post_5240,2977,general,2
post_5241,2978,1684_circle14,1
post_5242,2978,1684_circle14,1
post_5243,2979,1684_circle12,1
post_5244,2980,1684_circle4,1
post_5245,2981,1684_circle14,1
post_5246,2981,1684_circle14,1
post_5247,2982,1684_circle11,1
post_5248,2983,1684_circle6,1
post_5249,2984,1684_circle7,1
post_5250,2985,1684_circle14,3
post_5251,2985,1684_circle14,3
post_5252,2985,1684_circle14,3
post_5253,2986,1684_circle14,4
post_5254,2986,1684_circle14,4
post_5255,2987,1684_circle14,2
post_5256,2987,1684_circle14,2
post_5257,2988,1684_circle14,3
post_5258,2988,1684_circle14,3
post_5259,2989,1684_circle2,3
post_5260,2989,1684_circle2,3
post_5261,2989,1684_circle2,3
post_5262,2990,1684_circle0,1
post_5263,2991,1684_circle2,3
post_5264,2991,1684_circle2,3
post_5265,2992,1684_circle2,3
post_5266,2992,1684_circle2,3
post_5267,2993,1684_circle14,3
post_5268,2993,1684_circle14,3
post_5269,2994,1684_circle14,3
post_5270,2994,1684_circle14,3
post_5271,2994,1684_circle14,3
post_5272,2995,1684_circle0,1
post_5273,2996,1684_circle7,2
post_5274,2997,1684_circle6,1
post_5275,2998,1684_circle8,1
post_5276,2999,1684_circle8,2
post_5277,3000,1684_circle14,4
post_5278,3000,1684_circle14,4
post_5279,3000,1684_circle14,4
post_5280,3001,1684_circle0,2
post_5281,3002,1684_circle0,3
post_5282,3002,1684_circle0,3
post_5283,3003,1684_circle1,1
post_5284,3004,1684_circle14,3
post_5285,3004,1684_circle14,3
post_5286,3005,1684_circle2,2
post_5287,3005,1684_circle2,2
post_5288,3006,1684_circle4,1
post_5289,3007,1684_circle0,1
post_5290,3008,1684_circle11,1
post_5291,3009,1684_circle8,1
post_5292,3010,1684_circle14,2
post_5293,3011,1684_circle13,2
post_5294,3011,1684_circle2,2
post_5295,3012,1684_circle6,1
post_5296,3013,1684_circle2,1
post_5297,3014,1684_circle14,2
post_5298,3014,1684_circle14,2
post_5299,3015,1684_circle8,1
post_5300,3016,1684_circle2,2
post_5301,3017,1684_circle2,3
post_5302,3017,1684_circle2,3
post_5303,3018,1684_circle0,2
post_5304,3019,1684_circle0,3
post_5305,3019,1684_circle0,3
post_5306,3020,1684_circle8,2
post_5307,3021,1684_circle2,2
post_5308,3022,1684_circle14,4
post_5309,3022,1684_circle14,4
post_5310,3022,1684_circle14,4
post_5311,3023,1684_circle14,2
post_5312,3024,1684_circle8,1
post_5313,3025,1684_circle14,3
post_5314,3025,1684_circle14,3
post_5315,3025,1684_circle14,3
post_5316,3026,1684_circle14,4
post_5317,3026,1684_circle14,4
post_5318,3027,1684_circle7,3
post_5319,3027,1684_circle7,3
post_5320,3028,1684_circle6,1
post_5321,3029,1684_circle14,3
post_5322,3029,1684_circle14,3
post_5323,3029,1684_circle14,3
post_5324,3030,1684_circle14,1
post_5325,3031,1684_circle4,1
post_5326,3032,1684_circle7,1
post_5327,3033,1684_circle14,4
post_5328,3033,1684_circle14,4
post_5329,3034,general,2
post_5330,3035,1684_circle2,4
post_5331,3035,1684_circle2,4
post_5332,3036,1684_circle14,2
post_5333,3037,1684_circle16,1
post_5334,3038,1684_circle2,4
post_5335,3038,1684_circle2,4
post_5336,3038,1684_circle2,4
post_5337,3039,1684_circle2,1
post_5338,3040,1684_circle14,3
post_5339,3040,1684_circle14,3
post_5340,3040,1684_circle14,3
post_5341,3041,1684_circle2,2
post_5342,3042,1684_circle14,1
post_5343,3043,1684_circle7,1
post_5344,3044,1684_circle14,1
post_5345,3045,1684_circle14,1
post_5346,3046,1684_circle2,2
post_5347,3047,1684_circle14,2
post_5348,3048,1684_circle7,1
post_5349,3049,1684_circle2,4
post_5350,3049,1684_circle2,4
post_5351,3050,1684_circle7,1
post_5352,3051,1684_circle2,5
post_5353,3051,1684_circle2,5
post_5354,3051,1684_circle2,5
post_5355,3052,1684_circle14,2
post_5356,3053,1684_circle9,1
post_5357,3054,1684_circle14,4
post_5358,3054,1684_circle14,4
post_5359,3055,1684_circle14,1
post_5360,3056,1684_circle14,4
post_5361,3056,1684_circle14,4
post_5362,3057,1684_circle8,1
post_5363,3058,1684_circle2,1
post_5364,3059,1684_circle14,1
post_5365,3060,1684_circle2,4
post_5366,3060,1684_circle2,4
post_5367,3060,1684_circle2,4
post_5368,3061,1684_circle13,1
post_5369,3062,1684_circle0,2
post_5370,3063,1684_circle6,1
post_5371,3064,1684_circle14,3
post_5372,3064,1684_circle14,3
post_5373,3064,1684_circle14,3
post_5374,3065,1684_circle14,3
post_5375,3065,1684_circle14,3
post_5376,3066,1684_circle15,1
post_5377,3067,1684_circle7,1
post_5378,3068,1684_circle0,1
post_5379,3069,1684_circle0,1
post_5380,3070,1684_circle2,3
post_5381,3070,1684_circle2,3
post_5382,3070,1684_circle2,3
post_5383,3071,1684_circle12,1
post_5384,3072,1684_circle8,2
post_5385,3073,1684_circle14,3
post_5386,3073,1684_circle14,3
post_5387,3074,1684_circle16,1
post_5388,3075,1684_circle7,1
post_5389,3076,1684_circle2,4
post_5390,3076,1684_circle2,4
post_5391,3077,1684_circle0,3
post_5392,3077,1684_circle0,3
post_5393,3078,1684_circle14,4
post_5394,3078,1684_circle14,4
post_5395,3079,1684_circle2,2
post_5396,3079,1684_circle2,2
post_5397,3080,1684_circle14,2
post_5398,3080,1684_circle14,2
post_5399,3081,1684_circle13,1
post_5400,3081,1684_circle13,1
post_5401,3082,1684_circle2,5
post_5402,3082,1684_circle2,5
post_5403,3082,1684_circle2,5
post_5404,3083,1684_circle15,1
post_5405,3084,1684_circle14,4
post_5406,3084,1684_circle14,4
post_5407,3084,1684_circle14,4
post_5408,3085,1684_circle14,3
post_5409,3085,1684_circle14,3
post_5410,3085,1684_circle14,3
post_5411,3086,1684_circle0,2
post_5412,3087,1684_circle7,3
post_5413,3087,1684_circle7,3
post_5414,3088,1684_circle8,1
post_5415,3089,1684_circle2,3
post_5416,3089,1684_circle2,3
post_5417,3090,1684_circle14,5
post_5418,3090,1684_circle14,5
post_5419,3090,1684_circle14,5
post_5420,3091,general,1
post_5421,3092,1684_circle14,1
post_5422,3093,1684_circle7,1
post_5423,3094,1684_circle4,1
post_5424,3095,1684_circle14,1
post_5425,3096,1684_circle14,4
post_5426,3096,1684_circle14,4
post_5427,3096,1684_circle14,4
post_5428,3097,1684_circle8,2
post_5429,3098,1684_circle14,3
post_5430,3098,1684_circle14,3
post_5431,3099,1684_circle8,1
post_5432,3100,1684_circle0,2
post_5433,3101,1684_circle2,5
post_5434,3101,1684_circle2,5
post_5435,3101,1684_circle2,5
post_5436,3102,1684_circle2,2
post_5437,3102,1684_circle2,2
post_5438,3103,1684_circle0,1
post_5439,3104,1684_circle14,4
post_5440,3104,1684_circle14,4
post_5441,3105,1684_circle9,1
post_5442,3106,1684_circle2,3
post_5443,3106,1684_circle2,3
post_5444,3106,1684_circle2,3
post_5445,3107,1684_circle7,3
post_5446,3107,1684_circle7,3
post_5447,3107,1684_circle7,3
post_5448,3108,1684_circle14,3
post_5449,3108,1684_circle14,3
post_5450,3108,1684_circle14,3
post_5451,3109,1684_circle2,1
post_5452,3110,1684_circle8,1
post_5453,3111,1684_circle2,3
post_5454,3111,1684_circle2,3
post_5455,3111,1684_circle2,3
post_5456,3112,1684_circle2,1
post_5457,3113,1684_circle2,3
post_5458,3113,1684_circle2,3
post_5459,3113,1684_circle2,3
post_5460,3114,1684_circle14,2
post_5461,3114,1684_circle14,2
post_5462,3115,1684_circle2,3
post_5463,3115,1684_circle2,3
post_5464,3116,1684_circle2,5
post_5465,3116,1684_circle2,5
post_5466,3116,1684_circle2,5
post_5467,3117,1684_circle14,3
post_5468,3117,1684_circle14,3
post_5469,3117,1684_circle14,3
post_5470,3118,1684_circle0,2
post_5471,3119,1684_circle14,3
post_5472,3119,1684_circle14,3
post_5473,3119,1684_circle14,3
post_5474,3120,1684_circle2,3
post_5475,3120,1684_circle2,3
post_5476,3121,1684_circle4,1
post_5477,3122,1684_circle9,1
post_5478,3123,1684_circle14,2
post_5479,3124,1684_circle7,2
post_5480,3124,1684_circle7,2
post_5481,3125,general,1
post_5482,3126,1684_circle15,1
post_5483,3127,1684_circle16,1
post_5484,3128,1684_circle15,1
post_5485,3129,1684_circle14,2
post_5486,3129,1684_circle14,2
post_5487,3130,1684_circle14,1
post_5488,3131,1684_circle9,1
post_5489,3132,1684_circle2,4
post_5490,3132,1684_circle2,4
post_5491,3132,1684_circle2,4
post_5492,3133,1684_circle4,1
post_5493,3134,1684_circle7,1
post_5494,3135,1684_circle14,2
post_5495,3136,1684_circle7,3
post_5496,3136,1684_circle7,3
post_5497,3137,1684_circle14,2
post_5498,3138,1684_circle8,1
post_5499,3139,1684_circle14,1
post_5500,3140,1684_circle7,3
post_5501,3140,1684_circle7,3
post_5502,3141,1684_circle9,1
post_5503,3142,1684_circle14,3
post_5504,3142,1684_circle14,3
post_5505,3142,1684_circle14,3
post_5506,3143,1684_circle14,1
post_5507,3144,1684_circle7,1
post_5508,3145,1684_circle2,3
post_5509,3145,1684_circle2,3
post_5510,3145,1684_circle2,3
post_5511,3146,1684_circle2,3
post_5512,3146,1684_circle2,3
post_5513,3147,1684_circle16,1
post_5514,3148,1684_circle2,2
post_5515,3148,1684_circle2,2
post_5516,3149,general,3
post_5517,3149,general,3
post_5518,3150,1684_circle2,4
post_5519,3150,1684_circle2,4
post_5520,3150,1684_circle2,4
post_5521,3151,1684_circle7,1
post_5522,3152,1684_circle2,4
post_5523,3152,1684_circle2,4
post_5524,3152,1684_circle2,4
post_5525,3153,1684_circle14,1
post_5526,3154,1684_circle0,4
post_5527,3154,1684_circle0,4
post_5528,3154,1684_circle0,4
post_5529,3155,1684_circle6,1
post_5530,3156,1684_circle7,1
post_5531,3157,1684_circle4,1
post_5532,3158,1684_circle14,3
post_5533,3158,1684_circle14,3
post_5534,3159,1684_circle4,1
post_5535,3160,1684_circle7,2
post_5536,3161,1684_circle8,1
post_5537,3162,1684_circle0,3
post_5538,3162,1684_circle0,3
post_5539,3163,1684_circle14,1
post_5540,3164,1684_circle8,1
post_5541,3165,1684_circle8,1
post_5542,3166,1684_circle14,2
post_5543,3167,1684_circle7,1
post_5544,3168,1684_circle0,2
post_5545,3169,1684_circle2,3
post_5546,3169,1684_circle2,3
post_5547,3170,1684_circle2,1
post_5548,3170,1684_circle2,1
post_5549,3171,1684_circle7,1
post_5550,3172,1684_circle2,3
post_5551,3172,1684_circle2,3
post_5552,3172,1684_circle2,3
post_5553,3173,1684_circle10,1
post_5554,3174,1684_circle14,3
post_5555,3174,1684_circle14,3
post_5556,3175,1684_circle2,1
post_5557,3176,1684_circle0,2
post_5558,3177,1684_circle0,2
post_5559,3177,1684_circle0,2
post_5560,3178,1684_circle8,1
post_5561,3179,1684_circle2,3
post_5562,3179,1684_circle2,3
post_5563,3180,1684_circle9,1
post_5564,3181,1684_circle9,1
post_5565,3182,1684_circle2,3
post_5566,3182,1684_circle2,3
post_5567,3182,1684_circle2,3
post_5568,3183,1684_circle14,1
post_5569,3184,1684_circle14,3
post_5570,3184,1684_circle14,3
post_5571,3185,1684_circle2,4
post_5572,3185,1684_circle2,4
post_5573,3185,1684_circle2,4
post_5574,3186,1684_circle0,1
post_5575,3187,1684_circle7,2
post_5576,3188,1684_circle2,3
post_5577,3188,1684_circle2,3
post_5578,3189,1684_circle7,1
post_5579,3190,1684_circle5,1
post_5580,3191,1684_circle0,2
post_5581,3191,1684_circle0,2
post_5582,3192,1684_circle2,1
post_5583,3193,1684_circle14,2
post_5584,3193,1684_circle14,2
post_5585,3194,1684_circle2,1
post_5586,3195,1684_circle14,3
post_5587,3195,1684_circle14,3
post_5588,3196,1684_circle7,2
post_5589,3196,1684_circle7,2
post_5590,3197,1684_circle2,1
post_5591,3198,1684_circle2,4
post_5592,3198,1684_circle2,4
post_5593,3198,1684_circle2,4
post_5594,3199,1684_circle7,1
post_5595,3200,1684_circle9,1
post_5596,3201,1684_circle2,4
post_5597,3201,1684_circle2,4
post_5598,3201,1684_circle2,4
post_5599,3202,1684_circle14,1
post_5600,3203,1684_circle0,2
post_5601,3204,1684_circle2,2
post_5602,3205,1684_circle8,1
post_5603,3206,1684_circle2,3
post_5604,3206,1684_circle2,3
post_5605,3207,1684_circle0,2
post_5606,3208,general,1
post_5607,3209,1684_circle2,1
post_5608,3210,1684_circle0,1
post_5609,3211,1684_circle8,1
post_5610,3211,1684_circle8,1
post_5611,3212,1684_circle2,2
post_5612,3213,1684_circle14,2
post_5613,3214,1684_circle5,3
post_5614,3214,1684_circle5,3
post_5615,3215,1684_circle8,1
post_5616,3216,1684_circle9,1
post_5617,3217,general,1
post_5618,3218,1684_circle9,1
post_5619,3219,1684_circle7,2
post_5620,3220,1684_circle14,3
post_5621,3220,1684_circle14,3
post_5622,3221,1684_circle5,2
post_5623,3222,1684_circle8,1
post_5624,3223,1684_circle0,1
post_5625,3223,1684_circle0,1
post_5626,3224,1684_circle2,3
post_5627,3224,1684_circle2,3
post_5628,3224,1684_circle2,3
post_5629,3225,1684_circle2,2
post_5630,3225,1684_circle2,2
post_5631,3226,1684_circle14,4
post_5632,3226,1684_circle14,4
post_5633,3227,1684_circle14,1
post_5634,3228,1684_circle14,2
post_5635,3229,1684_circle14,1
post_5636,3230,1684_circle8,1
post_5637,3231,1684_circle14,2
post_5638,3231,1684_circle14,2
post_5639,3232,1684_circle14,5
post_5640,3232,1684_circle14,5
post_5641,3232,1684_circle14,5
post_5642,3233,1684_circle0,3
post_5643,3233,1684_circle0,3
post_5644,3233,1684_circle0,3
post_5645,3234,1684_circle14,2
post_5646,3235,general,1
post_5647,3236,1684_circle7,1
post_5648,3237,1684_circle14,2
post_5649,3238,1684_circle14,2
post_5650,3239,1684_circle2,3
post_5651,3239,1684_circle2,3
post_5652,3240,1684_circle2,3
post_5653,3240,1684_circle2,3
post_5654,3241,1684_circle0,1
post_5655,3242,1684_circle8,1
post_5656,3243,1684_circle14,2
post_5657,3244,1684_circle0,1
post_5658,3245,1684_circle8,1
post_5659,3246,1684_circle0,1
post_5660,3247,1684_circle2,3
post_5661,3247,1684_circle2,3
post_5662,3248,1684_circle5,2
post_5663,3249,1684_circle7,1
post_5664,3250,1684_circle14,2
post_5665,3251,1684_circle9,1
post_5666,3252,1684_circle2,4
post_5667,3252,1684_circle2,4
post_5668,3253,1684_circle7,3
post_5669,3253,1684_circle7,3
post_5670,3254,1684_circle2,1
post_5671,3255,1684_circle7,2
post_5672,3256,1684_circle7,3
post_5673,3256,1684_circle7,3
post_5674,3257,1684_circle14,2
post_5675,3258,1684_circle8,2
post_5676,3259,general,2
post_5677,3259,general,2
post_5678,3260,1684_circle2,2
post_5679,3260,1684_circle2,2
post_5680,3261,1684_circle2,3
post_5681,3261,1684_circle2,3
post_5682,3262,1684_circle2,1
post_5683,3263,1684_circle8,3
post_5684,3263,1684_circle8,3
post_5685,3264,1684_circle7,2
post_5686,3264,1684_circle7,2
post_5687,3265,1684_circle2,2
post_5688,3265,1684_circle2,2
post_5689,3266,1684_circle13,1
post_5690,3267,1684_circle2,3
post_5691,3267,1684_circle2,3
post_5692,3267,1684_circle2,3
post_5693,3268,general,1
post_5694,3269,1684_circle14,1
post_5695,3270,1684_circle4,1
post_5696,3271,1684_circle9,1
post_5697,3272,1684_circle2,2
post_5698,3272,1684_circle2,2
post_5699,3273,1684_circle0,2
post_5700,3274,1684_circle2,3
post_5701,3274,1684_circle2,3
post_5702,3275,1684_circle5,2
post_5703,3276,1684_circle7,1
post_5704,3277,1684_circle2,3
post_5705,3277,1684_circle2,3
post_5706,3278,1684_circle8,1
post_5707,3279,1684_circle7,1
post_5708,3279,1684_circle7,1
post_5709,3280,1684_circle2,5
post_5710,3280,1684_circle2,5
post_5711,3280,1684_circle2,5
post_5712,3280,1684_circle2,5
post_5713,3281,1684_circle2,1
post_5714,3282,1684_circle16,1
post_5715,3283,1684_circle11,1
post_5716,3284,1684_circle14,3
post_5717,3284,1684_circle14,3
post_5718,3284,1684_circle14,3
post_5719,3285,1684_circle0,2
post_5720,3286,1684_circle14,1
post_5721,3287,1684_circle2,2
post_5722,3287,1684_circle2,2
post_5723,3288,1684_circle2,2
post_5724,3289,general,1
post_5725,3290,1684_circle1,1
post_5726,3291,1684_circle2,5
post_5727,3291,1684_circle2,5
post_5728,3291,1684_circle2,5
post_5729,3292,1684_circle8,1
post_5730,3293,1684_circle14,3
post_5731,3293,1684_circle14,3
post_5732,3294,1684_circle14,1
post_5733,3295,1684_circle0,2
post_5734,3295,1684_circle0,2
post_5735,3296,1684_circle2,2
post_5736,3296,1684_circle2,2
post_5737,3297,1684_circle2,3
post_5738,3297,1684_circle2,3
post_5739,3297,1684_circle2,3
post_5740,3298,1684_circle2,2
post_5741,3298,1684_circle2,2
post_5742,3299,1684_circle2,3
post_5743,3299,1684_circle2,3
post_5744,3300,1684_circle14,1
post_5745,3301,1684_circle14,2
post_5746,3302,1684_circle8,3
post_5747,3302,1684_circle8,3
post_5748,3302,1684_circle8,3
post_5749,3303,1684_circle14,2
post_5750,3304,1684_circle14,2
post_5751,3305,1684_circle8,1
post_5752,3306,1684_circle2,1
post_5753,3306,1684_circle2,1
post_5754,3307,1684_circle7,1
post_5755,3308,1684_circle13,1
post_5756,3309,1684_circle11,1
post_5757,3310,1684_circle15,1
post_5758,3311,1684_circle11,1
post_5759,3312,1684_circle7,1
post_5760,3313,1684_circle2,2
post_5761,3313,1684_circle2,2
post_5762,3314,1684_circle11,1
post_5763,3315,1684_circle14,1
post_5764,3316,1684_circle2,2
post_5765,3317,1684_circle14,1
post_5766,3318,1684_circle11,1
post_5767,3319,1684_circle8,2
post_5768,3319,1684_circle8,2
post_5769,3320,1684_circle2,5
post_5770,3320,1684_circle2,5
post_5771,3320,1684_circle2,5
post_5772,3321,1684_circle2,3
post_5773,3321,1684_circle2,3
post_5774,3321,1684_circle2,3
post_5775,3322,1684_circle15,1
post_5776,3323,1684_circle7,1
post_5777,3324,1684_circle14,4
post_5778,3324,1684_circle14,4
post_5779,3325,1684_circle11,1
post_5780,3326,1684_circle7,1
post_5781,3327,1684_circle5,2
post_5782,3328,1684_circle12,1
post_5783,3329,1684_circle8,1
post_5784,3330,1684_circle8,4
post_5785,3330,1684_circle8,4
post_5786,3330,1684_circle8,4
post_5787,3331,1684_circle8,2
post_5788,3332,1684_circle2,3
post_5789,3332,1684_circle2,3
post_5790,3333,1684_circle14,1
post_5791,3334,1684_circle0,1
post_5792,3335,1684_circle8,3
post_5793,3335,1684_circle8,3
post_5794,3335,1684_circle8,3
post_5795,3336,1684_circle15,1
post_5796,3337,1684_circle7,1
post_5797,3337,1684_circle7,1
post_5798,3338,1684_circle4,1
post_5799,3339,1684_circle14,3
post_5800,3339,1684_circle14,3
post_5801,3339,1684_circle14,3
post_5802,3340,1684_circle8,1
post_5803,3341,general,2
post_5804,3342,1684_circle8,3
post_5805,3342,1684_circle8,3
post_5806,3342,1684_circle8,3
post_5807,3343,1684_circle8,1
post_5808,3344,1684_circle2,4
post_5809,3344,1684_circle2,4
post_5810,3344,1684_circle2,4
post_5811,3345,1684_circle2,3
post_5812,3345,1684_circle2,3
post_5813,3345,1684_circle2,3
post_5814,3346,1684_circle0,2
post_5815,3347,1684_circle2,4
post_5816,3347,1684_circle2,4
post_5817,3348,1684_circle14,4
post_5818,3348,1684_circle14,4
post_5819,3349,1684_circle8,1
post_5820,3350,1684_circle2,4
post_5821,3350,1684_circle2,4
post_5822,3351,1684_circle2,4
post_5823,3351,1684_circle2,4
post_5824,3352,1684_circle2,1
post_5825,3353,1684_circle2,3
post_5826,3353,1684_circle2,3
post_5827,3354,1684_circle9,1
post_5828,3355,1684_circle2,3
post_5829,3355,1684_circle2,3
post_5830,3356,1684_circle0,1
post_5831,3357,1684_circle2,1
post_5832,3358,1684_circle7,1
post_5833,3359,1684_circle0,1
post_5834,3360,1684_circle2,3
post_5835,3360,1684_circle2,3
post_5836,3361,1684_circle8,1
post_5837,3362,1684_circle14,3
post_5838,3362,1684_circle14,3
post_5839,3363,1684_circle14,6
post_5840,3363,1684_circle14,6
post_5841,3363,1684_circle14,6
post_5842,3364,1684_circle14,2
post_5843,3364,1684_circle14,2
post_5844,3365,1684_circle7,2
post_5845,3366,1684_circle0,3
post_5846,3366,1684_circle0,3
post_5847,3366,1684_circle0,3
post_5848,3367,1684_circle2,1
post_5849,3368,1684_circle6,1
post_5850,3369,1684_circle7,2
post_5851,3370,1684_circle4,1
post_5852,3371,1684_circle0,1
post_5853,3372,1684_circle9,1
post_5854,3373,1684_circle8,1
post_5855,3374,1684_circle8,1
post_5856,3375,1684_circle8,1
post_5857,3376,1684_circle4,1
post_5858,3377,1684_circle2,2
post_5859,3378,1684_circle2,3
post_5860,3378,1684_circle2,3
post_5861,3379,1684_circle0,1
post_5862,3380,1684_circle7,1
post_5863,3381,1684_circle2,3
post_5864,3381,1684_circle2,3
post_5865,3381,1684_circle2,3
post_5866,3382,1684_circle11,1
post_5867,3383,1684_circle5,1
post_5868,3384,1684_circle14,2
post_5869,3385,1684_circle7,3
post_5870,3385,1684_circle7,3
post_5871,3386,1684_circle2,3
post_5872,3386,1684_circle2,3
post_5873,3387,1684_circle14,4
post_5874,3387,1684_circle14,4
post_5875,3388,1684_circle14,1
post_5876,3389,1684_circle5,1
post_5877,3390,1684_circle14,1
post_5878,3391,1684_circle2,3
post_5879,3391,1684_circle2,3
post_5880,3392,1684_circle14,1
post_5881,3393,1684_circle7,1
post_5882,3394,1684_circle14,2
post_5883,3394,1684_circle14,2
post_5884,3395,1684_circle7,2
post_5885,3395,1684_circle7,2
post_5886,3396,1684_circle2,4
post_5887,3396,1684_circle2,4
post_5888,3396,1684_circle2,4
post_5889,3397,1684_circle2,5
post_5890,3397,1684_circle2,5
post_5891,3397,1684_circle2,5
post_5892,3398,1684_circle13,1
post_5893,3399,1684_circle14,2
post_5894,3400,1684_circle14,2
post_5895,3401,1684_circle4,1
post_5896,3402,1684_circle4,1
post_5897,3403,1684_circle2,3
post_5898,3403,1684_circle2,3
post_5899,3403,1684_circle2,3
post_5900,3404,1684_circle7,1
post_5901,3405,1684_circle13,1
post_5902,3406,1684_circle2,3
post_5903,3406,1684_circle2,3
post_5904,3407,1684_circle8,1
post_5905,3408,1684_circle4,1
post_5906,3409,1684_circle7,1
post_5907,3410,1684_circle0,1
post_5908,3411,1684_circle2,3
post_5909,3411,1684_circle2,3
post_5910,3411,1684_circle2,3
post_5911,3412,1684_circle0,2
post_5912,3412,1684_circle0,2
post_5913,3413,1684_circle14,1
post_5914,3414,1684_circle14,1
post_5915,3415,1684_circle0,2
post_5916,3416,1684_circle2,3
post_5917,3416,1684_circle2,3
post_5918,3417,1684_circle14,4
post_5919,3417,1684_circle14,4
post_5920,3418,1684_circle7,1
post_5921,3419,1684_circle2,3
post_5922,3419,1684_circle2,3
post_5923,3419,1684_circle2,3
post_5924,3420,1684_circle0,1
post_5925,3421,1684_circle4,1
post_5926,3422,1684_circle2,2
post_5927,3423,1684_circle11,1
post_5928,3424,1684_circle5,1
post_5929,3425,1684_circle4,1
post_5930,3426,1684_circle14,5
post_5931,3426,1684_circle14,5
post_5932,3426,1684_circle14,5
post_5933,3427,1684_circle4,1
post_5934,3428,1684_circle14,1
post_5935,3429,1684_circle4,1
post_5936,3430,1684_circle14,1
post_5937,3431,1684_circle8,1
post_5938,3432,1684_circle8,1
post_5939,3433,1684_circle14,3
post_5940,3433,1684_circle14,3
post_5941,3434,1684_circle2,5
post_5942,3434,1684_circle2,5
post_5943,3434,1684_circle2,5
post_5944,3434,1684_circle2,5
post_5945,3435,1684_circle14,2
post_5946,3436,1684_circle14,1
post_5947,3437,general,1
post_5948,3438,general,1
post_5949,3438,general,1
post_5950,3439,general,1
post_5951,3440,general,2
post_5952,3441,general,1
post_5953,3442,general,2
post_5954,3443,general,1
post_5955,3443,general,1
post_5956,3444,general,1
post_5957,3445,general,1
post_5958,3446,general,1
post_5959,3447,general,1
post_5960,3448,general,2
post_5961,3449,general,2
post_5962,3450,general,1
post_5963,3451,general,1
post_5964,3452,general,1
post_5965,3453,general,1
post_5966,3454,3437_circle14,1
post_5967,3455,general,2
post_5968,3455,general,2
post_5969,3456,3437_circle19,3
post_5970,3456,3437_circle3,3
post_5971,3457,general,1
post_5972,3458,general,1
post_5973,3459,general,1
post_5974,3460,general,2
post_5975,3460,general,2
post_5976,3461,general,1
post_5977,3462,general,1
post_5978,3463,general,1
post_5979,3464,general,2
post_5980,3465,general,1
post_5981,3466,general,2
post_5982,3467,general,1
post_5983,3468,general,2
post_5984,3469,general,2
post_5985,3470,3437_circle15,1
post_5986,3471,general,1
post_5987,3472,general,1
post_5988,3473,general,1
post_5989,3474,general,1
post_5990,3475,general,2
post_5991,3475,general,2
post_5992,3476,3437_circle11,1
post_5993,3477,3437_circle17,1
post_5994,3478,general,1
post_5995,3479,general,1
post_5996,3480,general,1
post_5997,3481,general,1
post_5998,3482,3437_circle15,1
post_5999,3483,general,1
post_6000,3484,general,1
post_6001,3485,general,1
post_6002,3486,general,2
post_6003,3487,general,1
post_6004,3488,3437_circle0,2
post_6005,3488,3437_circle3,2
post_6006,3489,general,1
post_6007,3490,general,1
post_6008,3491,general,1
post_6009,3492,general,1
post_6010,3493,general,1
post_6011,3494,3437_circle12,1
post_6012,3495,general,3
post_6013,3495,general,3
post_6014,3496,general,1
post_6015,3497,general,1
post_6016,3498,general,1
post_6017,3499,general,1
post_6018,3500,general,1
post_6019,3501,general,2
post_6020,3502,general,1
post_6021,3503,general,1
post_6022,3504,general,1
post_6023,3505,general,1
post_6024,3506,3437_circle13,2
post_6025,3507,general,1
post_6026,3508,general,1
post_6027,3509,general,1
post_6028,3509,general,1
post_6029,3510,general,1
post_6030,3511,general,1
post_6031,3511,general,1
post_6032,3512,general,1
post_6033,3513,general,1
post_6034,3514,general,2
post_6035,3514,general,2
post_6036,3515,general,1
post_6037,3516,general,1
post_6038,3517,general,1
post_6039,3518,3437_circle0,2
post_6040,3519,general,1
post_6041,3520,general,1
post_6042,3521,3437_circle15,3
post_6043,3521,3437_circle3,3
post_6044,3522,general,1
post_6045,3523,general,1
post_6046,3524,general,1
post_6047,3525,general,2
post_6048,3526,general,2
post_6049,3526,general,2
post_6050,3527,general,1
post_6051,3527,general,1
post_6052,3528,general,2
post_6053,3529,general,2
post_6054,3530,general,1
post_6055,3531,general,1
post_6056,3532,general,1
post_6057,3533,general,1
post_6058,3534,3437_circle14,1
post_6059,3535,general,1
post_6060,3536,general,1
post_6061,3537,general,1
post_6062,3538,general,1
post_6063,3539,3437_circle14,1
post_6064,3540,general,2
post_6065,3541,general,1
post_6066,3542,general,2
post_6067,3543,general,1
post_6068,3544,3437_circle25,1
post_6069,3545,general,4
post_6070,3545,general,4
post_6071,3545,general,4
post_6072,3546,general,1
post_6073,3547,general,1
post_6074,3548,3437_circle25,1
post_6075,3549,general,1
post_6076,3550,general,1
post_6077,3551,3437_circle14,1
post_6078,3552,general,1
post_6079,3553,3437_circle15,2
post_6080,3554,3437_circle14,1
post_6081,3555,3437_circle14,1
post_6082,3556,general,1
post_6083,3557,general,2
post_6084,3558,3437_circle13,2
post_6085,3559,general,2
post_6086,3560,general,1
post_6087,3561,general,1
post_6088,3562,general,1
post_6089,3563,general,1
post_6090,3564,3437_circle14,1
post_6091,3565,general,1
post_6092,3566,3437_circle14,1
post_6093,3567,3437_circle16,1
post_6094,3568,3437_circle14,2
post_6095,3568,3437_circle14,2
post_6096,3569,general,2
post_6097,3570,general,1
post_6098,3571,general,1
post_6099,3572,general,1
post_6100,3573,general,1
post_6101,3573,general,1
post_6102,3574,3437_circle0,1
post_6103,3575,general,1
post_6104,3576,general,2
post_6105,3577,general,3
post_6106,3577,general,3
post_6107,3578,general,1
post_6108,3579,general,1
post_6109,3580,general,1
post_6110,3581,general,1
post_6111,3582,general,1
post_6112,3583,general,1
post_6113,3584,general,2
post_6114,3585,general,1
post_6115,3586,3437_circle19,2
post_6116,3587,general,1
post_6117,3588,general,1
post_6118,3589,general,1
post_6119,3590,general,2
post_6120,3590,general,2
post_6121,3591,general,1
post_6122,3592,3437_circle25,1
post_6123,3593,3437_circle13,2
post_6124,3593,3437_circle14,2
post_6125,3594,general,1
post_6126,3595,general,1
post_6127,3596,general,4
post_6128,3596,general,4
post_6129,3597,general,1
post_6130,3598,general,1
post_6131,3599,general,2
post_6132,3600,general,1
post_6133,3601,general,1
post_6134,3602,general,1
post_6135,3603,general,1
post_6136,3604,3437_circle0,4
post_6137,3604,3437_circle14,4
post_6138,3605,3437_circle0,2
post_6139,3606,general,1
post_6140,3607,general,1
post_6141,3608,general,1
post_6142,3609,general,2
post_6143,3610,general,1
post_6144,3611,general,3
post_6145,3611,general,3
post_6146,3612,3437_circle11,1
post_6147,3613,general,1
post_6148,3614,general,1
post_6149,3615,3437_circle15,1
post_6150,3616,general,1
post_6151,3617,3437_circle12,2
post_6152,3617,3437_circle14,2
post_6153,3618,general,1
post_6154,3619,general,1
post_6155,3620,general,1
post_6156,3621,general,1
post_6157,3622,general,1
post_6158,3623,3437_circle1,1
post_6159,3624,3437_circle2,1
post_6160,3625,general,2
post_6161,3626,general,1
post_6162,3627,general,1
post_6163,3628,general,1
post_6164,3628,general,1
post_6165,3629,general,2
post_6166,3630,general,1
post_6167,3631,general,1
post_6168,3632,general,1
post_6169,3633,3437_circle19,3
post_6170,3633,3437_circle26,3
post_6171,3634,general,1
post_6172,3635,general,2
post_6173,3636,general,1
post_6174,3637,general,1
post_6175,3638,general,1
post_6176,3639,general,1
post_6177,3640,3437_circle0,2
post_6178,3641,general,1
post_6179,3642,general,1
post_6180,3643,general,1
post_6181,3643,general,1
post_6182,3644,general,1
post_6183,3645,3437_circle14,1
post_6184,3646,general,1
post_6185,3647,general,1
post_6186,3648,general,1
post_6187,3649,general,1
post_6188,3650,general,1
post_6189,3651,3437_circle3,2
post_6190,3652,general,1
post_6191,3653,general,1
post_6192,3654,general,1
post_6193,3655,general,1
post_6194,3656,3437_circle3,1
post_6195,3656,3437_circle3,1
post_6196,3657,general,1
post_6197,3658,general,1
post_6198,3659,general,1
post_6199,3660,3437_circle25,1
post_6200,3661,general,1
post_6201,3662,general,1
post_6202,3663,general,1
post_6203,3664,general,1
post_6204,3665,general,1
post_6205,3666,general,1
post_6206,3667,general,1
post_6207,3668,general,1
post_6208,3669,general,1
post_6209,3670,general,1
post_6210,3670,general,1
post_6211,3671,general,1
post_6212,3672,general,2
post_6213,3673,general,1
post_6214,3674,3437_circle25,2
post_6215,3674,3437_circle3,2
post_6216,3675,3437_circle11,1
post_6217,3676,general,1
post_6218,3677,3437_circle14,2
post_6219,3678,general,1
post_6220,3679,general,1
post_6221,3680,3437_circle14,2
post_6222,3681,general,1
post_6223,3682,3437_circle2,1
post_6224,3683,general,1
post_6225,3684,general,3
post_6226,3684,general,3
post_6227,3685,general,1
post_6228,3686,general,1
post_6229,3687,general,2
post_6230,3688,general,1
post_6231,3689,3437_circle14,1
post_6232,3690,3437_circle12,2
post_6233,3690,3437_circle14,2
post_6234,3691,general,1
post_6235,3692,general,2
post_6236,3692,general,2
post_6237,3693,general,2
post_6238,3693,general,2
post_6239,3694,general,1
post_6240,3695,general,1
post_6241,3696,general,1
post_6242,3697,general,1
post_6243,3698,general,1
post_6244,3699,general,1
post_6245,3700,general,1
post_6246,3701,general,1
post_6247,3702,general,2
post_6248,3702,general,2
post_6249,3703,general,1
post_6250,3704,general,1
post_6251,3705,3437_circle14,2
post_6252,3706,general,1
post_6253,3707,general,1
post_6254,3707,general,1
post_6255,3708,general,1
post_6256,3709,general,1
post_6257,3710,general,2
post_6258,3711,general,2
post_6259,3712,general,1
post_6260,3713,general,2
post_6261,3714,general,2
post_6262,3715,general,1
post_6263,3716,general,1
post_6264,3717,general,1
post_6265,3718,3437_circle14,2
post_6266,3719,3437_circle14,1
post_6267,3719,3437_circle14,1
post_6268,3720,general,1
post_6269,3721,3437_circle14,2
post_6270,3722,general,2
post_6271,3723,general,1
post_6272,3724,general,1
post_6273,3725,general,1
post_6274,3726,general,1
post_6275,3727,general,1
post_6276,3728,general,2
post_6277,3729,general,1
post_6278,3730,general,2
post_6279,3731,general,2
post_6280,3732,general,1
post_6281,3733,general,1
post_6282,3734,general,2
post_6283,3734,general,2
post_6284,3735,general,1
post_6285,3736,general,1
post_6286,3737,general,2
post_6287,3738,general,2
post_6288,3739,general,1
post_6289,3740,general,2
post_6290,3740,general,2
post_6291,3741,general,1
post_6292,3742,general,1
post_6293,3743,general,1
post_6294,3744,general,1
post_6295,3745,general,1
post_6296,3746,general,1
post_6297,3747,general,1
post_6298,3747,general,1
post_6299,3748,general,1
post_6300,3749,general,1
post_6301,3750,general,2
post_6302,3750,general,2
post_6303,3751,general,1
post_6304,3752,general,1
post_6305,3753,3437_circle15,1
post_6306,3754,general,1
post_6307,3755,general,1
post_6308,3756,general,3
post_6309,3756,general,3
post_6310,3757,general,1
post_6311,3758,3437_circle13,2
post_6312,3759,3437_circle11,1
post_6313,3760,general,1
post_6314,3761,general,1
post_6315,3762,general,1
post_6316,3763,3437_circle10,1
post_6317,3764,general,2
post_6318,3765,general,1
post_6319,3766,3437_circle14,1
post_6320,3767,general,1
post_6321,3768,general,1
post_6322,3769,general,1
post_6323,3770,3437_circle14,1
post_6324,3771,3437_circle14,1
post_6325,3772,3437_circle31,1
post_6326,3773,general,1
post_6327,3774,general,1
post_6328,3775,3437_circle25,1
post_6329,3776,general,1
post_6330,3777,3437_circle14,1
post_6331,3778,general,1
post_6332,3779,3437_circle31,1
post_6333,3780,general,1
post_6334,3781,general,1
post_6335,3782,3437_circle1,2
post_6336,3782,3437_circle14,2
post_6337,3783,general,1
post_6338,3784,general,1
post_6339,3785,general,1
post_6340,3786,3437_circle1,1
post_6341,3787,general,1
post_6342,3788,general,1
post_6343,3789,general,1
post_6344,3790,general,2
post_6345,3791,3437_circle14,1
post_6346,3792,general,1
post_6347,3793,general,2
post_6348,3793,general,2
post_6349,3794,general,2
post_6350,3794,general,2
post_6351,3795,general,1
post_6352,3796,general,1
post_6353,3797,general,2
post_6354,3798,general,1
post_6355,3799,3437_circle11,1
post_6356,3800,general,2
post_6357,3801,general,1
post_6358,3802,general,1
post_6359,3803,3437_circle14,1
post_6360,3804,general,2
post_6361,3805,general,1
post_6362,3806,general,1
post_6363,3807,general,1
post_6364,3808,general,1
post_6365,3809,general,1
post_6366,3810,3437_circle13,2
post_6367,3810,3437_circle14,2
post_6368,3811,general,1
post_6369,3812,general,1
post_6370,3813,general,1
post_6371,3814,general,1
post_6372,3815,general,1
post_6373,3816,general,1
post_6374,3817,general,1
post_6375,3818,general,1
post_6376,3819,3437_circle14,1
post_6377,3820,general,1
post_6378,3821,general,2
post_6379,3821,general,2
post_6380,3822,general,2
post_6381,3823,3437_circle14,1
post_6382,3824,general,2
post_6383,3825,3437_circle14,2
post_6384,3826,general,2
post_6385,3826,general,2
post_6386,3827,general,1
post_6387,3828,general,2
post_6388,3829,general,2
post_6389,3829,general,2
post_6390,3830,3437_circle3,5
post_6391,3830,3437_circle4,5
post_6392,3830,3437_circle9,5
post_6393,3831,general,1
post_6394,3832,3437_circle0,1
post_6395,3833,general,2
post_6396,3834,3437_circle14,1
post_6397,3835,general,2
post_6398,3836,3437_circle11,1
post_6399,3837,3437_circle11,1
post_6400,3838,general,3
post_6401,3838,general,3
post_6402,3838,general,3
post_6403,3839,general,1
post_6404,3840,general,1
post_6405,3841,general,2
post_6406,3841,general,2
post_6407,3842,general,2
post_6408,3842,general,2
post_6409,3843,3437_circle14,1
post_6410,3844,3437_circle11,1
post_6411,3845,general,1
post_6412,3846,general,1
post_6413,3847,general,1
post_6414,3848,general,1
post_6415,3849,general,1
post_6416,3850,general,1
post_6417,3851,general,3
post_6418,3851,general,3
post_6419,3852,general,1
post_6420,3853,general,1
post_6421,3854,general,1
post_6422,3855,general,1
post_6423,3856,general,1
post_6424,3857,general,1
post_6425,3858,general,2
post_6426,3859,general,1
post_6427,3860,3437_circle0,2
post_6428,3860,3437_circle3,2
post_6429,3861,3437_circle14,1
post_6430,3862,general,1
post_6431,3863,general,1
post_6432,3864,general,1
post_6433,3865,general,1
post_6434,3866,general,1
post_6435,3867,general,2
post_6436,3868,general,1
post_6437,3869,general,2
post_6438,3869,general,2
post_6439,3870,general,2
post_6440,3871,general,1
post_6441,3872,general,1
post_6442,3873,general,2
post_6443,3874,general,1
post_6444,3875,general,1
post_6445,3876,general,1
post_6446,3877,general,3
post_6447,3877,general,3
post_6448,3878,general,1
post_6449,3879,general,1
post_6450,3880,3437_circle3,1
post_6451,3881,general,1
post_6452,3882,general,1
post_6453,3883,general,1
post_6454,3884,general,2
post_6455,3885,general,1
post_6456,3886,general,2
post_6457,3886,general,2
post_6458,3887,general,1
post_6459,3888,general,1
post_6460,3889,general,1
post_6461,3890,general,1
post_6462,3891,general,1
post_6463,3892,general,1
post_6464,3893,3437_circle11,1
post_6465,3894,3437_circle2,1
post_6466,3895,3437_circle14,1
post_6467,3896,general,1
post_6468,3897,general,1
post_6469,3898,general,1
post_6470,3899,general,1
post_6471,3900,general,2
post_6472,3901,general,1
post_6473,3902,general,2
post_6474,3902,general,2
post_6475,3903,general,1
post_6476,3904,general,1
post_6477,3905,general,1
post_6478,3906,general,2
post_6479,3907,3437_circle15,2
post_6480,3908,general,1
post_6481,3909,general,1
post_6482,3910,general,1
post_6483,3911,general,1
post_6484,3912,3437_circle16,1
post_6485,3913,general,1
post_6486,3914,general,1
post_6487,3915,general,1
post_6488,3916,general,1
post_6489,3917,general,1
post_6490,3918,general,2
post_6491,3918,general,2
post_6492,3919,general,1
post_6493,3920,general,1
post_6494,3921,general,2
post_6495,3921,general,2
post_6496,3922,general,1
post_6497,3923,general,1
post_6498,3924,general,2
post_6499,3925,general,1
post_6500,3926,general,2
post_6501,3927,general,1
post_6502,3928,general,1
post_6503,3929,general,1
post_6504,3930,general,2
post_6505,3931,general,1
post_6506,3932,general,1
post_6507,3933,general,1
post_6508,3934,general,1
post_6509,3935,general,1
post_6510,3936,general,1
post_6511,3937,general,1
post_6512,3938,3437_circle0,4
post_6513,3938,3437_circle19,4
post_6514,3939,3437_circle2,1
post_6515,3940,general,1
post_6516,3941,general,1
post_6517,3942,general,1
post_6518,3943,general,1
post_6519,3943,general,1
post_6520,3944,general,1
post_6521,3945,3437_circle14,2
post_6522,3946,general,1
post_6523,3947,3437_circle1,2
post_6524,3948,3437_circle24,3
post_6525,3948,3437_circle3,3
post_6526,3949,3437_circle2,1
post_6527,3950,general,1
post_6528,3951,general,2
post_6529,3951,general,2
post_6530,3952,general,1
post_6531,3953,general,1
post_6532,3954,general,1
post_6533,3955,general,1
post_6534,3956,general,1
post_6535,3956,general,1
post_6536,3957,general,1
post_6537,3958,general,1
post_6538,3959,general,1
post_6539,3960,general,1
post_6540,3961,general,1
post_6541,3962,3437_circle19,2
post_6542,3963,3437_circle2,1
post_6543,3964,general,1
post_6544,3965,general,1
post_6545,3966,general,2
post_6546,3967,general,1
post_6547,3968,general,2
post_6548,3969,general,1
post_6549,3969,general,1
post_6550,3970,general,1
post_6551,3971,general,2
post_6552,3971,general,2
post_6553,3972,general,1
post_6554,3973,general,1
post_6555,3974,general,1
post_6556,3975,general,1
post_6557,3976,general,1
post_6558,3977,general,1
post_6559,3978,general,1
post_6560,3979,3437_circle25,1
post_6561,3980,general,1
post_6562,3981,3980_circle6,1
post_6563,3982,3980_circle15,1
post_6564,3983,3980_circle9,1
post_6565,3984,3980_circle7,1
post_6566,3985,3980_circle16,1
post_6567,3986,3980_circle9,1
post_6568,3987,3980_circle3,1
post_6569,3988,3980_circle8,1
post_6570,3989,3980_circle0,1
post_6571,3990,3980_circle10,1
post_6572,3991,3980_circle6,1
post_6573,3992,3980_circle9,1
post_6574,3993,3980_circle16,1
post_6575,3994,3980_circle6,1
post_6576,3995,3980_circle16,1
post_6577,3996,3980_circle6,1
post_6578,3997,3980_circle6,1
post_6579,3998,3980_circle6,1
post_6580,3999,3980_circle6,1
post_6581,4000,3980_circle9,1
post_6582,4001,3980_circle11,1
post_6583,4002,3980_circle6,1
post_6584,4003,3980_circle16,1
post_6585,4004,3980_circle16,1
post_6586,4005,3980_circle6,1
post_6587,4006,3980_circle4,1
post_6588,4007,3980_circle10,1
post_6589,4008,3980_circle6,1
post_6590,4009,3980_circle0,1
post_6591,4010,3980_circle1,1
post_6592,4011,3980_circle6,1
post_6593,4012,3980_circle12,1
post_6594,4013,3980_circle2,1
post_6595,4014,3980_circle14,1
post_6596,4015,3980_circle3,1
post_6597,4016,3980_circle10,1
post_6598,4017,3980_circle9,1
post_6599,4018,3980_circle6,1
post_6600,4019,3980_circle6,1
post_6601,4020,3980_circle6,1
post_6602,4021,3980_circle8,1
post_6603,4022,general,1
post_6604,4023,3980_circle6,1
post_6605,4024,3980_circle3,1
post_6606,4025,3980_circle10,1
post_6607,4026,3980_circle8,1
post_6608,4027,3980_circle6,1
post_6609,4028,3980_circle6,1
post_6610,4029,3980_circle11,1
post_6611,4030,3980_circle8,1
post_6612,4031,3980_circle6,1
post_6613,4032,3980_circle6,1
post_6614,4033,3980_circle9,1
post_6615,4034,3980_circle6,1
post_6616,4035,3980_circle5,1
post_6617,4036,3980_circle6,1
post_6618,4037,3980_circle1,1
post_6619,4038,3980_circle13,1
